Player,Foot,Height,Weight,Nationality,Club,Wage,Expiration,PSxG-GA,GoalsAgainst,SavePercentage,PSxG/SoT,Save%(PenaltyKicks),CleanSheetPercentage,Touches,Launch%,GoalKicks,Avg.LengthofGoalKicks,CrossesStopped%,Def.ActionsOutsidePen.Area,Avg.DistanceofDef.Actions,Role,Birth,Value,League,Age,FIFA_Position,Overall,Pace,Shooting,Passing,Dribbling,Defending,Physicality,Acceleration,Sprint,Positioning,Finishing,Shot,Long,Volleys,Penalties,Vision,Crossing,Free,Curve,Agility,Balance,Reactions,Ball,Composure,Interceptions,Heading,Def,Standing,Sliding,Jumping,Stamina,Strength,Aggression,Att work rate,Def work rate,Preferred foot,Weak foot,Skill moves
David Raya,Right,186.0,81.0,Spain,Arsenal,5.17,2024,-0.02,0.72,73.1,0.25,33.3,48.8,34.96,35.3,3.63,45.8,12.3,1.53,17.6,Goalkeeper,1995-09-15,35.0,English Premier League,28,GK,80.0,80.0,78.0,82.0,19.0,57.0,80.0,64.0,46.0,15.0,19.0,58.0,63.0,20.0,26.0,67.0,12.0,15.0,18.0,68.0,45.0,73.0,40.0,65.0,11.0,20.0,28.0,14.0,13.0,61.0,31.0,38.0,29.0,Medium,Medium,Right,3.0,1.0
Aaron Ramsdale,Right,195.0,79.0,England,Arsenal,7.3,2026,-0.23,1.15,66.7,0.27,0.0,30.8,34.54,34.4,3.85,48.3,14.2,0.92,12.7,Goalkeeper,1998-05-14,25.0,English Premier League,25,GK,84.0,84.0,79.0,87.0,18.0,48.0,81.0,47.0,50.0,18.0,14.0,56.0,57.0,16.0,25.0,65.0,15.0,16.0,17.0,53.0,49.0,83.0,36.0,65.0,24.0,15.0,20.0,16.0,15.0,65.0,35.0,59.0,35.0,Medium,Medium,Right,3.0,1.0
Alisson,Right,193.0,91.0,Brazil,Liverpool,9.13,2027,0.05,0.84,76.0,0.25,0.0,38.7,46.16,16.1,4.42,35.9,4.8,1.94,18.7,Goalkeeper,1992-10-02,32.0,English Premier League,31,GK,89.0,86.0,85.0,85.0,27.0,56.0,90.0,60.0,49.0,13.0,13.0,60.0,58.0,20.0,23.0,66.0,17.0,18.0,19.0,40.0,37.0,87.0,42.0,66.0,11.0,29.0,15.0,19.0,16.0,82.0,32.0,78.0,27.0,Medium,Medium,Right,3.0,1.0
Caoimhín Kelleher,Right,188.0,81.0,Ireland,Liverpool,0.61,2026,-0.01,1.42,66.7,0.31,0.0,15.8,46.0,21.7,3.16,31.6,8.0,1.26,15.3,Goalkeeper,1998-11-23,18.0,English Premier League,25,GK,73.0,72.0,71.0,74.0,18.0,43.0,70.0,45.0,39.0,4.0,6.0,38.0,40.0,9.0,30.0,42.0,13.0,11.0,12.0,44.0,48.0,69.0,22.0,63.0,12.0,13.0,18.0,10.0,14.0,62.0,19.0,60.0,21.0,Medium,Medium,Right,3.0,1.0
Ederson,Left,188.0,88.0,Brazil,Manchester City,6.08,2026,0.0,0.89,69.1,0.31,0.0,29.3,39.17,18.7,3.6,36.8,8.1,1.13,16.5,Goalkeeper,1993-08-17,40.0,English Premier League,30,GK,88.0,86.0,82.0,91.0,23.0,64.0,86.0,64.0,63.0,20.0,14.0,61.0,65.0,18.0,51.0,70.0,20.0,20.0,15.0,60.0,48.0,87.0,40.0,70.0,27.0,14.0,29.0,15.0,8.0,79.0,44.0,78.0,38.0,Medium,Medium,Left,3.0,1.0
Stefan Ortega,Right,186.0,87.0,Germany,Manchester City,3.35,2025,0.21,1.24,72.0,0.31,0.0,30.0,50.84,18.9,3.54,35.8,6.3,2.12,18.5,Goalkeeper,1992-11-06,9.0,English Premier League,31,GK,79.0,76.0,73.0,86.0,20.0,52.0,79.0,51.0,53.0,10.0,15.0,40.0,55.0,13.0,24.0,66.0,18.0,12.0,16.0,42.0,54.0,78.0,38.0,56.0,27.0,20.0,29.0,12.0,15.0,73.0,33.0,73.0,29.0,Medium,Medium,Right,4.0,1.0
Guglielmo Vicario,Right,194.0,87.0,Italy,Tottenham Hotspur,4.56,2028,0.1,1.46,71.0,0.31,0.0,15.8,44.32,20.0,5.55,25.8,6.1,1.82,16.2,Goalkeeper,1996-10-07,35.0,English Premier League,27,GK,82.0,83.0,81.0,79.0,12.0,34.0,83.0,34.0,35.0,8.0,6.0,27.0,27.0,7.0,13.0,69.0,11.0,10.0,14.0,40.0,33.0,64.0,14.0,55.0,15.0,11.0,23.0,11.0,13.0,57.0,18.0,53.0,17.0,Medium,Medium,Right,1.0,1.0
Martin Dúbravka,Right,190.0,83.0,Slovakia,Newcastle United,2.43,2025,0.14,1.94,69.4,0.32,20.0,26.3,32.8,17.8,7.61,38.9,6.8,0.73,11.4,Goalkeeper,1989-01-15,1.0,English Premier League,35,GK,78.0,78.0,76.0,79.0,19.0,46.0,76.0,48.0,44.0,12.0,10.0,48.0,59.0,11.0,20.0,58.0,12.0,13.0,15.0,47.0,60.0,72.0,33.0,59.0,25.0,12.0,19.0,15.0,14.0,64.0,38.0,60.0,28.0,Medium,Medium,Right,2.0,1.0
André Onana,Right,185.0,82.0,Cameroon,Manchester United,7.3,2028,0.04,1.56,73.0,0.27,11.1,26.7,43.16,31.8,4.49,42.4,5.8,0.73,12.3,Goalkeeper,1996-04-02,40.0,English Premier League,28,GK,85.0,83.0,80.0,88.0,26.0,61.0,84.0,62.0,60.0,11.0,12.0,43.0,53.0,13.0,27.0,64.0,15.0,17.0,30.0,66.0,53.0,84.0,38.0,64.0,15.0,20.0,12.0,18.0,14.0,80.0,38.0,79.0,32.0,Medium,Medium,Right,3.0,1.0
Dean Henderson,Right,188.0,73.0,England,Crystal Palace,6.08,2028,-0.23,2.15,61.4,0.33,0.0,7.7,30.62,45.4,6.38,51.0,1.6,1.31,15.0,Goalkeeper,1997-03-12,12.0,English Premier League,27,GK,79.0,80.0,78.0,77.0,13.0,55.0,75.0,55.0,56.0,8.0,9.0,45.0,48.0,5.0,16.0,55.0,14.0,10.0,13.0,61.0,56.0,76.0,35.0,60.0,11.0,13.0,15.0,14.0,14.0,68.0,32.0,64.0,35.0,Medium,Medium,Right,3.0,1.0
Alphonse Areola,Right,192.0,87.0,France,West Ham United,7.3,2027,0.12,1.63,75.3,0.25,33.3,16.0,32.38,43.5,7.6,45.5,5.5,0.3,9.7,Goalkeeper,1993-02-27,10.0,English Premier League,31,GK,78.0,81.0,77.0,74.0,15.0,55.0,76.0,56.0,54.0,17.0,19.0,48.0,55.0,16.0,25.0,59.0,20.0,16.0,16.0,58.0,58.0,71.0,22.0,64.0,23.0,14.0,13.0,18.0,12.0,75.0,38.0,79.0,26.0,Medium,Medium,Right,3.0,1.0
Bart Verbruggen,Right,193.0,82.0,Netherlands,Brighton & Hove Albion,2.13,2028,0.0,1.1,76.3,0.24,0.0,30.0,43.25,16.5,3.75,17.7,8.3,0.85,13.6,Goalkeeper,2002-08-18,15.0,English Premier League,21,GK,75.0,77.0,71.0,73.0,15.0,56.0,68.0,57.0,55.0,4.0,8.0,35.0,30.0,6.0,21.0,38.0,10.0,15.0,11.0,52.0,45.0,75.0,18.0,30.0,19.0,15.0,12.0,17.0,14.0,72.0,26.0,72.0,17.0,Medium,Medium,Right,3.0,1.0
Jason Steele,Right,190.0,78.0,England,Brighton & Hove Albion,1.22,2026,-0.16,1.83,58.8,0.34,20.0,24.1,40.62,17.0,3.59,17.5,4.0,2.1,19.1,Goalkeeper,1990-08-18,3.5,English Premier League,33,GK,71.0,70.0,69.0,75.0,12.0,39.0,72.0,41.0,36.0,8.0,15.0,53.0,45.0,12.0,24.0,40.0,11.0,15.0,19.0,36.0,44.0,65.0,36.0,70.0,11.0,28.0,10.0,18.0,14.0,62.0,29.0,55.0,39.0,Medium,Medium,Right,3.0,1.0
José Sá,Right,192.0,86.0,Portugal,Wolverhampton Wanderers,2.43,2027,0.09,1.78,69.0,0.32,0.0,18.2,33.96,32.8,7.32,43.1,8.8,0.77,12.4,Goalkeeper,1993-01-17,16.0,English Premier League,31,GK,79.0,80.0,75.0,70.0,17.0,52.0,78.0,52.0,53.0,17.0,15.0,48.0,42.0,17.0,11.0,50.0,18.0,21.0,12.0,62.0,40.0,77.0,19.0,45.0,18.0,14.0,14.0,19.0,15.0,72.0,34.0,75.0,35.0,Medium,Medium,Right,2.0,1.0
Daniel Bentley,Right,188.0,77.0,England,Wolverhampton Wanderers,0.61,2025,0.19,1.33,72.0,0.32,0.0,25.0,36.34,36.4,9.32,33.7,6.3,0.57,9.9,Goalkeeper,1993-07-13,2.0,English Premier League,30,GK,73.0,74.0,67.0,69.0,17.0,46.0,73.0,48.0,43.0,12.0,11.0,43.0,26.0,13.0,22.0,50.0,18.0,12.0,12.0,51.0,41.0,72.0,30.0,55.0,22.0,11.0,30.0,11.0,13.0,65.0,31.0,67.0,24.0,Medium,Medium,Right,3.0,1.0
Bernd Leno,Right,190.0,78.0,Germany,Fulham,7.91,2027,0.0,1.59,72.9,0.25,10.0,24.4,43.05,23.0,5.15,42.9,4.9,1.17,14.8,Goalkeeper,1992-03-04,13.0,English Premier League,32,GK,81.0,82.0,79.0,73.0,16.0,54.0,82.0,55.0,52.0,7.0,9.0,50.0,48.0,10.0,23.0,58.0,9.0,8.0,9.0,52.0,44.0,75.0,35.0,63.0,25.0,13.0,27.0,15.0,18.0,71.0,44.0,70.0,28.0,Medium,Medium,Right,3.0,1.0
Mark Travers,Right,191.0,82.0,Ireland,Bournemouth,1.22,2027,-0.06,1.38,73.4,0.26,0.0,15.4,40.92,45.0,8.77,56.1,7.5,0.92,14.1,Goalkeeper,1999-05-18,3.5,English Premier League,24,GK,73.0,73.0,69.0,70.0,13.0,40.0,73.0,41.0,38.0,11.0,14.0,50.0,44.0,13.0,18.0,47.0,16.0,14.0,14.0,39.0,47.0,69.0,19.0,47.0,13.0,15.0,14.0,15.0,14.0,61.0,30.0,60.0,23.0,Medium,Medium,Right,2.0,1.0
Mark Flekken,Right,194.0,86.0,Netherlands,Brentford,1.83,2027,-0.14,1.71,65.9,0.31,0.0,21.6,45.68,38.5,8.08,48.2,7.5,0.96,12.7,Goalkeeper,1993-06-13,12.0,English Premier League,30,GK,82.0,81.0,74.0,83.0,12.0,31.0,81.0,28.0,36.0,14.0,16.0,39.0,42.0,14.0,23.0,43.0,14.0,12.0,19.0,34.0,38.0,82.0,34.0,39.0,12.0,11.0,15.0,13.0,20.0,63.0,28.0,72.0,32.0,Medium,Medium,Right,4.0,1.0
Jordan Pickford,Left,185.0,77.0,England,Everton,7.6,2027,0.03,1.51,70.0,0.29,11.1,28.2,42.69,58.7,7.0,47.7,4.8,1.54,17.6,Goalkeeper,1994-03-07,22.0,English Premier League,30,GK,82.0,83.0,77.0,87.0,14.0,51.0,80.0,56.0,44.0,18.0,19.0,58.0,60.0,20.0,45.0,69.0,17.0,16.0,18.0,57.0,55.0,77.0,40.0,65.0,24.0,15.0,21.0,20.0,12.0,72.0,42.0,70.0,45.0,Medium,Medium,Left,4.0,1.0
Matt Turner,Right,191.0,78.0,United States,Nottingham Forest,2.43,2027,-0.35,1.65,67.5,0.26,0.0,11.8,36.24,42.7,8.0,47.0,10.1,1.06,13.3,Goalkeeper,1994-06-24,9.0,English Premier League,29,GK,77.0,76.0,75.0,67.0,16.0,40.0,79.0,38.0,42.0,15.0,15.0,24.0,29.0,16.0,14.0,55.0,13.0,14.0,13.0,48.0,42.0,74.0,24.0,59.0,27.0,14.0,11.0,11.0,11.0,62.0,35.0,64.0,25.0,Medium,Medium,Right,2.0,1.0
Matz Sels,Right,188.0,74.0,Belgium,Nottingham Forest,2.13,2027,-0.24,1.35,61.1,0.29,0.0,16.2,30.0,40.6,5.81,37.0,3.6,0.73,12.2,Goalkeeper,1992-02-26,7.0,English Premier League,32,GK,79.0,77.0,78.0,74.0,19.0,36.0,80.0,37.0,35.0,18.0,16.0,38.0,32.0,19.0,22.0,49.0,16.0,17.0,17.0,36.0,34.0,78.0,33.0,62.0,17.0,14.0,14.0,15.0,14.0,64.0,26.0,67.0,29.0,Medium,Medium,Right,2.0,1.0
Thomas Kaminski,Right,190.0,82.0,Belgium,Luton Town,1.52,2024,-0.02,2.21,63.8,0.35,0.0,5.9,42.26,53.5,9.38,48.0,3.0,1.82,19.4,Goalkeeper,1992-10-23,2.8,English Premier League,31,GK,73.0,72.0,75.0,69.0,11.0,46.0,67.0,47.0,45.0,18.0,14.0,40.0,46.0,17.0,24.0,53.0,18.0,17.0,11.0,59.0,42.0,69.0,16.0,47.0,17.0,10.0,17.0,11.0,17.0,63.0,31.0,62.0,29.0,Medium,Medium,Right,3.0,1.0
James Trafford,Right,197.0,83.0,England,Burnley,1.52,2027,-0.21,2.21,65.7,0.3,0.0,7.1,58.25,33.9,7.07,54.2,7.2,1.54,15.0,Goalkeeper,2002-10-10,18.0,English Premier League,21,GK,71.0,70.0,69.0,69.0,10.0,27.0,70.0,33.0,17.0,7.0,8.0,53.0,47.0,9.0,16.0,48.0,12.0,12.0,14.0,27.0,27.0,64.0,12.0,26.0,7.0,10.0,5.0,13.0,13.0,55.0,17.0,58.0,28.0,Medium,Medium,Right,2.0,1.0
Arijanet Muric,Right,198.0,79.0,Kosovo,Burnley,1.52,2026,0.77,1.17,85.7,0.23,0.0,0.0,65.17,37.3,3.17,49.3,16.5,3.5,17.4,Goalkeeper,1998-11-07,7.0,English Premier League,25,GK,75.0,76.0,73.0,79.0,20.0,45.0,74.0,44.0,46.0,11.0,12.0,55.0,58.0,16.0,18.0,60.0,13.0,11.0,24.0,38.0,40.0,60.0,35.0,66.0,18.0,10.0,15.0,17.0,18.0,66.0,29.0,71.0,24.0,Medium,Medium,Right,2.0,1.0
Wes Foderingham,Right,185.0,74.0,England,Sheffield United,0.76,2024,-0.06,2.58,63.6,0.34,0.0,4.2,38.72,55.1,8.76,53.2,4.2,1.39,15.4,Goalkeeper,1991-01-14,0.9,English Premier League,33,GK,75.0,75.0,71.0,73.0,12.0,44.0,74.0,46.0,40.0,12.0,13.0,49.0,46.0,13.0,14.0,60.0,21.0,14.0,20.0,62.0,42.0,70.0,28.0,53.0,19.0,20.0,12.0,20.0,11.0,70.0,34.0,71.0,30.0,Medium,Medium,Left,3.0,1.0
Ørjan Nyland,Right,192.0,78.0,Norway,Sevilla,0.6,2025,0.15,1.14,75.9,0.26,0.0,23.8,36.33,49.7,8.24,54.3,4.3,0.67,13.9,Goalkeeper,1990-09-10,1.5,Spanish La Liga,33,GK,69.0,69.0,68.0,68.0,21.0,47.0,68.0,47.0,48.0,13.0,11.0,29.0,35.0,14.0,25.0,33.0,12.0,14.0,13.0,45.0,53.0,64.0,23.0,39.0,21.0,13.0,17.0,11.0,12.0,65.0,33.0,70.0,26.0,Medium,Medium,Right,4.0,1.0
Antonio Sivera,Right,184.0,81.0,Spain,Alavés,0.88,2027,0.08,1.19,75.4,0.25,0.0,25.0,35.31,61.1,8.59,46.8,4.9,0.84,13.3,Goalkeeper,1996-08-11,5.0,Spanish La Liga,27,CDM,73.0,53.0,57.0,68.0,65.0,69.0,61.0,56.0,51.0,67.0,56.0,76.0,75.0,37.0,60.0,75.0,46.0,65.0,56.0,61.0,56.0,71.0,71.0,73.0,72.0,49.0,69.0,74.0,71.0,53.0,69.0,54.0,72.0,High,Medium,Right,3.0,3.0
Stole Dimitrievski,Right,188.0,86.0,North Macedonia,Rayo Vallecano,0.66,2024,-0.01,1.38,67.1,0.31,50.0,30.8,33.86,46.8,7.29,48.8,4.2,1.08,15.1,Goalkeeper,1993-12-25,4.0,Spanish La Liga,30,GK,79.0,77.0,81.0,74.0,18.0,36.0,77.0,35.0,38.0,15.0,20.0,23.0,27.0,15.0,21.0,51.0,11.0,17.0,17.0,44.0,43.0,76.0,19.0,53.0,21.0,14.0,19.0,19.0,17.0,66.0,40.0,72.0,17.0,Medium,Medium,Right,2.0,1.0
Vicente Guaita,Right,191.0,79.0,Spain,Celta Vigo,2.4,2025,0.16,1.41,71.4,0.32,0.0,27.3,32.51,40.6,7.67,46.6,5.7,1.15,14.1,Goalkeeper,1987-01-10,0.9,Spanish La Liga,37,GK,78.0,78.0,77.0,78.0,16.0,48.0,77.0,46.0,52.0,13.0,11.0,44.0,36.0,13.0,29.0,54.0,34.0,20.0,32.0,63.0,48.0,74.0,24.0,62.0,27.0,20.0,23.0,15.0,17.0,67.0,41.0,64.0,24.0,Medium,Medium,Right,3.0,1.0
Iván Villar,Right,183.0,78.0,Spain,Celta Vigo,1.04,2027,-0.1,1.51,64.1,0.32,25.0,5.9,33.47,36.4,8.63,46.0,4.1,0.87,13.9,Goalkeeper,1997-07-09,1.5,Spanish La Liga,26,GK,73.0,72.0,71.0,70.0,21.0,32.0,73.0,32.0,33.0,12.0,12.0,23.0,22.0,12.0,23.0,46.0,13.0,15.0,20.0,38.0,37.0,72.0,17.0,46.0,18.0,16.0,10.0,15.0,15.0,54.0,30.0,52.0,18.0,Medium,Medium,Right,2.0,1.0
Augusto Batalla,Right,185.0,79.0,Argentina,Granada,0.78,2024,-0.25,1.5,70.8,0.25,0.0,14.3,45.21,45.7,7.43,56.3,7.0,0.79,14.0,Goalkeeper,1996-04-30,6.0,Spanish La Liga,28,GK,76.0,76.0,73.0,74.0,13.0,43.0,74.0,43.0,42.0,17.0,14.0,25.0,22.0,13.0,23.0,28.0,17.0,17.0,13.0,37.0,43.0,73.0,18.0,34.0,23.0,16.0,18.0,18.0,17.0,66.0,31.0,68.0,26.0,Medium,Medium,Right,3.0,1.0
Marc Martínez,Right,185.0,73.0,Spain,Granada,0.14,2025,-0.08,1.5,69.6,0.28,0.0,13.6,34.68,37.3,7.32,45.8,5.3,0.82,13.3,Goalkeeper,1990-04-04,0.4,Spanish La Liga,34,GK,69.0,69.0,68.0,65.0,20.0,49.0,66.0,46.0,53.0,13.0,19.0,32.0,36.0,17.0,38.0,45.0,13.0,11.0,15.0,58.0,52.0,58.0,27.0,17.0,14.0,12.0,27.0,20.0,17.0,52.0,25.0,45.0,15.0,Medium,Medium,Right,2.0,1.0
Luís Maximiano,Right,190.0,83.0,Portugal,Almería,2.08,2024,-0.07,1.9,65.1,0.33,20.0,17.2,41.17,38.6,8.34,45.6,5.1,1.21,14.9,Goalkeeper,1999-01-05,5.0,Spanish La Liga,25,GK,77.0,78.0,76.0,68.0,16.0,55.0,72.0,55.0,55.0,6.0,5.0,44.0,38.0,8.0,13.0,55.0,10.0,9.0,9.0,58.0,33.0,78.0,21.0,56.0,9.0,8.0,21.0,15.0,13.0,68.0,23.0,68.0,12.0,Medium,Medium,Right,2.0,1.0
Andriy Lunin,Right,191.0,79.0,Ukraine,Real Madrid,2.81,2025,0.16,0.89,76.5,0.27,50.0,44.4,33.66,17.7,5.85,31.2,10.1,1.0,11.5,Goalkeeper,1999-02-11,16.0,Spanish La Liga,25,GK,74.0,73.0,70.0,72.0,11.0,37.0,73.0,39.0,35.0,11.0,8.0,25.0,26.0,12.0,19.0,60.0,15.0,15.0,14.0,36.0,25.0,73.0,15.0,56.0,19.0,12.0,22.0,13.0,11.0,60.0,32.0,61.0,22.0,Medium,Medium,Right,3.0,1.0
Kepa Arrizabalaga,Right,189.0,87.0,Spain,Real Madrid,9.0,2024,0.05,1.18,69.2,0.31,0.0,31.8,35.73,16.8,5.05,26.1,4.1,0.77,13.8,Goalkeeper,1994-10-03,12.0,Spanish La Liga,29,GK,81.0,80.0,78.0,85.0,15.0,34.0,78.0,34.0,33.0,15.0,11.0,60.0,60.0,18.0,24.0,61.0,25.0,19.0,25.0,41.0,39.0,71.0,34.0,63.0,21.0,18.0,19.0,18.0,16.0,58.0,37.0,51.0,18.0,Medium,Medium,Right,4.0,1.0
Marc-André ter Stegen,Right,189.0,84.0,Germany,Barcelona,6.3,2028,0.03,1.05,74.3,0.27,0.0,47.2,38.56,17.9,4.92,31.9,4.8,1.32,17.6,Goalkeeper,1992-04-30,30.0,Spanish La Liga,32,GK,89.0,86.0,85.0,89.0,21.0,47.0,86.0,45.0,50.0,11.0,14.0,61.0,63.0,14.0,25.0,70.0,18.0,12.0,18.0,39.0,43.0,85.0,30.0,70.0,22.0,11.0,25.0,13.0,10.0,72.0,35.0,78.0,43.0,Medium,Medium,Right,4.0,1.0
Iñaki Peña,Right,184.0,78.0,Spain,Barcelona,3.25,2026,-0.3,1.8,56.6,0.36,0.0,16.7,32.71,14.8,5.0,34.5,1.4,0.62,11.3,Goalkeeper,1999-03-02,8.0,Spanish La Liga,25,GK,73.0,72.0,68.0,77.0,12.0,35.0,72.0,33.0,38.0,5.0,6.0,33.0,57.0,5.0,17.0,39.0,10.0,12.0,12.0,49.0,51.0,73.0,21.0,38.0,6.0,11.0,9.0,10.0,11.0,54.0,27.0,54.0,17.0,Medium,Medium,Right,3.0,1.0
Paulo Gazzaniga,Right,196.0,87.0,Argentina,Girona,1.24,2027,0.1,1.3,73.7,0.3,0.0,27.5,39.18,25.3,6.85,45.4,6.7,0.8,13.0,Goalkeeper,1992-01-02,4.0,Spanish La Liga,32,GK,78.0,77.0,79.0,78.0,20.0,57.0,77.0,57.0,56.0,15.0,12.0,49.0,54.0,13.0,40.0,64.0,23.0,21.0,31.0,65.0,60.0,78.0,31.0,61.0,19.0,14.0,23.0,21.0,14.0,65.0,42.0,55.0,40.0,Medium,Medium,Right,3.0,1.0
Jan Oblak,Right,186.0,87.0,Slovenia,Atlético Madrid,20.83,2028,-0.06,1.21,71.4,0.27,0.0,26.2,28.84,28.4,7.45,38.4,6.2,0.57,12.0,Goalkeeper,1993-01-07,30.0,Spanish La Liga,31,GK,88.0,85.0,90.0,78.0,12.0,46.0,86.0,42.0,53.0,11.0,11.0,43.0,40.0,13.0,11.0,67.0,13.0,14.0,13.0,64.0,48.0,85.0,30.0,68.0,24.0,15.0,27.0,14.0,18.0,72.0,42.0,78.0,36.0,Medium,Medium,Right,3.0,1.0
Unai Simón,Right,190.0,84.0,Spain,Athletic Club,4.28,2025,0.15,1.03,71.8,0.29,40.0,40.5,35.59,46.1,6.43,59.7,7.6,1.32,16.4,Goalkeeper,1997-06-11,25.0,Spanish La Liga,26,GK,83.0,84.0,79.0,77.0,12.0,49.0,84.0,48.0,50.0,14.0,14.0,38.0,34.0,17.0,24.0,48.0,16.0,14.0,20.0,37.0,47.0,77.0,16.0,46.0,26.0,18.0,11.0,18.0,12.0,73.0,44.0,76.0,29.0,Medium,Medium,Right,3.0,1.0
Álex Remiro,Right,192.0,79.0,Spain,Real Sociedad,2.8,2027,0.09,0.93,75.2,0.28,0.0,43.5,35.76,36.2,4.55,53.7,4.9,1.36,16.6,Goalkeeper,1995-03-24,25.0,Spanish La Liga,29,GK,84.0,84.0,78.0,80.0,19.0,42.0,86.0,40.0,46.0,11.0,13.0,36.0,29.0,15.0,24.0,35.0,12.0,17.0,14.0,69.0,40.0,79.0,26.0,55.0,20.0,13.0,14.0,17.0,18.0,68.0,42.0,73.0,34.0,Medium,Medium,Right,4.0,1.0
Rui Silva,Left,189.0,84.0,Portugal,Real Betis,0.9,2026,0.11,1.33,73.7,0.27,12.5,35.7,37.47,36.3,6.98,42.0,8.2,1.37,15.4,Goalkeeper,1994-02-07,15.0,Spanish La Liga,30,GK,81.0,82.0,76.0,77.0,18.0,31.0,81.0,31.0,30.0,20.0,20.0,29.0,30.0,20.0,30.0,55.0,13.0,20.0,19.0,34.0,24.0,73.0,24.0,49.0,27.0,14.0,25.0,10.0,19.0,62.0,27.0,66.0,19.0,Medium,Medium,Right,3.0,1.0
Claudio Bravo,Right,184.0,77.0,Chile,Real Betis,1.2,2024,0.3,0.73,78.4,0.3,0.0,26.7,35.33,41.1,8.27,47.6,4.1,0.8,12.2,Goalkeeper,1983-04-13,0.9,Spanish La Liga,41,GK,80.0,78.0,80.0,83.0,22.0,56.0,79.0,58.0,54.0,16.0,13.0,59.0,61.0,11.0,23.0,70.0,12.0,38.0,25.0,63.0,62.0,73.0,32.0,64.0,23.0,18.0,15.0,18.0,19.0,72.0,39.0,67.0,40.0,Medium,Medium,Right,3.0,1.0
Claudio Bravo,Right,184.0,77.0,Chile,Real Betis,1.2,2024,0.3,0.73,78.4,0.3,0.0,26.7,35.33,41.1,8.27,47.6,4.1,0.8,12.2,Goalkeeper,1983-04-13,0.9,Spanish La Liga,41,LB,72.0,77.0,47.0,61.0,64.0,70.0,72.0,79.0,76.0,52.0,44.0,65.0,60.0,45.0,47.0,61.0,63.0,38.0,51.0,77.0,74.0,62.0,65.0,62.0,73.0,57.0,69.0,73.0,73.0,72.0,82.0,63.0,80.0,Medium,High,Left,2.0,3.0
Giorgi Mamardashvili,Left,199.0,86.0,Georgia,Valencia,1.5,2027,0.22,1.08,74.2,0.29,60.0,32.5,31.33,58.7,6.65,55.4,9.4,0.85,12.4,Goalkeeper,2000-09-29,35.0,Spanish La Liga,23,GK,80.0,80.0,79.0,75.0,11.0,48.0,80.0,48.0,48.0,8.0,9.0,15.0,15.0,7.0,11.0,34.0,13.0,10.0,11.0,35.0,26.0,73.0,22.0,26.0,8.0,14.0,5.0,12.0,10.0,70.0,45.0,74.0,25.0,Medium,Medium,Left,3.0,1.0
Filip Jørgensen,Right,190.0,77.0,Denmark,Villarreal,0.6,2025,-0.03,1.73,71.4,0.29,0.0,12.1,38.03,25.3,6.82,36.8,5.3,1.27,14.7,Goalkeeper,2002-04-16,15.0,Spanish La Liga,22,CM,64.0,73.0,50.0,59.0,64.0,56.0,64.0,74.0,73.0,64.0,50.0,66.0,63.0,42.0,45.0,65.0,48.0,39.0,46.0,80.0,80.0,61.0,65.0,68.0,61.0,52.0,57.0,55.0,53.0,64.0,77.0,59.0,60.0,Medium,Medium,Right,2.0,3.0
Pepe Reina,Right,188.0,92.0,Spain,Villarreal,1.5,2024,0.01,1.33,69.0,0.29,33.3,20.0,40.27,24.8,4.6,36.0,5.0,0.73,14.1,Goalkeeper,1982-08-31,0.7,Spanish La Liga,41,GK,77.0,75.0,77.0,79.0,10.0,45.0,79.0,43.0,49.0,13.0,14.0,37.0,39.0,11.0,24.0,65.0,11.0,11.0,11.0,50.0,60.0,72.0,23.0,64.0,22.0,13.0,20.0,22.0,24.0,66.0,34.0,70.0,32.0,Medium,Medium,Right,3.0,1.0
David Soria,Right,192.0,84.0,Spain,Getafe,1.51,2024,0.14,1.25,74.9,0.29,16.7,32.5,36.48,72.7,8.88,60.6,5.0,1.65,17.5,Goalkeeper,1993-04-04,6.0,Spanish La Liga,31,GK,80.0,80.0,79.0,73.0,16.0,43.0,79.0,49.0,34.0,12.0,19.0,24.0,33.0,19.0,23.0,45.0,15.0,11.0,23.0,49.0,42.0,78.0,19.0,58.0,18.0,24.0,22.0,13.0,13.0,74.0,43.0,75.0,24.0,Medium,Medium,Right,3.0,1.0
Sergio Herrera,Right,192.0,82.0,Spain,Osasuna,0.95,2026,0.0,1.49,64.9,0.35,100.0,30.0,39.74,53.3,6.96,51.7,6.8,1.23,17.1,Goalkeeper,1993-06-05,6.0,Spanish La Liga,30,GK,79.0,79.0,78.0,75.0,15.0,47.0,76.0,45.0,50.0,13.0,16.0,24.0,21.0,16.0,32.0,37.0,20.0,21.0,21.0,45.0,45.0,77.0,27.0,53.0,12.0,14.0,15.0,17.0,18.0,66.0,42.0,67.0,25.0,Medium,Medium,Right,3.0,1.0
Aitor Fernández,Right,182.0,69.0,Spain,Osasuna,0.7,2025,-0.09,1.1,74.3,0.24,0.0,33.3,40.45,55.3,8.0,59.6,3.1,1.53,17.1,Goalkeeper,1991-05-03,2.0,Spanish La Liga,33,GK,78.0,78.0,74.0,68.0,22.0,56.0,76.0,58.0,53.0,15.0,12.0,38.0,35.0,15.0,24.0,50.0,30.0,14.0,34.0,55.0,48.0,77.0,14.0,55.0,24.0,20.0,14.0,13.0,12.0,65.0,42.0,52.0,15.0,Medium,Medium,Right,2.0,1.0
Guillaume Restes,Left,186.0,82.0,France,Toulouse,0.64,2028,0.0,1.32,71.1,0.29,0.0,23.7,31.21,29.3,6.29,41.6,1.4,0.45,11.1,Goalkeeper,2005-03-11,12.0,French Ligue 1,19,GK,69.0,70.0,69.0,68.0,8.0,36.0,69.0,35.0,38.0,7.0,9.0,31.0,29.0,7.0,15.0,33.0,17.0,13.0,13.0,31.0,39.0,52.0,17.0,23.0,8.0,12.0,7.0,16.0,14.0,58.0,28.0,61.0,18.0,Medium,Medium,Left,3.0,1.0
Benjamin Lecomte,Left,186.0,78.0,France,Montpellier,1.82,2027,0.12,1.31,75.7,0.25,16.7,34.3,37.03,44.5,7.66,37.4,6.6,0.4,9.0,Goalkeeper,1991-04-26,4.0,French Ligue 1,33,GK,76.0,75.0,75.0,77.0,11.0,41.0,75.0,41.0,40.0,10.0,11.0,30.0,33.0,10.0,20.0,44.0,13.0,19.0,20.0,36.0,30.0,74.0,23.0,61.0,24.0,10.0,17.0,11.0,12.0,63.0,34.0,68.0,23.0,Medium,Medium,Left,3.0,1.0
Alaa Bellaarouch,Right,188.0,79.0,Morocco,Strasbourg,0.64,2027,-0.29,1.55,64.4,0.24,50.0,18.2,36.0,37.7,3.0,35.8,10.4,1.36,12.9,Goalkeeper,2002-02-01,1.5,French Ligue 1,22,GK,57.0,56.0,54.0,58.0,8.0,31.0,60.0,34.0,27.0,3.0,6.0,34.0,27.0,5.0,20.0,27.0,10.0,12.0,29.0,37.0,36.0,50.0,21.0,40.0,5.0,11.0,6.0,10.0,11.0,52.0,29.0,58.0,28.0,Medium,Medium,Right,3.0,1.0
Alban Lafont,Right,193.0,77.0,France,Nantes,1.5,2027,-0.01,1.51,73.1,0.29,0.0,27.6,38.21,34.0,6.09,47.5,8.6,1.31,13.8,Goalkeeper,1999-01-23,10.0,French Ligue 1,25,GK,78.0,78.0,77.0,69.0,14.0,47.0,78.0,48.0,45.0,4.0,6.0,54.0,51.0,9.0,16.0,56.0,13.0,12.0,13.0,60.0,53.0,71.0,10.0,61.0,11.0,13.0,20.0,14.0,12.0,67.0,40.0,70.0,20.0,Medium,Medium,Right,3.0,1.0
Rémy Descamps,Left,194.0,73.0,France,Nantes,0.12,2024,0.25,1.83,73.0,0.35,0.0,16.7,39.5,51.1,11.83,49.8,6.9,0.0,7.8,Goalkeeper,1996-06-25,1.5,French Ligue 1,27,GK,70.0,74.0,65.0,63.0,9.0,43.0,71.0,45.0,39.0,7.0,9.0,21.0,16.0,6.0,12.0,23.0,10.0,12.0,13.0,29.0,24.0,61.0,11.0,49.0,8.0,14.0,9.0,11.0,10.0,63.0,20.0,63.0,22.0,Medium,Medium,Left,3.0,1.0
Alexandre Oukidja,Right,185.0,78.0,Algeria,Metz,0.5,2025,-0.19,1.64,73.5,0.25,0.0,20.7,33.57,56.0,8.74,58.7,7.9,0.65,10.3,Goalkeeper,1988-07-19,0.5,French Ligue 1,35,GK,73.0,70.0,72.0,70.0,15.0,47.0,74.0,48.0,45.0,11.0,14.0,25.0,26.0,15.0,24.0,31.0,13.0,18.0,11.0,54.0,59.0,68.0,14.0,57.0,18.0,16.0,12.0,19.0,13.0,67.0,31.0,70.0,32.0,Medium,Medium,Right,3.0,1.0
Arthur Desmas,Right,196.0,87.0,France,Le Havre,0.3,2025,0.21,1.24,73.9,0.3,50.0,24.1,30.62,44.2,6.41,37.2,6.1,0.83,13.3,Goalkeeper,1994-04-07,2.5,French Ligue 1,30,GK,72.0,74.0,72.0,72.0,15.0,36.0,69.0,37.0,35.0,9.0,18.0,23.0,20.0,14.0,18.0,41.0,18.0,10.0,16.0,26.0,37.0,62.0,19.0,32.0,14.0,12.0,14.0,17.0,11.0,60.0,24.0,62.0,20.0,Medium,Medium,Right,2.0,1.0
Yvon Mvogo,Right,186.0,83.0,Switzerland,Lorient,0.72,2025,-0.01,1.83,73.5,0.27,0.0,8.6,36.11,28.6,6.31,34.7,4.6,0.37,8.5,Goalkeeper,1994-06-06,3.5,French Ligue 1,29,GK,78.0,78.0,75.0,78.0,18.0,42.0,76.0,43.0,41.0,13.0,10.0,24.0,22.0,19.0,20.0,58.0,13.0,20.0,14.0,58.0,57.0,71.0,27.0,30.0,13.0,24.0,28.0,18.0,12.0,71.0,28.0,74.0,37.0,Medium,Medium,Right,3.0,1.0
Mory Diaw,Right,195.0,94.0,Senegal,Clermont Foot,0.62,2026,0.21,1.52,77.6,0.25,33.3,22.6,45.52,43.0,5.77,43.6,8.8,1.52,14.6,Goalkeeper,1993-06-22,2.0,French Ligue 1,30,GK,74.0,74.0,73.0,72.0,19.0,43.0,73.0,44.0,42.0,13.0,19.0,31.0,25.0,16.0,29.0,42.0,17.0,19.0,18.0,33.0,36.0,65.0,24.0,33.0,18.0,22.0,22.0,19.0,18.0,70.0,31.0,72.0,29.0,Medium,Medium,Right,2.0,1.0
Gianluigi Donnarumma,Right,196.0,89.0,Italy,Paris Saint-Germain,12.73,2026,0.26,1.05,78.5,0.28,25.0,36.8,33.04,14.9,5.67,24.0,4.8,1.08,13.5,Goalkeeper,1999-02-25,40.0,French Ligue 1,25,GK,87.0,90.0,82.0,79.0,28.0,52.0,83.0,50.0,55.0,14.0,12.0,36.0,34.0,8.0,24.0,60.0,12.0,14.0,12.0,64.0,38.0,84.0,30.0,65.0,26.0,12.0,20.0,14.0,16.0,71.0,34.0,72.0,30.0,Medium,Medium,Right,3.0,1.0
Keylor Navas,Right,183.0,78.0,Costa Rica,Paris Saint-Germain,10.91,2024,-0.13,1.57,68.8,0.29,0.0,0.0,29.05,52.4,6.87,50.0,4.8,0.29,8.0,Goalkeeper,1986-12-15,2.0,French Ligue 1,37,GK,85.0,84.0,80.0,75.0,24.0,54.0,84.0,54.0,53.0,16.0,15.0,40.0,37.0,11.0,25.0,64.0,11.0,15.0,21.0,60.0,61.0,80.0,30.0,63.0,22.0,11.0,28.0,14.0,14.0,73.0,39.0,75.0,32.0,Medium,Medium,Right,3.0,1.0
Philipp Köhn,Right,185.0,79.0,Switzerland,Monaco,1.1,2028,0.05,1.45,72.2,0.27,16.7,22.7,32.09,32.5,5.91,43.5,7.8,0.86,11.3,Goalkeeper,1998-04-02,7.0,French Ligue 1,26,GK,72.0,73.0,68.0,68.0,23.0,46.0,69.0,48.0,43.0,7.0,8.0,35.0,30.0,6.0,16.0,54.0,11.0,14.0,10.0,56.0,26.0,70.0,28.0,32.0,12.0,12.0,12.0,13.0,14.0,63.0,28.0,63.0,28.0,Medium,Medium,Right,2.0,1.0
Marco Bizot,Right,183.0,84.0,Netherlands,Brest,0.91,2026,0.05,1.03,76.3,0.26,25.0,39.4,36.14,39.7,6.06,46.6,5.2,1.27,15.8,Goalkeeper,1991-03-10,4.0,French Ligue 1,33,GK,76.0,79.0,73.0,69.0,12.0,46.0,74.0,45.0,47.0,13.0,15.0,28.0,33.0,13.0,36.0,47.0,20.0,15.0,20.0,50.0,40.0,75.0,32.0,47.0,17.0,16.0,11.0,12.0,14.0,65.0,32.0,64.0,39.0,Medium,Medium,Right,2.0,1.0
Lucas Chevalier,Right,192.0,84.0,France,Lille,1.14,2027,0.17,0.83,76.9,0.26,50.0,48.6,36.94,26.8,3.63,41.8,6.0,0.94,13.8,Goalkeeper,2001-11-06,22.0,French Ligue 1,22,GK,78.0,79.0,75.0,71.0,14.0,41.0,77.0,42.0,40.0,7.0,9.0,25.0,22.0,9.0,16.0,47.0,12.0,14.0,15.0,32.0,38.0,79.0,17.0,45.0,10.0,12.0,10.0,10.0,11.0,58.0,34.0,53.0,23.0,Medium,Medium,Right,3.0,1.0
Maxime Dupé,Right,188.0,87.0,France,Nice,0.42,2026,0.0,1.0,79.2,0.21,0.0,28.6,40.43,23.3,5.14,27.6,5.9,1.0,14.4,Goalkeeper,1993-03-04,2.0,French Ligue 1,31,GK,76.0,77.0,75.0,72.0,11.0,46.0,74.0,48.0,42.0,11.0,10.0,34.0,29.0,10.0,18.0,35.0,10.0,11.0,12.0,35.0,39.0,67.0,22.0,58.0,23.0,13.0,9.0,11.0,11.0,68.0,21.0,71.0,35.0,Medium,Medium,Right,3.0,1.0
Gauthier Gallon,Right,186.0,78.0,France,Rennes,0.45,2026,0.28,1.95,78.7,0.26,0.0,0.0,48.11,32.2,12.43,44.2,7.8,0.53,9.5,Goalkeeper,1993-04-23,1.5,French Ligue 1,31,GK,73.0,74.0,71.0,72.0,17.0,40.0,73.0,40.0,40.0,15.0,14.0,29.0,27.0,16.0,19.0,52.0,12.0,19.0,15.0,38.0,54.0,66.0,18.0,56.0,22.0,13.0,12.0,16.0,13.0,62.0,29.0,64.0,30.0,Medium,Medium,Right,2.0,1.0
Anthony Lopes,Left,184.0,77.0,Portugal,Lyon,4.8,2025,-0.04,1.64,71.9,0.26,12.5,27.3,36.12,33.0,6.03,33.3,6.9,1.09,13.8,Goalkeeper,1990-10-01,5.0,French Ligue 1,33,GK,82.0,84.0,77.0,71.0,15.0,63.0,80.0,63.0,64.0,9.0,18.0,32.0,31.0,13.0,16.0,48.0,19.0,14.0,15.0,67.0,62.0,82.0,21.0,65.0,25.0,16.0,13.0,15.0,13.0,76.0,36.0,73.0,45.0,Medium,Medium,Left,2.0,1.0
Lucas Perri,Right,195.0,94.0,Brazil,Lyon,0.9,2028,0.33,0.96,77.6,0.3,0.0,41.7,30.82,47.5,6.52,44.0,6.0,1.21,16.2,Goalkeeper,1997-12-10,6.0,French Ligue 1,26,,,,,,,,,,,,,,,,,,,,,,,,,,,,,,,,,,,,,,,
Pau López,Left,189.0,77.0,Spain,Marseille,3.85,2026,-0.23,1.34,68.4,0.26,0.0,23.3,37.92,27.6,4.62,40.0,4.7,0.82,13.8,Goalkeeper,1994-12-13,10.0,French Ligue 1,29,GK,80.0,79.0,79.0,82.0,18.0,48.0,80.0,45.0,52.0,20.0,19.0,63.0,55.0,17.0,25.0,69.0,24.0,21.0,23.0,40.0,57.0,74.0,44.0,62.0,16.0,15.0,19.0,20.0,11.0,60.0,42.0,52.0,39.0,Medium,Medium,Left,3.0,1.0
Yehvann Diouf,Right,185.0,73.0,France,Reims,0.6,2027,-0.09,1.44,68.2,0.28,16.7,22.2,40.64,24.2,4.75,36.3,7.1,1.36,14.3,Goalkeeper,1999-11-16,10.0,French Ligue 1,24,GK,77.0,77.0,74.0,72.0,13.0,45.0,75.0,45.0,44.0,6.0,8.0,35.0,30.0,7.0,11.0,41.0,13.0,13.0,12.0,35.0,38.0,74.0,21.0,46.0,15.0,14.0,13.0,11.0,16.0,64.0,44.0,62.0,26.0,Medium,Medium,Right,3.0,1.0
Alexander Schwolow,Right,189.0,83.0,Germany,Union Berlin,0.9,2024,-0.8,2.6,53.8,0.31,0.0,0.0,38.2,53.1,6.8,44.9,2.0,0.6,12.6,Goalkeeper,1992-06-02,0.9,German Bundesliga,31,GK,70.0,72.0,62.0,63.0,15.0,37.0,70.0,36.0,39.0,10.0,12.0,26.0,23.0,11.0,22.0,36.0,9.0,16.0,13.0,40.0,42.0,70.0,23.0,24.0,13.0,12.0,16.0,17.0,9.0,60.0,31.0,65.0,26.0,Medium,Medium,Right,3.0,1.0
Robin Zentner,Right,194.0,96.0,Germany,Mainz 05,1.5,2025,0.0,1.86,62.1,0.38,0.0,20.7,38.48,42.7,5.97,43.7,10.9,1.69,16.2,Goalkeeper,1994-10-28,3.5,German Bundesliga,29,GK,76.0,77.0,74.0,57.0,11.0,65.0,74.0,65.0,65.0,10.0,14.0,29.0,26.0,15.0,25.0,22.0,17.0,16.0,14.0,30.0,45.0,76.0,16.0,46.0,18.0,18.0,17.0,17.0,13.0,81.0,29.0,83.0,42.0,Medium,Medium,Right,3.0,1.0
Manuel Riemann,Right,186.0,83.0,Germany,Bochum,0.84,2025,-0.08,1.82,69.3,0.27,20.0,14.7,55.29,62.2,6.59,47.0,7.0,3.12,19.8,Goalkeeper,1988-09-09,0.8,German Bundesliga,35,GK,77.0,77.0,72.0,83.0,30.0,52.0,76.0,57.0,45.0,13.0,12.0,59.0,65.0,13.0,34.0,69.0,17.0,14.0,15.0,49.0,64.0,71.0,47.0,67.0,30.0,15.0,30.0,14.0,19.0,69.0,43.0,65.0,38.0,Medium,Medium,Right,5.0,1.0
Andreas Luthe,Right,195.0,89.0,Germany,Bochum,0.3,2024,-0.57,2.03,63.0,0.25,0.0,0.0,49.98,22.1,6.64,36.1,4.3,2.95,18.7,Goalkeeper,1987-03-10,0.3,German Bundesliga,37,GK,72.0,71.0,70.0,61.0,12.0,38.0,73.0,35.0,43.0,12.0,12.0,24.0,19.0,12.0,21.0,49.0,14.0,12.0,15.0,39.0,34.0,72.0,14.0,23.0,21.0,15.0,16.0,14.0,12.0,65.0,36.0,74.0,22.0,Medium,Medium,Right,3.0,1.0
Marvin Schwäbe,Right,189.0,86.0,Germany,Köln,1.2,2027,0.09,1.71,66.5,0.36,0.0,8.6,41.09,27.7,4.63,34.5,3.2,0.63,12.7,Goalkeeper,1995-04-25,5.5,German Bundesliga,29,GK,77.0,79.0,74.0,76.0,20.0,47.0,73.0,49.0,43.0,12.0,15.0,53.0,49.0,15.0,28.0,66.0,21.0,9.0,20.0,45.0,46.0,71.0,41.0,61.0,17.0,15.0,21.0,16.0,17.0,68.0,36.0,70.0,28.0,Medium,Medium,Right,3.0,1.0
Marcel Schuhen,Both,188.0,84.0,Germany,Darmstadt 98,0.75,2025,-0.18,2.45,62.0,0.34,50.0,10.3,51.28,35.9,9.24,48.3,5.1,1.72,16.7,Goalkeeper,1993-01-13,1.2,German Bundesliga,31,GK,75.0,74.0,71.0,73.0,22.0,53.0,73.0,55.0,50.0,17.0,19.0,30.0,28.0,14.0,26.0,55.0,19.0,20.0,15.0,47.0,48.0,73.0,27.0,63.0,18.0,14.0,19.0,16.0,18.0,74.0,40.0,78.0,26.0,Medium,Medium,Right,3.0,1.0
Matej Kovar,Right,184.0,77.0,Czech Republic,Leverkusen,0.75,2027,0.44,0.7,85.0,0.27,0.0,50.0,33.6,12.6,5.2,27.5,10.3,1.3,15.8,Goalkeeper,2000-05-17,5.0,German Bundesliga,23,GK,74.0,73.0,73.0,77.0,19.0,30.0,78.0,26.0,37.0,7.0,9.0,38.0,43.0,10.0,15.0,49.0,12.0,11.0,15.0,31.0,22.0,61.0,35.0,57.0,12.0,11.0,12.0,14.0,10.0,53.0,28.0,55.0,25.0,Medium,Medium,Right,4.0,1.0
Sven Ulreich,Right,192.0,83.0,Germany,Bayern Munich,2.0,2025,0.01,1.21,65.1,0.36,0.0,28.6,39.43,22.5,4.71,25.3,4.2,1.29,18.2,Goalkeeper,1988-08-03,0.7,German Bundesliga,35,GK,74.0,75.0,69.0,62.0,13.0,41.0,73.0,41.0,40.0,8.0,12.0,34.0,30.0,13.0,22.0,42.0,14.0,15.0,12.0,36.0,39.0,73.0,22.0,45.0,14.0,8.0,16.0,18.0,14.0,60.0,29.0,63.0,25.0,Medium,Medium,Right,2.0,1.0
Alexander Nübel,Right,193.0,74.0,Germany,Stuttgart,1.5,2025,-0.16,1.41,67.7,0.28,0.0,31.3,39.97,25.9,4.72,35.3,8.8,1.81,16.8,Goalkeeper,1996-09-30,10.0,German Bundesliga,27,GK,76.0,74.0,72.0,71.0,18.0,48.0,75.0,49.0,46.0,10.0,18.0,29.0,18.0,13.0,16.0,32.0,15.0,20.0,20.0,34.0,58.0,73.0,20.0,32.0,20.0,13.0,23.0,14.0,13.0,67.0,39.0,70.0,23.0,Medium,Medium,Right,5.0,1.0
Fabian Bredlow,Left,191.0,89.0,Germany,Stuttgart,1.13,2026,0.22,1.0,82.1,0.24,0.0,11.1,42.89,25.4,5.0,38.1,2.9,0.78,15.0,Goalkeeper,1995-03-02,1.0,German Bundesliga,29,GK,71.0,71.0,67.0,66.0,14.0,39.0,68.0,41.0,36.0,14.0,5.0,17.0,20.0,4.0,30.0,38.0,8.0,14.0,13.0,50.0,39.0,68.0,23.0,45.0,14.0,11.0,15.0,12.0,10.0,60.0,20.0,62.0,18.0,Medium,Medium,Left,4.0,1.0
Janis Blaswich,Right,193.0,87.0,Germany,RB Leipzig,1.5,2026,-0.16,1.34,64.0,0.31,0.0,24.1,47.66,15.7,7.14,31.4,4.5,1.76,18.3,Goalkeeper,1991-05-02,3.0,German Bundesliga,33,GK,77.0,76.0,72.0,71.0,19.0,43.0,76.0,47.0,38.0,11.0,18.0,38.0,30.0,13.0,30.0,46.0,20.0,8.0,29.0,31.0,33.0,74.0,31.0,54.0,19.0,15.0,10.0,15.0,13.0,70.0,31.0,74.0,39.0,Medium,Medium,Right,3.0,1.0
Péter Gulácsi,Right,191.0,74.0,Hungary,RB Leipzig,5.6,2025,-0.05,0.69,74.3,0.24,0.0,38.5,38.38,9.7,7.08,29.1,2.5,1.23,16.2,Goalkeeper,1990-05-06,3.5,German Bundesliga,33,GK,84.0,85.0,84.0,76.0,19.0,43.0,83.0,42.0,44.0,11.0,10.0,35.0,31.0,10.0,24.0,44.0,16.0,11.0,18.0,41.0,42.0,80.0,25.0,45.0,23.0,23.0,25.0,16.0,20.0,72.0,37.0,74.0,34.0,Medium,Medium,Right,2.0,1.0
Gregor Kobel,Right,194.0,87.0,Switzerland,Dortmund,9.0,2028,0.32,1.13,79.2,0.27,25.0,32.4,45.17,21.7,6.71,37.7,2.8,0.59,12.3,Goalkeeper,1997-12-06,40.0,German Bundesliga,26,GK,87.0,86.0,84.0,74.0,24.0,44.0,85.0,38.0,52.0,10.0,10.0,39.0,33.0,10.0,12.0,59.0,13.0,12.0,13.0,37.0,29.0,85.0,34.0,66.0,14.0,13.0,15.0,15.0,15.0,71.0,30.0,81.0,24.0,Medium,Medium,Right,3.0,1.0
Alexander Meyer,Right,196.0,78.0,Germany,Dortmund,0.57,2025,0.04,0.91,76.0,0.21,0.0,42.9,48.82,20.8,4.92,42.3,6.8,0.91,14.8,Goalkeeper,1991-04-13,0.8,German Bundesliga,33,GK,74.0,71.0,71.0,76.0,17.0,41.0,73.0,39.0,45.0,7.0,8.0,31.0,29.0,6.0,12.0,36.0,13.0,10.0,12.0,22.0,29.0,73.0,19.0,37.0,8.0,11.0,20.0,10.0,9.0,68.0,19.0,79.0,22.0,Medium,Medium,Right,3.0,1.0
Kevin Trapp,Right,189.0,83.0,Germany,Eintracht Frankfurt,3.5,2026,0.0,1.36,71.3,0.28,25.0,24.2,38.21,28.7,6.85,35.3,3.8,0.97,15.4,Goalkeeper,1990-07-08,5.0,German Bundesliga,33,GK,85.0,83.0,81.0,77.0,10.0,46.0,85.0,43.0,50.0,12.0,13.0,25.0,12.0,12.0,17.0,46.0,13.0,12.0,14.0,42.0,37.0,83.0,24.0,64.0,22.0,11.0,15.0,14.0,10.0,69.0,45.0,75.0,30.0,Medium,Medium,Right,4.0,1.0
Noah Atubolu,Right,190.0,78.0,Germany,Freiburg,0.12,2024,-0.19,1.68,63.6,0.32,0.0,32.5,44.98,33.5,6.9,50.8,5.2,0.75,13.3,Goalkeeper,2002-05-25,8.0,German Bundesliga,21,GK,70.0,71.0,65.0,71.0,11.0,35.0,70.0,35.0,36.0,9.0,8.0,27.0,31.0,8.0,14.0,50.0,12.0,12.0,13.0,32.0,31.0,65.0,14.0,44.0,13.0,13.0,12.0,12.0,12.0,67.0,29.0,79.0,26.0,Medium,Medium,Right,3.0,1.0
Finn Dahmen,Right,186.0,79.0,Germany,Augsburg,0.84,2026,-0.07,1.72,70.8,0.25,33.3,9.4,46.22,31.4,5.94,45.3,6.3,1.47,14.1,Goalkeeper,1998-03-27,5.0,German Bundesliga,26,GK,73.0,74.0,70.0,78.0,25.0,45.0,71.0,47.0,43.0,9.0,8.0,42.0,37.0,5.0,11.0,54.0,14.0,12.0,13.0,52.0,56.0,69.0,30.0,33.0,13.0,12.0,19.0,12.0,11.0,55.0,31.0,49.0,20.0,Medium,Medium,Right,3.0,1.0
Kevin Müller,Right,190.0,89.0,Germany,Heidenheim,1.1,2025,-0.03,1.73,71.0,0.26,12.5,16.7,45.4,37.4,9.43,46.0,5.0,0.53,13.3,Goalkeeper,1991-03-15,1.2,German Bundesliga,33,GK,73.0,71.0,71.0,67.0,17.0,48.0,73.0,49.0,46.0,11.0,13.0,27.0,20.0,11.0,20.0,10.0,12.0,16.0,13.0,48.0,43.0,69.0,18.0,52.0,20.0,13.0,12.0,10.0,10.0,71.0,31.0,76.0,41.0,Medium,Medium,Right,3.0,1.0
Michael Zetterer,Right,187.0,78.0,Germany,Werder Bremen,0.18,2025,0.14,1.43,72.5,0.31,0.0,21.7,43.57,28.7,4.83,37.7,8.3,0.96,14.2,Goalkeeper,1995-07-12,2.5,German Bundesliga,28,GK,68.0,67.0,66.0,70.0,17.0,41.0,65.0,39.0,44.0,13.0,16.0,24.0,25.0,16.0,15.0,27.0,17.0,14.0,14.0,32.0,40.0,68.0,23.0,39.0,19.0,18.0,19.0,16.0,12.0,63.0,38.0,69.0,27.0,Medium,Medium,Right,5.0,1.0
Moritz Nicolas,Right,190.0,87.0,Germany,Mönchengladbach,1.04,2029,-0.15,1.88,70.7,0.27,0.0,12.0,41.0,25.4,5.76,41.4,4.7,0.76,12.8,Goalkeeper,1997-10-21,2.0,German Bundesliga,26,GK,65.0,68.0,67.0,58.0,16.0,21.0,59.0,18.0,26.0,7.0,9.0,29.0,26.0,11.0,17.0,40.0,14.0,14.0,17.0,42.0,31.0,58.0,13.0,36.0,15.0,16.0,10.0,17.0,13.0,59.0,28.0,74.0,27.0,Medium,Medium,Right,2.0,1.0
Pavao Pervan,Right,194.0,87.0,Austria,Wolfsburg,1.2,2025,-0.5,1.89,52.8,0.32,0.0,22.2,34.89,33.5,4.11,39.6,0.8,0.33,12.1,Goalkeeper,1987-11-13,0.4,German Bundesliga,36,GK,73.0,72.0,73.0,69.0,14.0,30.0,70.0,32.0,27.0,5.0,9.0,22.0,31.0,8.0,14.0,34.0,19.0,14.0,15.0,36.0,33.0,70.0,15.0,30.0,15.0,15.0,16.0,21.0,19.0,54.0,23.0,54.0,28.0,Medium,Medium,Right,4.0,1.0
Yann Sommer,Right,183.0,77.0,Switzerland,Internazionale,3.21,2026,0.2,0.63,82.7,0.24,16.7,53.5,38.38,17.8,5.74,27.2,4.4,0.53,12.6,Goalkeeper,1988-12-17,5.0,Italian Serie A,35,GK,84.0,78.0,79.0,83.0,15.0,50.0,84.0,48.0,54.0,15.0,13.0,40.0,36.0,8.0,24.0,64.0,13.0,13.0,12.0,55.0,58.0,82.0,25.0,54.0,21.0,10.0,9.0,19.0,12.0,67.0,45.0,68.0,38.0,Medium,Medium,Right,4.0,1.0
Mike Maignan,Right,187.0,79.0,France,Milan,3.59,2026,-0.16,1.2,73.9,0.22,0.0,30.4,41.08,20.9,5.13,37.4,9.3,1.24,14.9,Goalkeeper,1995-07-03,40.0,Italian Serie A,28,GK,87.0,85.0,82.0,87.0,31.0,51.0,85.0,50.0,53.0,15.0,15.0,65.0,61.0,16.0,15.0,65.0,18.0,16.0,38.0,41.0,56.0,85.0,40.0,68.0,25.0,17.0,23.0,16.0,19.0,75.0,39.0,78.0,35.0,Medium,Medium,Right,4.0,1.0
Marco Sportiello,Right,192.0,87.0,Italy,Milan,0.93,2027,-0.23,1.52,66.7,0.28,0.0,25.0,32.61,18.8,4.67,37.3,6.1,0.91,13.2,Goalkeeper,1992-05-10,1.5,Italian Serie A,31,GK,77.0,76.0,74.0,68.0,19.0,44.0,81.0,48.0,38.0,18.0,18.0,32.0,19.0,12.0,21.0,44.0,13.0,21.0,14.0,55.0,58.0,70.0,22.0,65.0,29.0,18.0,26.0,17.0,13.0,67.0,37.0,66.0,23.0,Medium,Medium,Right,2.0,1.0
Wojciech Szczęsny,Right,195.0,87.0,Poland,Juventus,12.04,2025,0.08,0.9,77.9,0.23,16.7,41.0,31.35,32.6,5.64,38.0,4.2,0.62,11.7,Goalkeeper,1990-04-18,8.0,Italian Serie A,34,GK,86.0,86.0,83.0,73.0,11.0,49.0,86.0,51.0,47.0,14.0,12.0,32.0,36.0,14.0,18.0,48.0,12.0,14.0,16.0,55.0,51.0,82.0,22.0,65.0,15.0,16.0,20.0,13.0,12.0,70.0,45.0,65.0,40.0,Medium,Medium,Right,3.0,1.0
Rui Patrício,Left,189.0,86.0,Portugal,Roma,3.85,2024,-0.06,1.13,66.7,0.28,0.0,26.7,27.43,36.2,6.53,40.7,5.7,0.37,11.5,Goalkeeper,1988-02-15,2.0,Italian Serie A,36,GK,81.0,79.0,80.0,77.0,20.0,55.0,79.0,53.0,57.0,13.0,12.0,34.0,32.0,16.0,32.0,64.0,12.0,16.0,10.0,61.0,54.0,76.0,25.0,66.0,23.0,11.0,14.0,13.0,11.0,73.0,45.0,77.0,37.0,Medium,Medium,Left,2.0,1.0
Mile Svilar,Right,189.0,77.0,Serbia,Roma,1.28,2027,0.03,0.92,77.6,0.22,100.0,41.7,36.37,25.3,6.29,42.6,8.2,0.54,11.5,Goalkeeper,1999-08-27,4.0,Italian Serie A,24,GK,71.0,72.0,68.0,66.0,19.0,58.0,67.0,60.0,55.0,9.0,14.0,37.0,32.0,16.0,37.0,50.0,18.0,22.0,23.0,66.0,54.0,70.0,22.0,44.0,13.0,22.0,12.0,21.0,18.0,70.0,32.0,61.0,28.0,Medium,Medium,Right,3.0,1.0
Marco Carnesecchi,Right,192.0,87.0,Italy,Atalanta,0.19,2026,0.0,1.22,75.6,0.24,40.0,29.6,37.6,36.4,7.88,54.4,6.4,1.33,13.9,Goalkeeper,2000-07-01,15.0,Italian Serie A,23,GK,79.0,80.0,76.0,72.0,14.0,30.0,79.0,24.0,39.0,9.0,8.0,36.0,31.0,7.0,17.0,54.0,11.0,12.0,18.0,40.0,25.0,66.0,21.0,40.0,13.0,20.0,16.0,15.0,12.0,57.0,28.0,55.0,27.0,Medium,Medium,Right,3.0,1.0
Juan Musso,Right,191.0,92.0,Argentina,Atalanta,2.96,2025,0.02,1.05,73.8,0.25,0.0,40.0,35.2,30.2,5.95,50.8,9.4,1.75,17.5,Goalkeeper,1994-05-06,6.5,Italian Serie A,29,GK,79.0,79.0,77.0,73.0,16.0,44.0,81.0,46.0,42.0,19.0,18.0,31.0,24.0,15.0,25.0,48.0,20.0,12.0,16.0,32.0,39.0,70.0,20.0,67.0,18.0,15.0,12.0,14.0,16.0,68.0,35.0,70.0,27.0,Medium,Medium,Right,3.0,1.0
Christos Mandas,Right,189.0,74.0,Greece,Lazio,0.38,2028,-0.06,0.8,77.8,0.21,0.0,40.0,34.32,42.3,2.99,37.9,7.8,0.6,16.9,Goalkeeper,2001-09-17,1.0,Italian Serie A,22,,,,,,,,,,,,,,,,,,,,,,,,,,,,,,,,,,,,,,,
Alex Meret,Left,185.0,77.0,Italy,Napoli,2.78,2024,-0.07,1.3,66.0,0.31,50.0,18.9,31.53,16.2,4.97,30.1,1.8,1.16,16.1,Goalkeeper,1997-03-22,15.0,Italian Serie A,27,GK,83.0,83.0,80.0,72.0,16.0,44.0,83.0,41.0,48.0,20.0,17.0,30.0,25.0,20.0,21.0,25.0,15.0,21.0,20.0,46.0,48.0,76.0,25.0,67.0,22.0,19.0,10.0,21.0,12.0,67.0,29.0,65.0,22.0,Medium,Medium,Left,3.0,1.0
Pierluigi Gollini,Right,188.0,79.0,Italy,Napoli,1.48,2024,-0.1,1.2,67.6,0.3,0.0,20.0,40.7,20.7,7.9,36.0,4.8,1.3,17.3,Goalkeeper,1995-03-18,4.5,Italian Serie A,29,GK,76.0,76.0,74.0,73.0,18.0,47.0,76.0,46.0,48.0,12.0,14.0,31.0,25.0,18.0,21.0,32.0,17.0,15.0,13.0,56.0,52.0,72.0,24.0,63.0,18.0,19.0,20.0,12.0,19.0,68.0,40.0,68.0,19.0,Medium,Medium,Right,2.0,1.0
Pietro Terracciano,Right,193.0,78.0,Italy,Fiorentina,1.48,2025,0.18,1.06,78.5,0.25,20.0,25.0,40.31,30.1,5.06,39.3,2.2,0.78,15.3,Goalkeeper,1990-03-08,2.5,Italian Serie A,34,GK,79.0,80.0,77.0,73.0,15.0,41.0,79.0,40.0,42.0,12.0,11.0,27.0,21.0,16.0,22.0,42.0,13.0,12.0,12.0,41.0,45.0,70.0,22.0,63.0,16.0,15.0,20.0,11.0,19.0,63.0,33.0,60.0,19.0,Medium,Medium,Right,2.0,1.0
Oliver Christensen,Right,190.0,82.0,Denmark,Fiorentina,0.64,2028,0.07,1.0,66.7,0.36,0.0,16.7,35.83,36.9,5.83,39.4,6.9,1.67,15.4,Goalkeeper,1999-03-22,3.8,Italian Serie A,25,GK,73.0,75.0,70.0,69.0,16.0,44.0,69.0,45.0,43.0,6.0,5.0,47.0,44.0,5.0,10.0,62.0,10.0,11.0,16.0,33.0,34.0,63.0,19.0,45.0,13.0,9.0,14.0,13.0,11.0,62.0,42.0,64.0,32.0,Medium,Medium,Right,2.0,1.0
Vanja Milinković-Savić,Right,202.0,92.0,Serbia,Torino,1.3,2026,0.05,0.82,80.3,0.21,0.0,51.3,45.9,44.6,6.59,67.6,10.2,1.1,13.9,Goalkeeper,1997-02-20,5.0,Italian Serie A,27,GK,76.0,78.0,75.0,82.0,15.0,43.0,75.0,41.0,45.0,12.0,20.0,31.0,30.0,16.0,24.0,58.0,18.0,59.0,55.0,38.0,38.0,63.0,18.0,65.0,21.0,12.0,11.0,15.0,19.0,66.0,33.0,73.0,34.0,Medium,Medium,Right,3.0,1.0
Michele Di Gregorio,Right,187.0,81.0,Italy,AC Monza Brianza 1912,1.3,2027,0.25,1.09,80.7,0.23,28.6,40.0,45.72,27.6,7.32,43.3,3.5,0.72,12.3,Goalkeeper,1997-07-27,15.0,Italian Serie A,26,GK,79.0,80.0,76.0,72.0,18.0,44.0,80.0,45.0,43.0,9.0,9.0,28.0,19.0,11.0,17.0,65.0,13.0,14.0,17.0,45.0,55.0,66.0,20.0,56.0,15.0,11.0,21.0,14.0,10.0,64.0,36.0,62.0,26.0,Medium,Medium,Right,3.0,1.0
Wladimiro Falcone,Right,195.0,84.0,Italy,Lecce,1.11,2028,-0.03,1.4,70.5,0.28,33.3,22.5,32.48,45.8,6.93,40.3,3.4,0.68,12.4,Goalkeeper,1995-04-12,5.0,Italian Serie A,29,GK,76.0,77.0,77.0,71.0,13.0,27.0,74.0,26.0,28.0,5.0,19.0,25.0,26.0,13.0,29.0,35.0,17.0,12.0,16.0,33.0,34.0,58.0,20.0,44.0,8.0,13.0,6.0,11.0,16.0,58.0,28.0,62.0,15.0,Medium,Medium,Right,2.0,1.0
Simone Scuffet,Right,187.0,74.0,Italy,Cagliari,0.38,2026,-0.22,1.69,61.7,0.32,0.0,7.7,33.08,42.5,8.0,46.3,4.0,0.73,12.5,Goalkeeper,1996-05-31,2.0,Italian Serie A,27,GK,71.0,71.0,68.0,63.0,13.0,50.0,71.0,50.0,50.0,12.0,20.0,30.0,34.0,20.0,18.0,35.0,20.0,22.0,20.0,60.0,45.0,68.0,21.0,61.0,20.0,18.0,15.0,24.0,18.0,67.0,40.0,65.0,35.0,Medium,Medium,Right,2.0,1.0
Boris Radunović,Right,194.0,84.0,Serbia,Cagliari,0.87,2025,-0.13,1.71,55.6,0.38,0.0,28.6,34.0,35.9,9.43,43.8,6.1,0.57,11.2,Goalkeeper,1996-05-26,1.3,Italian Serie A,27,GK,71.0,73.0,68.0,69.0,17.0,42.0,68.0,42.0,41.0,13.0,19.0,35.0,29.0,13.0,22.0,36.0,15.0,14.0,13.0,35.0,41.0,62.0,26.0,54.0,22.0,15.0,20.0,13.0,14.0,67.0,26.0,73.0,24.0,Medium,Medium,Right,2.0,1.0
Lorenzo Montipò,Right,191.0,83.0,Italy,Verona,0.5,2025,-0.2,1.48,68.5,0.26,0.0,22.5,37.5,54.7,8.35,56.6,4.1,1.15,15.0,Goalkeeper,1996-02-20,4.0,Italian Serie A,28,GK,77.0,75.0,73.0,69.0,19.0,42.0,75.0,40.0,45.0,15.0,20.0,21.0,23.0,18.0,29.0,40.0,15.0,15.0,17.0,46.0,49.0,74.0,20.0,38.0,18.0,17.0,10.0,19.0,11.0,60.0,35.0,55.0,31.0,Medium,Medium,Right,3.0,1.0
Elia Caprile,Right,191.0,74.0,Italy,Empoli,0.64,2024,0.06,1.17,77.9,0.23,33.3,22.2,37.94,36.9,6.72,44.5,5.6,0.94,13.6,Goalkeeper,2001-08-25,5.5,Italian Serie A,22,GK,72.0,70.0,72.0,72.0,13.0,48.0,71.0,46.0,52.0,6.0,7.0,25.0,23.0,8.0,18.0,55.0,11.0,14.0,11.0,60.0,33.0,66.0,15.0,33.0,6.0,11.0,13.0,11.0,14.0,56.0,28.0,51.0,26.0,Medium,Medium,Right,3.0,1.0
Etrit Berisha,Left,194.0,92.0,Albania,Empoli,1.39,2024,-0.24,1.79,68.9,0.24,33.3,28.6,38.0,34.8,6.43,40.8,4.7,0.71,12.4,Goalkeeper,1989-03-10,0.5,Italian Serie A,35,GK,71.0,68.0,70.0,66.0,12.0,28.0,71.0,28.0,28.0,12.0,13.0,20.0,26.0,11.0,22.0,42.0,11.0,12.0,13.0,33.0,30.0,73.0,20.0,59.0,22.0,12.0,20.0,10.0,11.0,57.0,39.0,64.0,24.0,Medium,Medium,Left,2.0,1.0
Marco Silvestri,Right,191.0,79.0,Italy,Udinese,1.85,2025,0.0,1.54,68.8,0.31,0.0,20.8,31.63,31.3,7.08,37.1,1.8,0.5,12.9,Goalkeeper,1991-03-02,2.0,Italian Serie A,33,GK,79.0,81.0,77.0,60.0,18.0,59.0,80.0,58.0,61.0,14.0,20.0,22.0,20.0,20.0,16.0,47.0,12.0,11.0,16.0,65.0,34.0,72.0,20.0,44.0,11.0,12.0,8.0,18.0,16.0,68.0,34.0,60.0,31.0,Medium,Medium,Right,3.0,1.0
Maduka Okoye,Right,197.0,92.0,Nigeria,Udinese,0.64,2027,0.04,1.33,73.5,0.27,0.0,20.0,23.6,52.9,7.87,50.2,2.2,0.13,8.5,Goalkeeper,1999-08-28,3.0,Italian Serie A,24,GK,70.0,70.0,69.0,65.0,14.0,24.0,70.0,23.0,26.0,8.0,6.0,39.0,45.0,6.0,14.0,36.0,15.0,11.0,13.0,32.0,41.0,62.0,18.0,37.0,18.0,11.0,16.0,16.0,16.0,60.0,34.0,75.0,26.0,Medium,Medium,Right,3.0,1.0
Stefano Turati,Right,188.0,81.0,Italy,Frosinone,0.85,2024,-0.32,1.93,64.7,0.29,16.7,13.3,37.43,27.2,4.7,38.6,4.4,0.63,13.8,Goalkeeper,2001-09-05,7.0,Italian Serie A,22,GK,72.0,71.0,69.0,68.0,7.0,35.0,73.0,37.0,31.0,8.0,10.0,24.0,20.0,7.0,17.0,42.0,11.0,13.0,11.0,46.0,35.0,62.0,20.0,24.0,12.0,13.0,10.0,14.0,14.0,55.0,30.0,54.0,28.0,Medium,Medium,Right,2.0,1.0
Michele Cerofolini,Right,188.0,79.0,Italy,Frosinone,0.59,2026,-0.15,1.0,73.1,0.19,0.0,25.0,38.38,37.3,6.13,40.1,4.6,0.38,12.8,Goalkeeper,1999-01-04,0.5,Italian Serie A,25,GK,63.0,62.0,63.0,62.0,11.0,37.0,66.0,37.0,37.0,10.0,10.0,16.0,24.0,15.0,15.0,40.0,10.0,11.0,13.0,37.0,55.0,50.0,19.0,45.0,12.0,14.0,18.0,13.0,13.0,58.0,25.0,61.0,22.0,Medium,Medium,Right,1.0,1.0
Andrea Consigli,Right,189.0,78.0,Italy,Sassuolo,1.85,2024,-0.38,1.92,60.6,0.28,14.3,5.4,38.76,37.6,6.92,37.6,4.7,0.62,12.5,Goalkeeper,1987-01-27,1.0,Italian Serie A,37,GK,79.0,79.0,80.0,72.0,10.0,42.0,78.0,48.0,34.0,10.0,10.0,31.0,27.0,19.0,21.0,46.0,10.0,15.0,15.0,57.0,40.0,75.0,23.0,63.0,15.0,10.0,10.0,17.0,19.0,59.0,31.0,51.0,11.0,Medium,Medium,Right,3.0,1.0
Guillermo Ochoa,Right,183.0,78.0,Mexico,Salernitana,1.48,2025,-0.27,2.0,67.6,0.27,0.0,7.4,36.63,48.0,8.78,43.7,3.2,0.52,12.8,Goalkeeper,1985-07-13,1.5,Italian Serie A,38,GK,81.0,83.0,73.0,70.0,10.0,50.0,82.0,50.0,50.0,16.0,12.0,37.0,37.0,16.0,16.0,50.0,15.0,17.0,14.0,57.0,43.0,70.0,20.0,60.0,23.0,19.0,21.0,10.0,13.0,68.0,38.0,60.0,19.0,Medium,Medium,Right,3.0,1.0
Benoît Costil,Right,186.0,78.0,France,Salernitana,0.83,2024,-0.3,2.17,61.3,0.32,0.0,8.3,35.83,46.8,8.0,51.8,0.5,1.58,19.1,Goalkeeper,1987-07-03,0.8,Italian Serie A,36,GK,73.0,72.0,73.0,74.0,13.0,48.0,72.0,46.0,50.0,12.0,14.0,34.0,32.0,12.0,15.0,47.0,11.0,11.0,12.0,38.0,44.0,69.0,12.0,57.0,22.0,15.0,16.0,11.0,14.0,64.0,28.0,64.0,22.0,Medium,Medium,Right,3.0,1.0
