Player,Role,Position,Foot,Height,Weight,Birth,Nationality,Club,Wage,Expiration,PSxG-GA,GoalsAgainst,SavePercentage,PSxG/SoT,Save%(PenaltyKicks),CleanSheetPercentage,Touches,Launch%,GoalKicks,Avg.LengthofGoalKicks,CrossesStopped%,Def.ActionsOutsidePen.Area,Avg.DistanceofDef.Actions,Non-PenaltyGoals,npxG:Non-PenaltyxG,ShotsTotal,Assists,xAG:Exp.AssistedGoals,npxG+xAG,Shot-CreatingActions,PassesAttempted,PassCompletion%,ProgressivePasses,ProgressiveCarries,SuccessfulTake-Ons,Touches(AttPen),ProgressivePassesRec,Tackles,Interceptions,Blocks,Clearances,AerialsWon,2020-2021,2021-2022,2022-2023,2023-2024,4Seasons*,2019-2020,2024-2025,2025-2026,5Seasons*
,,,,,,,,,,,,,,,,,,,,,,,,,,,,,,,,,,,,,,,,,,,,,,,,,,,
Alexandre Olliero,GK,,Right,193cm,84kg,"February 15, 1996",France,Reims,"6,154",2026.0,,,,,,,,,,,,,,,,,,,,,,,,,,,,,,,,,,,,,,,,,
Guillaume Restes,GK,,Left,186cm,82kg,"March 11, 2005",France,Toulouse,"12,308",2028.0,0.0,1.32,71.1,0.29,0.0,23.7,31.21,29.3,6.29,41.6,1.4,0.45,11.1,,,,,,,,,,,,,,,,,,,,,,,,,,,,
Rasmus Nicolaisen,DF,"(CB,",Left,190cm,81kg,"March 16, 1997",Denmark,Toulouse,"10,577",2025.0,,,,,,,,,,,,,,0.05,0.05,0.67,0.0,0.03,0.07,0.48,51.84,84.8,2.89,0.17,0.14,1.32,0.31,1.39,1.32,1.51,5.15,3.73,,,,,,,,,
Logan Costa,DF,"(CB,",Right,189cm,87kg,"April 1, 2001",Cape,Toulouse,"8,654",2026.0,,,,,,,,,,,,,,0.03,0.05,0.51,0.03,0.02,0.07,0.85,56.98,82.4,4.21,0.59,0.2,1.04,0.4,1.55,0.76,1.44,4.37,1.98,,,,,,,,,
Thijs Dallinga,FW,,Right,180cm,77kg,"August 3, 2000",Netherlands,Toulouse,"2,308",2026.0,,,,,,,,,,,,,,0.37,0.35,2.43,0.11,0.06,0.41,1.58,20.64,66.0,0.99,1.07,0.68,4.38,5.88,0.96,0.11,0.48,1.24,1.78,,,,,,,,,
Gabriel Suazo,DF-MF,"(DM-FB,",Left,180cm,69kg,"August 9, 1997",Chile,Toulouse,"11,538",2026,,,,,,,,,,,,,,0.06,0.07,0.47,0.12,0.11,0.17,2.88,54.85,78.3,4.65,1.89,1.31,2.24,6.08,2.5,0.9,1.4,1.37,0.58,,,,,,,,,
Cristian Cásseres Jr.,MF,(CM-DM),Right,174cm,73kg,"January 20, 2000",Venezuela,Toulouse,"8,654",2027.0,,,,,,,,,,,,,,0.04,0.04,0.59,0.08,0.06,0.11,1.51,43.72,80.9,3.66,0.67,0.5,0.92,1.89,3.49,1.47,1.6,1.85,0.84,,,,,,,,,
Aron Dønnum,FW-MF,(AM),Left,179cm,73kg,"April 20, 1998",Norway,Toulouse,"11,538",2024.0,,,,,,,,,,,,,,0.04,0.07,1.26,0.13,0.16,0.23,2.7,31.62,74.0,3.91,3.65,2.0,2.74,6.87,1.13,0.44,1.0,0.7,0.39,,,,,,,,,
Mikkel Desler,DF-MF,"(FB,",Right,187cm,72kg,"February 19, 1995",Denmark,Toulouse,"11,538",2024.0,,,,,,,,,,,,,,0.04,0.06,0.77,0.04,0.06,0.11,1.63,57.05,81.9,4.64,1.79,1.14,1.79,5.25,1.75,1.22,1.79,2.16,1.18,,,,,,,,,
Frank Magri,FW,,Right,178cm,74kg,"September 4, 1999",Cameroon,Toulouse,"9,615",2026.0,,,,,,,,,,,,,,0.28,0.16,2.37,0.11,0.09,0.25,2.04,20.75,67.3,1.98,2.09,0.85,4.18,7.8,1.64,0.28,1.13,1.07,2.15,,,,,,,,,
Niklas Schmidt,FW-MF,(AM),Right,184cm,74kg,"March 1, 1998",Germany,Toulouse,"10,962",2027.0,,,,,,,,,,,,,,0.11,0.08,1.45,0.0,0.14,0.21,3.46,55.11,78.6,6.97,1.5,1.06,0.84,2.84,2.51,0.45,0.95,1.0,0.33,,,,,,,,,
Moussa Diarra,DF,,Left,183cm,68kg,"November 10, 2000",Mali,Toulouse,"2,308",2024.0,,,,,,,,,,,,,,0.05,0.03,0.39,0.05,0.03,0.06,0.82,46.09,80.8,3.62,0.77,0.53,0.68,0.72,1.74,1.54,2.12,2.65,1.3,,,,,,,,,
,,,,,,,,,,,,,,,,,,,,,,,,0.15,0.06,0.31,0.0,0.03,0.09,1.24,49.22,82.9,3.02,1.78,1.86,0.85,1.08,1.78,1.78,1.86,3.33,1.39,,,,,,,,,
Yann Gboho,FW-MF,,Right,176cm,69kg,"January 14, 2001",France,Toulouse,"7,692",2024.0,,,,,,,,,,,,,,0.17,0.08,1.65,0.17,0.13,0.21,3.3,19.55,73.4,3.38,4.95,2.31,5.28,7.18,1.32,0.41,1.81,0.17,0.58,,,,,,,,,
Zakaria Aboukhlal,FW-MF,,Left,179cm,72kg,"February 18, 2000",Morocco,Toulouse,"5,769",2026.0,,,,,,,,,,,,,,0.43,0.42,3.31,0.0,0.05,0.47,2.99,28.33,75.8,2.46,3.74,0.96,5.56,10.8,1.07,0.21,1.07,0.32,1.07,,,,,,,,,
Denis Genreau,MF,,Right,174cm,73kg,"May 21, 1999",Australia,Toulouse,"3,462",2025.0,,,,,,,,,,,,,,0.0,0.05,0.48,0.0,0.11,0.16,2.39,42.67,73.4,3.11,1.67,1.08,1.91,5.38,2.51,0.72,1.43,1.2,0.72,,,,,,,,,
Shavy Babicka,FW,,Right,180cm,74kg,"June 1, 2000",Gabon,Toulouse,"4,615",2027,,,,,,,,,,,,,,0.52,0.29,2.34,0.0,0.09,0.38,2.74,23.84,63.9,2.21,4.17,1.82,3.39,11.2,1.69,0.13,0.78,0.39,0.65,,,,,,,,,
,,,,,,,,,,,,,,,,,,,,,,,,,,,,,,,,,,,,,,,,,,,,,,,,,,,
Naatan Skyttä,MF,,,Born:,May,National Team: Finland,Toulouse,"€ 2,308 Weekly Expires June 2025. Via Capology.",,,,,,,,,,,,,,,,,,,,,,,,,,,,,,,,,,,,,,,,,,,
,,,,,,,,,,,,,,,,,,,,,,,,,,,,,,,,,,,,,,,,,,,,,,,,,,,
Álex Domínguez,GK,,,Born:,July,Spain es,Toulouse,"€ 4,808 Weekly Expires June 2024. Via Capology.",,,,,,,,,,,,,,,,,,,,,,,,,,,,,,,,,,,,,,,,,,,
Benjamin Lecomte,GK,,Left,186cm,78kg,"April 26, 1991",France,Montpellier,"35,000",2027.0,0.12,1.31,75.7,0.25,16.7,34.3,37.03,44.5,7.66,37.4,6.6,0.4,9.0,,,,,,,,,,,,,,,,,,,,,,,,,,,,
Joris Chotard,MF,(DM),Right,178cm,68kg,"September 24, 2001",France,Montpellier,"2,308",2025.0,,,,,,,,,,,,,,0.0,0.03,0.72,0.23,0.1,0.13,1.64,40.29,81.7,3.92,0.33,0.23,0.65,1.18,2.98,1.34,1.7,1.93,0.72,,,,,,,,,
Akor Adams,FW,,Right,184cm,92kg,"January 29, 2000",Nigeria,Montpellier,"11,538",2027,,,,,,,,,,,,,,0.31,0.52,3.32,0.04,0.08,0.6,1.84,15.41,64.8,0.67,1.7,0.54,4.79,5.33,0.45,0.22,0.36,0.45,2.28,,,,,,,,,
Jordan Ferri,MF,(CM-DM),Right,172cm,69kg,"March 12, 1992",France,Montpellier,"27,692",2026.0,,,,,,,,,,,,,,0.07,0.04,0.37,0.04,0.07,0.11,2.76,60.17,83.5,7.47,1.53,0.86,0.63,2.73,1.53,0.71,0.78,1.01,0.41,,,,,,,,,
Becir Omeragic,DF,"(CB,",Right,187cm,77kg,"January 20, 2002",Switzerland,Montpellier,"10,577",2028.0,,,,,,,,,,,,,,0.0,0.02,0.32,0.0,0.03,0.05,0.97,40.34,84.6,2.67,0.83,0.18,0.83,0.46,2.12,1.01,1.94,2.67,1.29,,,,,,,,,
Falaye Sacko,DF,"(FB,",Right,178cm,69kg,"May 1, 1995",Mali,Montpellier,"2,692",2026.0,,,,,,,,,,,,,,0.05,0.02,0.15,0.05,0.02,0.05,1.7,48.82,78.9,3.65,2.43,0.63,0.83,2.33,1.65,1.26,1.26,2.48,0.83,,,,,,,,,
Issiaga Sylla,DF-MF,"(FB-WM,",Left,180cm,69kg,"January 1, 1994",Guinea,Montpellier,"7,692",2025.0,,,,,,,,,,,,,,0.06,0.07,0.68,0.06,0.1,0.17,2.11,46.46,75.4,3.65,1.48,0.74,1.71,3.54,1.6,1.37,1.08,2.91,1.48,,,,,,,,,
Arnaud Nordin,FW-MF,(AM),Both,170cm,68kg,"June 17, 1998",France,Montpellier,"14,423",2025.0,,,,,,,,,,,,,,0.48,0.32,2.56,0.21,0.24,0.55,4.11,27.79,77.4,3.31,4.91,2.51,5.07,8.32,0.8,0.05,0.69,0.53,0.64,,,,,,,,,
Wahbi Khazri,FW-MF,(AM-WM),Right,182cm,76kg,"February 8, 1991",Tunisia,Montpellier,"57,692",2025.0,,,,,,,,,,,,,,0.07,0.25,3.23,0.0,0.13,0.38,2.46,27.17,71.6,2.95,1.97,1.26,3.86,5.55,2.04,0.28,0.63,0.84,0.7,,,,,,,,,
,,,,,,,,,,,,,,,,,,,,,,,,0.0,0.02,0.44,0.11,0.07,0.09,1.22,38.62,73.3,2.22,2.11,0.78,1.0,3.77,3.0,0.78,1.33,2.77,0.89,,,,,,,,,
Enzo Tchato,DF,,Right,180cm,68kg,"November 23, 2002",Cameroon,Montpellier,"2,308",2025.0,,,,,,,,,,,,,,0.0,0.03,0.43,0.0,0.03,0.05,1.55,49.04,77.5,3.27,2.07,0.34,0.69,4.47,2.15,0.69,1.46,2.07,0.77,,,,,,,,,
Christopher Jullien,DF,(CB),Right,195cm,82kg,"March 22, 1993",France,Montpellier,"17,308",2025.0,,,,,,,,,,,,,,0.07,0.09,0.73,0.0,0.0,0.1,0.73,32.77,84.0,1.31,0.07,0.22,0.95,0.22,0.73,1.02,1.82,6.86,2.99,,,,,,,,,
Khalil Fayad,MF,,Right,172cm,60kg,"June 9, 2004",France,Montpellier,"5,769",2027,,,,,,,,,,,,,,0.18,0.14,1.32,0.0,0.07,0.21,1.76,26.68,80.5,2.64,1.5,0.79,2.29,3.96,2.11,1.32,1.14,0.35,0.7,,,,,,,,,
Modibo Sagnan,DF,"(CB,",Left,187cm,77kg,"April 14, 1999",Mali,Montpellier,"9,615",2024.0,,,,,,,,,,,,,,0.22,0.12,0.78,0.0,0.03,0.16,0.67,39.96,84.9,1.9,0.67,0.11,1.23,0.34,3.13,1.34,1.23,5.37,1.57,,,,,,,,,
Silvan Hefti,DF,"(CB-FB,",Right,182cm,78kg,"October 25, 1997",Switzerland,Montpellier,"19,808",2025.0,,,,,,,,,,,,,,0.0,0.03,0.56,0.0,0.11,0.14,1.12,40.33,68.2,2.93,1.95,0.56,1.12,5.16,2.93,0.84,0.98,1.4,0.7,,,,,,,,,
Tanguy Coulibaly,FW-MF,,Left,175cm,72kg,"February 18, 2001",France,Montpellier,"6,154",2026.0,,,,,,,,,,,,,,0.35,0.51,2.46,0.0,0.14,0.67,3.52,24.43,74.8,2.29,4.39,2.81,5.98,8.09,1.58,0.18,1.76,0.35,0.88,,,,,,,,,
Théo Sainte-Luce,DF,,Left,181cm,72kg,"October 20, 1998",France,Montpellier,"6,923",2025.0,,,,,,,,,,,,,,0.0,0.02,0.51,0.0,0.03,0.05,1.2,42.0,76.3,2.74,1.71,1.2,0.69,2.23,3.94,1.54,2.06,3.6,1.03,,,,,,,,,
Léo Leroy,MF,,Right,185cm,78kg,"February 14, 2000",France,Montpellier,"5,000",2025.0,,,,,,,,,,,,,,0.0,0.16,1.76,0.16,0.13,0.29,2.55,35.43,71.2,5.27,1.6,0.96,1.76,2.55,3.67,1.28,2.39,1.76,1.91,,,,,,,,,
Dimitry Bertaud,GK,,Right,179cm,79kg,"June 6, 1998",Congo,Montpellier,"2,308",2025.0,,,,,,,,,,,,,,,,,,,,,,,,,,,,,,,,,,,,,,,,,
Yann Karamoh,FW-MF,,Right,185cm,77kg,"July 8, 1998",France,Montpellier,"35,000",2024.0,,,,,,,,,,,,,,0.33,0.28,2.0,0.0,0.1,0.38,2.83,33.27,71.5,2.0,4.49,3.16,3.99,9.15,0.17,0.0,0.5,0.17,1.0,,,,,,,,,
Sacha Delaye,MF,,,171cm,63kg,"April 23, 2002",France,Montpellier,,,,,,,,,,,,,,,,,,,,,,,,,,,,,,,,,,,,,,,,,,,
Lucas Perrin,DF,(CB),Right,187cm,71kg,"November 19, 1998",France,Strasbourg,"2,308",2025.0,,,,,,,,,,,,,,0.0,0.03,0.46,0.06,0.03,0.06,0.52,56.91,86.4,3.38,0.52,0.18,0.85,0.27,1.58,1.13,1.43,3.66,1.65,,,,,,,,,
Habib Diarra,MF,,Right,179cm,73kg,"January 3, 2004",Senegal,Strasbourg,"24,615",2028.0,,,,,,,,,,,,,,0.11,0.12,1.52,0.04,0.07,0.19,2.37,32.83,82.7,3.5,2.61,1.27,1.63,3.92,1.1,0.67,0.92,0.57,0.6,,,,,,,,,
Dilane Bakwa,FW-MF,,Left,177cm,63kg,"August 26, 2002",France,Strasbourg,"13,462",2027.0,,,,,,,,,,,,,,0.09,0.13,1.82,0.23,0.25,0.37,4.38,34.52,66.9,3.68,3.68,2.28,2.98,8.29,1.3,0.84,1.12,0.42,0.56,,,,,,,,,
Thomas Delaine,DF-MF,"(FB,",Both,180cm,72kg,"March 24, 1992",France,Strasbourg,"10,000",2025.0,,,,,,,,,,,,,,0.05,0.08,0.58,0.05,0.17,0.26,2.32,38.97,72.3,2.32,2.75,0.87,1.25,6.41,1.59,0.87,0.77,2.32,0.77,,,,,,,,,
Marvin Senaya,DF-MF,,Right,179cm,68kg,"January 28, 2001",Togo,Strasbourg,"2,692",2027.0,,,,,,,,,,,,,,0.05,0.05,0.65,0.05,0.13,0.19,1.84,46.07,76.8,3.04,2.04,1.15,1.2,3.39,3.14,1.79,1.89,3.04,1.49,,,,,,,,,
Emanuel Emegha,FW,,Both,195cm,84kg,"February 3, 2003",Netherlands,Strasbourg,"14,423",2028.0,,,,,,,,,,,,,,0.36,0.46,2.03,0.05,0.02,0.47,1.09,11.8,70.9,0.47,1.09,0.47,3.74,4.68,0.36,0.1,0.47,1.2,1.51,,,,,,,,,
Ismaël Doukouré,DF,,Right,182cm,69kg,"July 24, 2003",France,Strasbourg,"7,692",2026.0,,,,,,,,,,,,,,0.0,0.01,0.51,0.0,0.01,0.02,1.2,41.66,85.2,3.96,0.97,1.06,0.09,0.6,1.61,1.06,0.92,1.57,1.01,,,,,,,,,
Junior Mwanga,MF,,Both,184cm,72kg,"May 11, 2003",France,Strasbourg,"13,077",2027,,,,,,,,,,,,,,0.06,0.09,1.25,0.06,0.05,0.14,2.0,32.25,79.8,3.51,1.75,1.75,1.57,2.32,2.51,1.13,1.13,1.19,0.75,,,,,,,,,
Ibrahima Sissoko,MF,(CM-DM),Right,193cm,87kg,"October 27, 1997",Mali,Strasbourg,"6,346",2024.0,,,,,,,,,,,,,,0.0,0.05,0.71,0.1,0.09,0.14,2.03,41.98,82.1,5.03,0.91,0.61,1.37,0.86,2.85,0.91,1.07,1.47,1.27,,,,,,,,,
Abakar Sylla,DF,,,Born:,December,Team: Côte d'Ivoire,Strasbourg,"€ 17,308 Weekly Expires June 2028. Via Capology.",,,,,,,,,,,,,,,,0.13,0.09,0.63,0.0,0.02,0.11,0.57,60.15,87.1,3.02,0.25,0.5,1.01,0.13,3.14,1.45,2.14,3.52,1.32,,,,,,,,,
Kévin Gameiro,FW,,Right,172cm,68kg,"May 9, 1987",France,Strasbourg,"26,923",2024.0,,,,,,,,,,,,,,0.2,0.15,1.89,0.07,0.18,0.33,3.45,29.5,80.6,2.74,1.89,0.46,3.65,5.47,0.72,0.26,0.46,0.46,0.26,,,,,,,,,
Alaa Bellaarouch,GK,,Right,188cm,79kg,"January 1, 2002",Morocco,Strasbourg,"12,308",2027.0,-0.29,1.55,64.4,0.24,50.0,18.2,36.0,37.7,3.0,35.8,10.4,1.36,12.9,,,,,,,,,,,,,,,,,,,,,,,,,,,,
Jessy Deminguet,MF,(CM),Left,178cm,73kg,"January 7, 1998",France,Strasbourg,"11,538",2027.0,,,,,,,,,,,,,,0.0,0.04,0.39,0.0,0.05,0.09,1.04,33.65,85.7,3.13,0.91,0.26,1.04,1.7,1.83,1.17,1.04,0.65,0.78,,,,,,,,,
Andrey Santos,MF,,Right,176cm,72kg,"May 3, 2004",Brazil,Strasbourg,"12,308",2024,,,,,,,,,,,,,,0.0,0.07,1.65,0.0,0.18,0.24,2.56,49.57,84.5,4.39,0.55,0.91,0.91,1.28,3.84,0.91,1.46,1.46,1.28,,,,,,,,,
,,,,,,,,,,,,,,,,,,,,,,,,,,,,,,,,,,,,,,,,,,,,,,,,,,,
Jean-Eudes Aholou,MF,(CM-DM),Left,187cm,71kg,"March 20, 1994",Côte,Strasbourg,"17,885",2024.0,,,,,,,,,,,,,,,,,,,,,,,,,,,,,,,,,,,,,,,,,
Matthieu Dreyer,GK,,Right,188cm,83kg,"March 20, 1989",France,Strasbourg,"11,538",2025.0,,,,,,,,,,,,,,,,,,,,,,,,,,,,,,,,,,,,,,,,,
Alexandre Pierre,GK,,Right,182cm,71kg,"February 25, 2001",Haiti,Strasbourg,"2,308",2024.0,,,,,,,,,,,,,,,,,,,,,,,,,,,,,,,,,,,,,,,,,
Jean-Charles Castelletto,DF,"(CB,",Right,185cm,72kg,"January 26, 1995",Cameroon,Nantes,"17,500",2028.0,,,,,,,,,,,,,,0.06,0.02,0.35,0.0,0.04,0.05,0.96,47.23,84.5,3.6,0.8,0.29,0.99,1.15,1.21,1.27,0.73,3.09,2.14,,,,,,,,,
Alban Lafont,GK,,Right,193cm,77kg,"January 23, 1999",France,Nantes,"28,846",2027.0,-0.01,1.51,73.1,0.29,0.0,27.6,38.21,34.0,6.09,47.5,8.6,1.31,13.8,,,,,,,,,,,,,,,,,,,,,,,,,,,,
Florent Mollet,FW-MF,(AM),Right,174cm,68kg,"November 19, 1991",France,Nantes,"31,538",2025.0,,,,,,,,,,,,,,0.16,0.24,2.72,0.16,0.11,0.35,2.97,46.32,78.5,4.35,1.26,0.45,2.6,5.98,0.94,0.69,0.85,0.81,0.28,,,,,,,,,
Mostafa Mohamed,FW,,Right,185cm,78kg,"November 28, 1997",Egypt,Nantes,"34,038",2027.0,,,,,,,,,,,,,,0.22,0.25,2.76,0.04,0.06,0.31,1.81,15.5,64.1,0.99,0.86,0.69,4.45,5.18,0.99,0.6,1.04,1.12,2.81,,,,,,,,,
Eray Cömert,DF,"(CB,",Right,183cm,79kg,"February 4, 1998",Switzerland,Nantes,"21,154",2024.0,,,,,,,,,,,,,,0.1,0.03,0.43,0.0,0.0,0.04,0.72,49.55,88.9,2.79,0.39,0.05,0.48,0.19,1.93,1.73,1.54,4.04,0.82,,,,,,,,,
Moussa Sissoko,MF,"(AM-CM-DM-WM,",Right,187cm,83kg,"August 16, 1989",France,Nantes,"71,538",2024.0,,,,,,,,,,,,,,0.0,0.07,0.56,0.0,0.05,0.12,1.79,34.37,80.1,3.7,1.4,0.67,0.95,3.14,1.29,0.56,0.5,1.51,0.56,,,,,,,,,
Marcus Coco,FW-MF,(AM),Right,180cm,74kg,"June 24, 1996",France,Nantes,"13,846",2025.0,,,,,,,,,,,,,,0.06,0.05,0.61,0.0,0.08,0.13,1.9,38.19,74.0,3.49,2.08,0.98,0.98,4.72,2.94,1.47,1.23,2.21,1.66,,,,,,,,,
Nicolas Pallois,DF,"(CB-FB,",Left,190cm,84kg,"September 19, 1987",France,Nantes,"25,385",2024.0,,,,,,,,,,,,,,0.0,0.01,0.22,0.06,0.03,0.03,0.78,44.67,80.3,3.45,0.45,0.67,0.45,0.17,1.72,1.39,1.78,6.95,1.72,,,,,,,,,
Samuel Moutoussamy,MF,(DM),Left,174cm,60kg,"August 12, 1996",Congo,Nantes,"4,038",2024.0,,,,,,,,,,,,,,0.06,0.11,1.0,0.0,0.05,0.16,2.31,39.45,83.5,5.49,2.12,0.44,1.69,2.37,2.56,0.56,0.94,0.94,0.5,,,,,,,,,
,,,,,,,,,,,,,,,,,,,,,,,,0.0,0.03,0.32,0.0,0.0,0.03,0.11,44.25,84.1,2.89,0.11,0.0,0.32,0.21,0.75,1.18,0.75,4.17,1.28,,,,,,,,,
Kelvin Amian,DF,"(CB-FB,",Right,180cm,73kg,"February 8, 1998",France,Nantes,"17,308",2028.0,,,,,,,,,,,,,,0.0,0.09,0.57,0.08,0.04,0.14,1.47,42.35,75.1,3.59,2.12,0.41,1.31,2.28,1.63,0.33,1.06,3.26,0.98,,,,,,,,,
Nicolas Cozza,DF,"(CB-FB,",Left,178cm,72kg,"January 8, 1999",France,Nantes,"22,115",2024.0,,,,,,,,,,,,,,0.0,0.05,0.37,0.0,0.02,0.07,1.1,44.0,74.3,2.65,1.19,0.37,0.82,2.74,2.92,1.19,1.0,2.46,0.91,,,,,,,,,
Rémy Descamps,GK,,Left,194cm,73kg,"June 25, 1996",France,Nantes,"2,308",2024.0,0.25,1.83,73.0,0.35,0.0,16.7,39.5,51.1,11.83,49.8,6.9,0.0,7.8,,,,,,,,,,,,,,,,,,,,,,,,,,,,
Abdoul Kader Bamba,FW-MF,,Right,176cm,67kg,"May 25, 1994",France,Nantes,"6,154",2024.0,,,,,,,,,,,,,,0.33,0.33,2.12,0.16,0.15,0.47,5.55,49.17,79.4,4.57,5.88,1.47,3.92,10.13,1.63,0.65,0.65,0.65,0.98,,,,,,,,,
,,,,,,,,,,,,,,,,,,,,,,,,,,,,,,,,,,,,,,,,,,,,,,,,,,,
Alexandre Oukidja,GK,,Right,185cm,78kg,"July 19, 1988",Algeria,Metz,"9,615",2025.0,-0.19,1.64,73.5,0.25,0.0,20.7,33.57,56.0,8.74,58.7,7.9,0.65,10.3,,,,,,,,,,,,,,,,,,,,,,,,,,,,
Lamine Camara,MF,,Right,173cm,64kg,"January 1, 2004",Senegal,Metz,"2,500",2026,,,,,,,,,,,,,,0.05,0.06,1.23,0.18,0.15,0.21,2.97,40.24,73.0,3.66,0.96,1.01,0.46,2.93,2.61,1.23,1.51,1.51,0.37,,,,,,,,,
Ismaël Traoré,DF,"(CB,",Right,185cm,74kg,"August 18, 1986",Côte,Metz,"15,000",2024.0,,,,,,,,,,,,,,0.09,0.04,0.46,0.0,0.01,0.05,0.37,32.08,87.8,1.43,0.05,0.18,0.55,0.05,0.78,1.29,1.43,3.65,1.02,,,,,,,,,
Fali Candé,DF,"(CB-FB,",Left,184cm,77kg,"January 24, 1998",Guinea-Bissau,Metz,"3,462",2026.0,,,,,,,,,,,,,,0.0,0.04,0.65,0.05,0.03,0.07,0.81,38.8,80.1,1.72,0.16,0.32,0.49,0.11,1.62,0.97,1.83,5.34,1.56,,,,,,,,,
Maxime Colin,DF-MF,"(FB,",Right,180cm,74kg,"November 15, 1991",France,Metz,"11,538",2025.0,,,,,,,,,,,,,,0.0,0.02,0.24,0.0,0.02,0.04,1.35,47.26,70.2,3.49,1.28,0.67,0.49,1.1,2.2,1.04,1.1,3.67,1.16,,,,,,,,,
Georges Mikautadze,FW,,Right,176cm,71kg,"October 31, 2000",Georgia,Metz,"20,000",2024.0,,,,,,,,,,,,,,0.51,0.39,2.82,0.19,0.08,0.48,2.82,22.08,71.6,2.69,2.56,2.3,3.9,4.86,0.13,0.51,0.51,0.19,0.64,,,,,,,,,
Kévin N'Doram,DF-MF,,Right,184cm,76kg,"January 22, 1996",France,Metz,"16,154",2024.0,,,,,,,,,,,,,,0.0,0.02,0.5,0.14,0.04,0.06,1.51,36.14,78.9,4.1,0.72,0.29,0.5,0.22,1.58,1.37,0.72,2.3,1.58,,,,,,,,,
Koffi Kouao,DF,"(FB,",Right,Born:,May,National Team: Côte,Metz,"€ 15,000 Weekly Expires June 2026. Via Capology.",,,,,,,,,,,,,,,,0.0,0.02,0.52,0.21,0.16,0.18,1.36,41.49,79.0,3.04,1.05,0.84,0.84,2.93,2.1,1.36,0.94,3.98,1.36,,,,,,,,,
Joel Asoro,FW,,Right,176cm,69kg,"April 27, 1999",Sweden,Metz,"8,077",2027.0,,,,,,,,,,,,,,0.21,0.06,0.64,0.11,0.03,0.1,2.23,15.6,63.9,1.7,1.49,1.27,1.17,4.56,1.38,0.64,0.74,0.96,1.8,,,,,,,,,
,,,,,,,,,,,,,,,,,,,,,,,,0.11,0.07,1.02,0.23,0.14,0.2,1.82,40.51,76.1,4.78,1.48,1.02,1.82,2.16,1.93,1.02,1.25,2.28,1.14,,,,,,,,,
Joseph Nduquidi,MF,,Right,185cm,73kg,"October 31, 2004",France,Metz,"2,308",2026,,,,,,,,,,,,,,0.0,0.02,0.48,0.0,0.01,0.02,0.36,25.41,81.6,2.64,0.72,0.12,0.84,0.48,1.32,1.32,1.32,1.8,0.72,,,,,,,,,
Didier Lamkel Zé,FW-MF,(AM),Right,192cm,83kg,"September 17, 1996",Cameroon,Metz,"8,654",2024.0,,,,,,,,,,,,,,0.17,0.27,1.89,0.0,0.15,0.43,2.57,31.03,72.4,3.09,2.23,1.03,2.57,3.94,1.2,0.0,0.69,1.71,1.89,,,,,,,,,
,,,,,,,,,,,,,,,,,,,,,,,,0.0,0.06,0.78,0.0,0.0,0.06,0.47,34.69,80.6,2.03,0.78,0.31,1.25,1.25,1.88,0.63,1.41,6.72,1.56,,,,,,,,,
Papa Amadou Diallo,FW,,Right,182cm,67kg,"June 25, 2004",Senegal,Metz,"2,308",2026,,,,,,,,,,,,,,0.16,0.28,1.14,0.0,0.06,0.34,2.27,28.05,67.6,3.57,2.59,2.11,2.27,6.65,1.78,0.81,1.46,1.78,3.24,,,,,,,,,
Benjamin Tetteh,FW,,Both,193cm,64kg,"July 10, 1997",Ghana,Metz,"10,000",2026.0,,,,,,,,,,,,,,,,,,,,,,,,,,,,,,,,,,,,,,,,,
,,,,,,,,,,,,,,,,,,,,,,,,,,,,,,,,,,,,,,,,,,,,,,,,,,,
,,,,,,,,,,,,,,,,,,,,,,,,,,,,,,,,,,,,,,,,,,,,,,,,,,,
Guillaume Dietsch,GK,,Right,185cm,74kg,"April 17, 2001",France,Metz,"3,462",2025.0,,,,,,,,,,,,,,,,,,,,,,,,,,,,,,,,,,,,,,,,,
Arthur Desmas,GK,,Right,196cm,87kg,"April 7, 1994",France,Le Havre,"5,769",2025.0,0.21,1.24,73.9,0.3,50.0,24.1,30.62,44.2,6.41,37.2,6.1,0.83,13.3,,,,,,,,,,,,,,,,,,,,,,,,,,,,
Christopher Operi,DF-MF,"(FB,",Left,182cm,73kg,"April 29, 1997",France,Le Havre,"10,385",2026.0,,,,,,,,,,,,,,0.09,0.03,0.73,0.17,0.15,0.18,2.63,60.09,72.7,3.24,1.21,1.08,0.56,4.49,1.86,1.3,1.51,2.63,1.25,,,,,,,,,
Daler Kuzyaev,MF,(CM-DM),Right,182cm,73kg,"January 15, 1993",Russia,Le Havre,"34,615",2025.0,,,,,,,,,,,,,,0.09,0.08,0.73,0.09,0.06,0.15,3.19,45.34,78.4,5.19,1.05,0.55,2.28,4.37,1.46,0.91,0.73,0.77,1.09,,,,,,,,,
Abdoulaye Touré,FW-MF,(CM-DM),Right,187cm,77kg,"March 3, 1994",Guinea,Le Havre,"21,154",2025.0,,,,,,,,,,,,,,0.0,0.06,1.2,0.0,0.04,0.1,1.85,49.96,83.9,6.3,0.93,1.2,0.65,1.07,1.71,1.07,1.25,1.07,1.48,,,,,,,,,
Josué Casimir,FW,,Right,178cm,68kg,"September 24, 2001",France,Le Havre,"5,769",2025.0,,,,,,,,,,,,,,0.0,0.09,1.0,0.16,0.18,0.27,2.21,37.13,73.3,3.11,2.58,1.11,2.0,6.27,1.47,0.58,1.05,1.32,1.0,,,,,,,,,
,,,,,,,,,,,,,,,,,,,,,,,,0.0,0.05,0.86,0.05,0.12,0.17,2.41,48.08,81.5,6.38,2.09,0.48,1.29,3.16,2.36,1.23,0.91,0.75,0.43,,,,,,,,,
Loïc Nego,DF-MF,"(FB,",Right,181cm,63kg,"January 15, 1991",Hungary,Le Havre,"7,692",2025.0,,,,,,,,,,,,,,0.0,0.08,0.99,0.12,0.06,0.14,2.17,37.87,75.3,3.53,1.74,0.68,1.67,5.95,2.05,0.99,0.74,0.87,0.43,,,,,,,,,
Emmanuel Sabbi,FW-MF,"(AM,",Right,179cm,69kg,"December 24, 1997",United,Le Havre,"5,000",2027,,,,,,,,,,,,,,0.2,0.17,1.84,0.0,0.07,0.24,2.38,22.36,70.5,1.97,2.45,1.09,3.94,6.19,1.84,0.95,1.56,0.48,0.75,,,,,,,,,
Yoann Salmier,DF,"(CB,",Right,188cm,84kg,"November 21, 1992",French,Le Havre,"13,462",2025.0,,,,,,,,,,,,,,0.06,0.06,0.54,0.06,0.04,0.1,0.84,45.24,80.3,2.77,0.6,0.3,0.97,0.42,1.39,1.21,1.27,3.56,1.93,,,,,,,,,
André Ayew,FW-MF,(AM-WM),Left,176cm,72kg,"December 17, 1989",Ghana,Le Havre,"28,846",2024.0,,,,,,,,,,,,,,0.33,0.22,2.54,0.0,0.04,0.28,2.21,23.11,73.7,2.32,1.22,1.11,4.09,5.97,1.11,0.22,1.0,1.0,4.31,,,,,,,,,
Oussama Targhalline,MF,,,Born:,May,National Team: Morocco,Le,"€ 5,192 Weekly Expires June 2025. Via Capology.",,,,,,,,,,,,,,,,0.0,0.03,0.78,0.0,0.03,0.05,1.95,63.16,86.9,7.39,2.59,0.52,0.26,1.69,1.69,0.91,0.91,1.04,0.65,,,,,,,,,
Rassoul Ndiaye,MF,(DM),Right,179cm,69kg,"December 11, 2001",Senegal,Le Havre,"6,346",2026.0,,,,,,,,,,,,,,0.0,0.03,1.03,0.0,0.05,0.09,1.2,45.0,79.5,4.28,1.2,1.37,0.34,2.74,4.28,0.68,0.34,0.86,0.86,,,,,,,,,
,,,,,,,,,,,,,,,,,,,,,,,,0.0,0.14,2.46,0.26,0.08,0.22,3.88,30.69,71.7,2.85,4.14,2.33,5.31,10.1,2.33,0.65,1.04,0.65,1.17,,,,,,,,,
Samuel Grandsir,FW-MF,(AM),Right,180cm,69kg,"August 14, 1996",France,Le Havre,"9,808",2025.0,,,,,,,,,,,,,,0.16,0.24,2.08,0.0,0.16,0.42,4.0,42.76,71.5,4.64,3.2,0.8,3.52,10.41,2.08,0.48,0.64,0.48,0.16,,,,,,,,,
Oualid El Hajjam,DF,"(FB,",Right,180cm,72kg,"February 19, 1991",Morocco,Le Havre,"6,154",2026.0,,,,,,,,,,,,,,0.0,0.04,0.71,0.0,0.02,0.04,1.6,64.34,80.6,6.59,2.67,0.36,0.71,1.78,2.32,1.43,1.43,2.32,1.78,,,,,,,,,
,,,,,,,,,,,,,,,,,,,,,,,,,,,,,,,,,,,,,,,,,,,,,,,,,,,
Mathieu Gorgelin,GK,,Left,187cm,83kg,"August 5, 1990",France,Le Havre,"6,731",2024.0,,,,,,,,,,,,,,,,,,,,,,,,,,,,,,,,,,,,,,,,,
Yvon Mvogo,GK,,Right,186cm,83kg,"June 6, 1994",Switzerland,Lorient,"13,846",2025.0,-0.01,1.83,73.5,0.27,0.0,8.6,36.11,28.6,6.31,34.7,4.6,0.37,8.5,,,,,,,,,,,,,,,,,,,,,,,,,,,,
Julien Ponceau,MF,(AM),Right,170cm,59kg,"November 28, 2000",France,Lorient,"7,500",2025.0,,,,,,,,,,,,,,0.1,0.1,1.24,0.05,0.11,0.21,3.29,49.0,84.5,6.24,4.24,1.43,1.48,5.76,1.19,0.76,1.0,0.86,0.38,,,,,,,,,
Montassar Talbi,DF,(CB),Right,190cm,83kg,"May 26, 1998",Tunisia,Lorient,"10,962",2025.0,,,,,,,,,,,,,,0.0,0.02,0.19,0.04,0.02,0.04,0.6,49.83,85.7,3.32,0.45,0.38,0.49,0.23,1.62,1.43,1.89,5.17,2.68,,,,,,,,,
Julien Laporte,DF,(CB),Right,185cm,82kg,"November 4, 1993",France,Lorient,"11,538",2025.0,,,,,,,,,,,,,,0.0,0.03,0.41,0.0,0.0,0.03,0.35,52.91,87.4,2.72,0.23,0.06,0.52,0.06,1.04,0.46,1.8,5.1,1.68,,,,,,,,,
Théo Le Bris,MF,,Right,165cm,52kg,"October 1, 2002",France,Lorient,"5,769",2027.0,,,,,,,,,,,,,,0.0,0.06,0.69,0.16,0.1,0.16,1.64,40.8,78.6,3.28,3.12,0.9,2.11,6.82,2.01,0.74,1.43,2.85,0.42,,,,,,,,,
Formose Mendy,DF,"(CB,",Right,191cm,76kg,"January 2, 2001",Senegal,Lorient,"11,538",2028.0,,,,,,,,,,,,,,0.0,0.02,0.4,0.0,0.0,0.02,0.4,54.3,79.9,4.27,0.95,0.4,0.87,0.95,2.14,1.5,1.74,4.27,2.93,,,,,,,,,
Tiemoué Bakayoko,MF,(CM-DM),Right,185cm,72kg,"August 17, 1994",France,Lorient,"48,077",2025.0,,,,,,,,,,,,,,0.17,0.13,0.93,0.08,0.03,0.16,0.93,43.82,86.3,3.21,0.68,0.25,1.01,1.1,2.2,1.44,0.59,1.27,1.77,,,,,,,,,
Ayman Kari,MF,,Right,179cm,69kg,"November 19, 2004",France,Lorient,"5,769",2024,,,,,,,,,,,,,,0.1,0.1,0.97,0.1,0.09,0.17,3.68,42.34,87.9,3.88,2.52,1.94,2.42,5.04,1.74,0.78,2.23,0.87,0.29,,,,,,,,,
Darlin Yongwa,DF,"(FB,",Left,177cm,64kg,"September 22, 2000",Cameroon,Lorient,"4,038",2026.0,,,,,,,,,,,,,,0.13,0.08,1.07,0.13,0.18,0.26,2.38,43.93,71.0,3.33,3.2,1.76,2.89,6.97,2.26,0.94,1.32,2.57,0.5,,,,,,,,,
,,,,,,,,,,,,,,,,,,,,,,,,0.46,0.32,2.02,0.28,0.16,0.49,1.65,21.67,78.4,0.83,0.64,1.01,3.95,4.68,0.64,0.92,0.37,0.46,0.73,,,,,,,,,
,,,,,,,,,,,,,,,,,,,,,,,,0.0,0.03,0.3,0.0,0.01,0.04,0.89,52.3,87.0,2.86,0.79,0.39,0.89,0.39,1.09,1.48,1.09,5.13,2.27,,,,,,,,,
,,,,,,,,,,,,,,,,,,,,,,,,0.12,0.12,1.12,0.12,0.09,0.21,1.61,34.76,75.0,1.49,1.86,1.37,2.86,7.08,2.61,0.99,1.86,1.61,0.87,,,,,,,,,
Bamba Dieng,FW,,Right,178cm,78kg,"March 23, 2000",Senegal,Lorient,"17,308",2025.0,,,,,,,,,,,,,,0.5,0.67,3.0,0.17,0.23,0.9,2.67,19.83,77.3,0.67,1.0,0.5,4.5,7.0,0.5,0.0,0.33,1.17,3.17,,,,,,,,,
Jean-Victor Makengo,MF,"(CM,",Left,177cm,73kg,"June 12, 1998",France,Lorient,"20,769",2027.0,,,,,,,,,,,,,,0.0,0.04,0.89,0.0,0.0,0.04,0.89,53.01,89.4,4.19,1.91,1.4,0.38,2.29,1.02,1.02,1.78,0.76,0.25,,,,,,,,,
Benjamin Mendy,DF,"(FB,",Left,186cm,74kg,"July 17, 1994",France,Lorient,"72,115",2025.0,,,,,,,,,,,,,,,,,,,,,,,,,,,,,,,,,,,,,,,,,
Bonke Innocent,MF,(CM),Right,180cm,73kg,"January 20, 1996",Nigeria,Lorient,"5,192",2025.0,,,,,,,,,,,,,,,,,,,,,,,,,,,,,,,,,,,,,,,,,
Loris Mouyokolo,DF,,Right,193cm,81kg,"May 22, 2001",France,Lorient,"2,500",2026.0,,,,,,,,,,,,,,,,,,,,,,,,,,,,,,,,,,,,,,,,,
Alfred Gomis,GK,,Right,196cm,86kg,"September 5, 1993",Senegal,Lorient,"10,577",2024.0,,,,,,,,,,,,,,,,,,,,,,,,,,,,,,,,,,,,,,,,,
Dominique Youfeigane,GK,,Right,188cm,83kg,"January 7, 2000",Central,Lorient,"3,846",2024.0,,,,,,,,,,,,,,,,,,,,,,,,,,,,,,,,,,,,,,,,,
Andy Pelmard,DF,(CB),Right,179cm,71kg,"March 12, 2000",France,Clermont Foot,"8,654",2027.0,,,,,,,,,,,,,,0.0,0.01,0.07,0.0,0.02,0.03,0.58,50.36,85.1,3.49,1.16,0.21,0.14,0.21,1.57,1.03,1.16,2.84,0.79,,,,,,,,,
Mory Diaw,GK,,Right,195cm,94kg,"June 22, 1993",Senegal,Clermont Foot,"11,923",2026.0,0.21,1.52,77.6,0.25,33.3,22.6,45.52,43.0,5.77,43.6,8.8,1.52,14.6,,,,,,,,,,,,,,,,,,,,,,,,,,,,
Muhammed Cham,MF,(AM),Left,180cm,67kg,"September 26, 2000",Austria,Clermont Foot,"5,192",2026.0,,,,,,,,,,,,,,0.1,0.15,2.16,0.21,0.14,0.29,4.24,47.8,79.4,5.39,2.54,1.32,2.33,4.52,0.87,0.31,0.7,0.17,0.31,,,,,,,,,
Neto Borges,DF-MF,"(FB,",Left,183cm,84kg,"September 13, 1996",Brazil,Clermont Foot,"8,654",2025.0,,,,,,,,,,,,,,0.03,0.02,0.59,0.07,0.11,0.13,1.73,49.15,80.7,3.08,2.11,0.93,1.66,6.08,1.59,1.9,1.04,2.66,1.18,,,,,,,,,
Johan Gastien,MF,(CM-DM),Right,181cm,66kg,"January 25, 1988",France,Clermont Foot,"10,385",2025.0,,,,,,,,,,,,,,0.04,0.03,0.47,0.0,0.09,0.11,2.31,66.87,82.5,6.47,0.72,0.33,0.33,1.01,1.73,1.45,1.37,0.94,0.54,,,,,,,,,
Jim Allevinah,DF-FW-MF,(AM),Right,172cm,67kg,"February 27, 1995",Gabon,Clermont Foot,"2,500",2024.0,,,,,,,,,,,,,,0.09,0.1,1.57,0.04,0.07,0.17,2.8,36.52,79.4,2.54,3.98,1.22,2.89,5.51,1.4,0.79,0.96,1.44,0.79,,,,,,,,,
Maximiliano Caufriez,DF,(CB),Right,189cm,81kg,"February 16, 1997",Belgium,Clermont Foot,"10,192",2026.0,,,,,,,,,,,,,,0.04,0.04,0.53,0.04,0.01,0.04,0.71,47.19,87.1,3.36,1.46,0.35,0.53,0.66,2.12,0.93,1.02,3.36,0.84,,,,,,,,,
Shamar Nicholson,FW,,Right,192cm,79kg,"March 16, 1997",Jamaica,Clermont Foot,"5,192",2024.0,,,,,,,,,,,,,,0.18,0.27,2.33,0.18,0.07,0.33,2.7,23.36,70.3,2.02,1.1,0.49,4.54,6.74,0.31,0.0,0.37,0.92,2.88,,,,,,,,,
Maxime Gonalons,MF,(CM-DM),Right,187cm,76kg,"March 10, 1989",France,Clermont Foot,"15,000",2024.0,,,,,,,,,,,,,,0.06,0.02,0.75,0.0,0.02,0.04,1.28,51.93,86.0,5.51,0.52,0.52,0.58,0.64,3.59,1.51,1.39,0.75,1.16,,,,,,,,,
Yohann Magnin,MF,(DM),Right,183cm,71kg,"June 21, 1997",France,Clermont Foot,"3,462",2025.0,,,,,,,,,,,,,,0.06,0.09,0.89,0.0,0.07,0.17,1.33,44.86,83.5,3.32,0.77,0.22,1.6,2.16,2.6,1.0,2.1,1.33,1.94,,,,,,,,,
Mehdi Zeffane,DF-MF,"(FB,",Right,174cm,63kg,"May 19, 1992",Algeria,Clermont Foot,"4,615",2024.0,,,,,,,,,,,,,,0.06,0.15,1.46,0.06,0.04,0.2,1.78,47.09,75.1,3.55,1.02,0.38,1.59,3.81,2.28,1.46,0.89,2.22,0.51,,,,,,,,,
Cheick Oumar Konaté,MF,,,173cm,63kg,"April 2, 2004",Mali,Clermont Foot,,,,,,,,,,,,,,,,,,,,,,,,,,,,,,,,,,,,,,,,,,,
Bilal Boutobba,FW-MF,"(AM,",Left,175cm,54kg,"August 29, 1998",France,Clermont Foot,"9,615",2026.0,,,,,,,,,,,,,,0.1,0.2,2.35,0.1,0.17,0.36,3.23,38.19,69.5,4.11,3.72,1.47,3.62,8.32,2.15,0.78,0.88,0.29,1.08,,,,,,,,,
Grejohn Kyei,FW,,Right,187cm,83kg,"August 12, 1995",France,Clermont Foot,"5,769",2024.0,,,,,,,,,,,,,,0.29,0.42,2.6,0.0,0.06,0.48,1.66,24.38,73.9,2.24,1.23,1.3,4.99,6.95,0.58,0.29,0.36,0.8,2.82,,,,,,,,,
Yoël Armougom,DF,"(FB,",Left,173cm,71kg,"June 5, 1998",France,Clermont Foot,"4,423",2025.0,,,,,,,,,,,,,,,,,,,,,,,,,,,,,,,,,,,,,,,,,
Jérémie Bela,DF-FW-MF,(WM),Right,173cm,69kg,"April 8, 1993",Angola,Clermont Foot,"12,692",2024.0,,,,,,,,,,,,,,,,,,,,,,,,,,,,,,,,,,,,,,,,,
Théo Borne,GK,,,191cm,73kg,"July 15, 2002",France,Clermont Foot,,,,,,,,,,,,,,,,,,,,,,,,,,,,,,,,,,,,,,,,,,,
Gianluigi Donnarumma,GK,,Right,196cm,89kg,"February 25, 1999",Italy,Paris Saint-Germain,"244,808",2026,0.26,1.05,78.5,0.28,25.0,36.8,33.04,14.9,5.67,24.0,4.8,1.08,13.5,,,,,,,,,,,,,,,,,,,,,,,,,,,,
Kylian Mbappé,FW-MF,,Right,178cm,73kg,"December 20, 1998",France,Paris Saint-Germain,"1,384,615",2024,,,,,,,,,,,,,,0.77,0.64,4.56,0.19,0.27,0.91,4.54,38.4,81.8,4.83,4.99,2.64,9.18,12.67,0.16,0.19,0.21,0.05,0.13,,,,,,,,,
Lucas Hernández,DF,"(CB-FB,",Left,183cm,76kg,"February 14, 1996",France,Paris Saint-Germain,"365,385",2028,,,,,,,,,,,,,,0.07,0.04,0.34,0.03,0.08,0.12,1.19,82.31,89.3,6.16,1.46,0.44,0.82,1.02,2.21,1.02,0.88,1.9,1.02,,,,,,,,,
Vitinha,MF,,Right,172cm,63kg,"February 13, 2000",Portugal,Paris Saint-Germain,"104,808",2027,,,,,,,,,,,,,,0.29,0.15,1.84,0.17,0.16,0.30,3.63,75.58,90.3,7.40,1.84,1.35,1.99,4.64,1.73,1.04,1.15,1.15,0.20,,,,,,,,,
Achraf Hakimi,DF-MF,"(FB-WM,",Right,177cm,68kg,"November 4, 1998",Morocco,Paris Saint-Germain,"279,808",2026,,,,,,,,,,,,,,0.16,0.16,1.79,0.19,0.24,0.39,4.03,89.74,86.6,8.92,3.71,1.22,2.81,10.01,1.47,0.77,1.28,1.28,0.58,,,,,,,,,
Danilo Pereira,DF-FW-MF,(CB-CM-DM),Right,188cm,66kg,"September 9, 1991",Portugal,Paris Saint-Germain,"61,538",2025,,,,,,,,,,,,,,0.0,0.06,0.45,0.0,0.01,0.07,0.64,93.58,94.4,6.03,1.24,0.15,0.64,0.15,1.09,1.13,1.17,3.88,1.7,,,,,,,,,
Ousmane Dembélé,FW-MF,(AM),Both,178cm,60kg,"May 15, 1997",France,Paris Saint-Germain,"384,615",2028,,,,,,,,,,,,,,0.11,0.26,2.75,0.41,0.33,0.58,6.5,58.61,72.8,6.83,9.32,3.75,6.91,14.93,1.08,0.37,0.48,0.11,0.26,,,,,,,,,
Bradley Barcola,FW-MF,,Right,188cm,63kg,"September 2, 2002",France,Paris Saint-Germain,"100,000",2028,,,,,,,,,,,,,,0.12,0.24,1.84,0.48,0.3,0.55,4.04,35.25,76.4,3.72,5.71,2.92,7.63,13.19,1.96,0.92,1.48,0.72,1.0,,,,,,,,,
Gonçalo Ramos,FW,,Right,184cm,78kg,"June 20, 2001",Portugal,Paris Saint-Germain,"105,769",2024,,,,,,,,,,,,,,0.61,0.65,3.57,0.0,0.12,0.77,2.36,25.58,76.6,2.15,0.81,0.54,6.13,6.13,1.68,0.27,0.74,1.21,1.88,,,,,,,,,
Randal Kolo Muani,FW-MF,,Right,187cm,73kg,"December 5, 1998",France,Paris Saint-Germain,"244,808",2028,,,,,,,,,,,,,,0.43,0.47,2.03,0.22,0.25,0.72,3.16,23.51,70.5,2.86,2.9,1.9,5.89,8.31,0.69,0.22,0.48,0.78,1.47,,,,,,,,,
Marco Asensio,FW-MF,(WM),Left,178cm,69kg,"January 21, 1996",Spain,Paris Saint-Germain,"279,808",2026,,,,,,,,,,,,,,0.32,0.23,2.56,0.32,0.3,0.54,3.65,49.9,81.1,4.93,2.82,1.15,2.63,6.92,0.77,0.13,0.7,0.13,0.13,,,,,,,,,
Carlos Soler,MF,(CM-WM),Right,183cm,72kg,"January 2, 1997",Spain,Paris Saint-Germain,"115,385",2027,,,,,,,,,,,,,,0.09,0.09,0.91,0.18,0.19,0.29,2.37,57.9,85.2,4.74,1.09,0.36,3.28,4.92,1.28,0.18,0.91,0.82,0.27,,,,,,,,,
Lucas Beraldo,DF,,Right,182cm,77kg,"November 24, 2003",Brazil,Paris Saint-Germain,"62,885",2028,,,,,,,,,,,,,,0.09,0.09,0.44,0.0,0.03,0.11,0.96,79.32,88.4,2.71,0.26,0.26,0.44,0.0,2.19,1.58,1.23,2.01,2.01,,,,,,,,,
Nordi Mukiele,DF-MF,"(CB-FB,",Right,185cm,73kg,"November 1, 1997",France,Paris Saint-Germain,"161,538",2027,,,,,,,,,,,,,,0.0,0.1,0.55,0.0,0.0,0.1,0.82,67.91,85.7,4.09,1.23,0.82,0.95,1.77,1.36,1.36,2.05,3.55,2.05,,,,,,,,,
Arnau Tenas,GK,,Right,185cm,78kg,"May 30, 2001",Spain,Paris Saint-Germain,"23,077",2026,,,,,,,,,,,,,,,,,,,,,,,,,,,,,,,,,,,,,,,,,
Keylor Navas,GK,,Right,183cm,78kg,"December 15, 1986",Costa,Paris Saint-Germain,"209,808",2024,-0.13,1.57,68.8,0.29,0.0,0.0,29.05,52.4,6.87,50.0,4.8,0.29,8.0,,,,,,,,,,,,,,,,,,,,,,,,,,,,
Keylor Navas,GK,,Right,183cm,78kg,"December 15, 1986",Costa,Paris Saint-Germain,"209,808",2024,-0.13,1.57,68.8,0.29,0.0,0.0,29.05,52.4,6.87,50.0,4.8,0.29,8.0,,,,,,,,,,,,,,,,,,,,,,,,,,,,
Nuno Mendes,DF-MF,"(FB,",Left,176cm,69kg,"June 19, 2002",Portugal,Paris Saint-Germain,"27,692",2026,,,,,,,,,,,,,,,,,,,,,,,,,,,,,,,,,,,,,,,,,
Layvin Kurzawa,DF,"(FB,",Left,182cm,74kg,"September 4, 1992",France,Paris Saint-Germain,"115,385",2024,,,,,,,,,,,,,,,,,,,,,,,,,,,,,,,,,,,,,,,,,
Layvin Kurzawa,DF,"(FB,",Left,182cm,74kg,"September 4, 1992",France,Paris Saint-Germain,"115,385",2024,,,,,,,,,,,,,,,,,,,,,,,,,,,,,,,,,,,,,,,,,
Alexandre Letellier,GK,,Right,191cm,81kg,"December 11, 1990",France,Paris Saint-Germain,"11,538",2024,,,,,,,,,,,,,,,,,,,,,,,,,,,,,,,,,,,,,,,,,
Youssouf Fofana,MF,(CM-DM),Right,184cm,69kg,"January 10, 1999",France,Monaco,"5,385",2025,,,,,,,,,,,,,,0.06,0.15,1.63,0.13,0.12,0.27,3.17,56.72,80.3,7.79,1.82,1.35,1.51,2.61,1.98,1.38,1.35,1.01,0.47,,,,,,,,,
Philipp Köhn,GK,,Right,185cm,79kg,"April 2, 1998",Switzerland,Monaco,"21,154",2028,0.05,1.45,72.2,0.27,16.7,22.7,32.09,32.5,5.91,43.5,7.8,0.86,11.3,,,,,,,,,,,,,,,,,,,,,,,,,,,,
Wilfried Singo,DF-MF,"(DM,",Right,190cm,81kg,"December 25, 2000",Côte,Monaco,"35,385",2028,,,,,,,,,,,,,,0.04,0.07,1.03,0.04,0.06,0.14,1.56,58.44,84.8,5.49,1.83,1.07,1.41,1.68,1.26,1.83,1.14,3.05,2.67,,,,,,,,,
Denis Zakaria,MF,(CM-DM),Right,191cm,76kg,"November 20, 1996",Switzerland,Monaco,"75,000",2028,,,,,,,,,,,,,,0.18,0.06,1.06,0.0,0.05,0.11,1.56,50.17,91.2,4.37,0.97,1.24,0.87,0.92,1.75,2.02,1.56,1.84,0.46,,,,,,,,,
Takumi Minamino,FW-MF,(AM),Right,174cm,67kg,"January 16, 1995",Japan,Monaco,"88,462",2026,,,,,,,,,,,,,,0.35,0.24,2.39,0.22,0.19,0.43,3.09,37.53,72.1,4.07,1.95,0.75,4.55,8.35,1.24,0.49,1.06,0.4,0.31,,,,,,,,,
Guillermo Maripán,DF,(CB),Right,193cm,83kg,"May 6, 1994",Chile,Monaco,"34,615",2025,,,,,,,,,,,,,,0.05,0.02,0.53,0.0,0.02,0.04,0.53,53.22,88.3,3.29,0.29,0.05,0.77,0.24,1.16,1.4,1.21,5.32,2.32,,,,,,,,,
Vanderson,DF-MF,"(FB,",Right,180cm,73kg,"June 21, 2001",Brazil,Monaco,"57,692",2028,,,,,,,,,,,,,,0.14,0.1,1.35,0.1,0.12,0.23,2.85,52.84,73.2,3.96,1.45,1.11,2.12,7.29,3.28,1.64,1.45,1.64,0.58,,,,,,,,,
Ismail Jakobs,DF-FW-MF,"(FB,",Left,183cm,74kg,"August 17, 1999",Senegal,Monaco,"12,500",2026,,,,,,,,,,,,,,0.05,0.08,1.21,0.1,0.1,0.18,2.93,51.66,70.4,3.28,2.47,0.55,2.83,7.87,3.18,0.76,1.16,2.47,2.67,,,,,,,,,
Folarin Balogun,FW,,Right,179cm,73kg,"July 3, 2001",United,Monaco,"110,577",2028,,,,,,,,,,,,,,0.41,0.51,3.77,0.14,0.13,0.64,3.03,20.09,72.8,1.7,2.07,0.87,7.4,10.62,0.6,0.14,0.46,0.32,0.46,,,,,,,,,
Maghnes Akliouche,MF,,Left,175cm,63kg,"February 25, 2002",France,Monaco,"2,308",2026,,,,,,,,,,,,,,0.46,0.33,2.32,0.2,0.17,0.5,4.78,46.56,77.5,5.37,2.19,1.86,4.58,8.75,2.12,0.46,1.19,0.13,0.2,,,,,,,,,
Soungoutou Magassa,MF,,Right,188cm,69kg,"October 8, 2003",France,Monaco,"6,923",2027,,,,,,,,,,,,,,0.0,0.04,0.58,0.0,0.01,0.06,0.87,64.36,86.4,5.78,0.51,0.58,0.58,0.65,3.68,1.52,1.52,2.6,1.59,,,,,,,,,
Mohamed Camara,MF,(CM-DM),Right,168cm,71kg,"January 6, 2000",Mali,Monaco,"23,077",2027,,,,,,,,,,,,,,0.0,0.06,1.41,0.08,0.06,0.13,3.3,62.65,91.0,7.15,1.26,0.86,0.55,1.73,3.14,1.02,0.94,0.55,0.63,,,,,,,,,
Thilo Kehrer,DF,(CB-FB),Right,186cm,72kg,"September 21, 1996",Germany,Monaco,"92,885",2024,,,,,,,,,,,,,,0.0,0.03,0.55,0.06,0.06,0.1,1.4,58.7,87.1,4.94,1.04,0.24,1.22,2.2,1.71,1.28,0.98,3.29,1.59,,,,,,,,,
Mohammed Salisu,DF,"(CB,",Left,191cm,82kg,"April 17, 1999",Ghana,Monaco,"59,615",2028,,,,,,,,,,,,,,0.0,0.02,0.44,0.11,0.02,0.06,0.78,65.33,83.3,6.11,0.56,0.33,0.56,0.44,2.22,2.11,1.78,4.11,3.0,,,,,,,,,
Krépin Diatta,DF-FW-MF,,Right,175cm,69kg,"February 25, 1999",Senegal,Monaco,"57,692",2025,,,,,,,,,,,,,,0.0,0.08,1.13,0.0,0.21,0.28,1.13,43.31,63.2,2.81,3.56,1.13,2.81,7.69,2.81,1.69,1.5,3.38,2.44,,,,,,,,,
Krépin Diatta,DF-FW-MF,,Right,175cm,69kg,"February 25, 1999",Senegal,Monaco,"57,692",2025,,,,,,,,,,,,,,0.0,0.08,1.13,0.0,0.21,0.28,1.13,43.31,63.2,2.81,3.56,1.13,2.81,7.69,2.81,1.69,1.5,3.38,2.44,,,,,,,,,
Chrislain Matsima,DF,,Right,190cm,83kg,"May 15, 2002",France,Clermont Foot,"14,423",2026,,,,,,,,,,,,,,0.18,0.12,1.76,0.18,0.05,0.18,2.47,42.88,80.7,3.53,3.35,0.53,4.41,9.88,1.41,0.35,1.94,0.35,0.53,,,,,,,,,
Chrislain Matsima,DF,,Right,190cm,83kg,"May 15, 2002",France,Clermont Foot,"14,423",2026,,,,,,,,,,,,,,0.18,0.12,1.76,0.18,0.05,0.18,2.47,42.88,80.7,3.53,3.35,0.53,4.41,9.88,1.41,0.35,1.94,0.35,0.53,,,,,,,,,
Chrislain Matsima,DF,,Right,190cm,83kg,"May 15, 2002",France,Clermont Foot,"14,423",2026,,,,,,,,,,,,,,0.18,0.12,1.76,0.18,0.05,0.18,2.47,42.88,80.7,3.53,3.35,0.53,4.41,9.88,1.41,0.35,1.94,0.35,0.53,,,,,,,,,
Chrislain Matsima,DF,,Right,190cm,83kg,"May 15, 2002",France,Clermont Foot,"14,423",2026,,,,,,,,,,,,,,0.18,0.12,1.76,0.18,0.05,0.18,2.47,42.88,80.7,3.53,3.35,0.53,4.41,9.88,1.41,0.35,1.94,0.35,0.53,,,,,,,,,
Breel Embolo,FW-MF,,Right,185cm,71kg,"February 14, 1997",Switzerland,Monaco,"77,308",2026,,,,,,,,,,,,,,,,,,,,,,,,,,,,,,,,,,,,,,,,,
Ruben Aguilar,DF-MF,"(DM-FB,",Right,172cm,69kg,"April 26, 1993",France,Lens,"28,846",2026,,,,,,,,,,,,,,0.04,0.06,0.55,0.12,0.11,0.17,1.89,60.2,81.5,5.24,1.81,0.35,1.62,7.41,2.33,1.14,1.77,1.89,1.03,,,,,,,,,
Bradley Locko,DF,"(FB,",Left,180cm,64kg,"May 6, 2002",France,Brest,"9,615",2027,,,,,,,,,,,,,,0.0,0.01,0.36,0.07,0.05,0.06,1.98,55.78,83.4,3.87,2.65,1.79,0.63,4.46,3.07,1.26,0.86,2.05,0.86,,,,,,,,,
Kenny Lala,DF-MF,"(FB,",Right,178cm,78kg,"October 3, 1991",Madagascar,Brest,"13,846",2025,,,,,,,,,,,,,,0.03,0.01,0.54,0.09,0.09,0.11,2.77,64.57,78.1,5.83,1.29,0.63,0.43,2.51,2.37,0.91,0.89,2.06,0.17,,,,,,,,,
Marco Bizot,GK,,Right,183cm,84kg,"March 10, 1991",Netherlands,Brest,"17,500",2026,0.05,1.03,76.3,0.26,25.0,39.4,36.14,39.7,6.06,46.6,5.2,1.27,15.8,,,,,,,,,,,,,,,,,,,,,,,,,,,,
Romain Del Castillo,FW-MF,(AM-WM),Left,172cm,55kg,"March 29, 1996",France,Brest,"20,962",2027,,,,,,,,,,,,,,0.17,0.11,1.42,0.27,0.34,0.45,5.72,51.22,67.3,5.32,3.42,2.61,2.47,9.92,1.76,0.41,1.15,0.24,1.02,,,,,,,,,
Pierre Lees-Melou,MF,(CM-DM-WM),Right,185cm,67kg,"May 25, 1993",France,Brest,"41,923",2027,,,,,,,,,,,,,,0.12,0.08,1.87,0.12,0.1,0.18,2.97,58.38,84.4,6.61,1.68,1.1,1.47,1.62,3.49,1.44,1.99,2.2,0.73,,,,,,,,,
Lilian Brassier,DF,"(CB,",Left,184cm,78kg,"November 2, 1999",France,Brest,"2,308",2025,,,,,,,,,,,,,,0.03,0.03,0.47,0.0,0.02,0.04,0.66,56.48,82.0,3.75,0.54,0.44,0.82,0.09,1.23,1.42,0.85,2.99,1.98,,,,,,,,,
Hugo Magnetti,MF,,Right,180cm,74kg,"May 30, 1998",France,Brest,"15,769",2027,,,,,,,,,,,,,,0.12,0.08,1.3,0.0,0.07,0.14,2.24,42.74,88.0,3.79,1.34,1.18,0.77,2.36,1.87,0.69,0.86,0.65,0.53,,,,,,,,,
Mahdi Camara,MF,(CM),Right,178cm,59kg,"June 30, 1998",France,Brest,"5,769",2024,,,,,,,,,,,,,,0.24,0.2,1.89,0.09,0.14,0.34,3.31,37.92,82.6,3.73,1.56,0.94,3.35,5.38,2.36,1.42,0.94,0.8,1.51,,,,,,,,,
Jérémy Le Douaron,FW-MF,,Left,189cm,81kg,"April 21, 1998",France,Brest,"17,500",2027,,,,,,,,,,,,,,0.27,0.33,2.67,0.0,0.06,0.4,1.81,20.66,66.1,1.27,2.58,0.9,4.52,6.96,1.08,0.18,0.9,0.54,2.4,,,,,,,,,
Steve Mounié,FW,,Right,190cm,83kg,"September 29, 1994",Benin,Brest,"16,154",2024,,,,,,,,,,,,,,0.28,0.4,3.03,0.09,0.07,0.48,1.75,24.17,59.1,1.24,1.19,0.69,6.11,5.74,0.37,0.09,0.83,0.87,7.21,,,,,,,,,
Mathias Pereira Lage,FW-MF,(AM),Right,180cm,67kg,"November 30, 1996",Portugal,Brest,"9,808",2025,,,,,,,,,,,,,,0.31,0.28,2.76,0.08,0.09,0.38,2.76,28.95,64.8,1.53,1.38,0.61,3.6,7.51,1.61,0.61,0.92,1.0,2.14,,,,,,,,,
Jonas Martin,DF-MF,(AM-CM),Right,182cm,69kg,"April 9, 1990",France,Brest,"15,385",2025,,,,,,,,,,,,,,0.0,0.09,0.73,0.08,0.07,0.17,2.02,65.97,86.1,6.61,1.69,0.4,1.29,2.58,3.15,0.73,1.13,1.61,1.61,,,,,,,,,
Kamory Doumbia,MF,,Right,170cm,53kg,"February 18, 2003",Mali,Brest,"2,885",2024,,,,,,,,,,,,,,0.59,0.39,2.44,0.39,0.11,0.51,2.74,50.03,85.9,5.77,2.35,1.47,3.62,4.5,2.93,0.78,1.56,0.78,0.88,,,,,,,,,
Julien Le Cardinal,DF,,Right,182cm,73kg,"August 3, 1997",France,Brest,"9,231",2024,,,,,,,,,,,,,,0.0,0.05,0.66,0.0,0.02,0.07,1.64,48.61,81.4,4.76,0.66,0.66,1.15,0.99,4.11,2.14,1.31,4.43,1.97,,,,,,,,,
Grégoire Coudert,GK,,,188cm,77kg,"April 3, 1999",France,Brest,"3,462",2026,,,,,,,,,,,,,,,,,,,,,,,,,,,,,,,,,,,,,,,,,
Axel Camblan,FW,,,168cm,59kg,"August 30, 2003",France,Brest,,,,,,,,,,,,,,,,,,,,,,,,,,,,,,,,,,,,,,,,,,,
Adrien Lebeau,MF,,Right,175cm,69kg,"July 8, 1999",France,Brest,"3,846",2024,,,,,,,,,,,,,,,,,,,,,,,,,,,,,,,,,,,,,,,,,
Jordan Amavi,DF,"(FB,",Left,176cm,69kg,"March 9, 1994",France,Brest,"28,846",2024,,,,,,,,,,,,,,,,,,,,,,,,,,,,,,,,,,,,,,,,,
Christophe Hérelle,DF,(CB),Right,179cm,73kg,"August 22, 1992",Martinique,Metz,"13,462",2025,,,,,,,,,,,,,,0.0,0.01,0.25,0.0,0.0,0.01,0.88,35.2,89.9,2.44,0.06,0.31,0.25,0.06,1.75,0.94,1.0,3.95,0.81,,,,,,,,,
Yan Marillat,GK,,Right,180cm,69kg,"August 12, 1994",France,Le Puy Foot 43,,,,,,,,,,,,,,,,,,,,,,,,,,,,,,,,,,,,,,,,,,,
Lucas Chevalier,GK,,Right,192cm,84kg,"November 6, 2001",France,Lille,"21,923",2027,0.17,0.83,76.9,0.26,50.0,48.6,36.94,26.8,3.63,41.8,6.0,0.94,13.8,,,,,,,,,,,,,,,,,,,,,,,,,,,,
Benjamin André,DF-MF,(AM-CM-DM),Right,177cm,68kg,"August 3, 1990",France,Lille,"30,000",2026,,,,,,,,,,,,,,0.1,0.09,0.84,0.0,0.03,0.12,1.61,68.5,81.9,6.86,0.93,0.29,1.16,1.19,3.35,1.32,1.13,2.03,2.7,,,,,,,,,
Leny Yoro,DF,"(CB,",Right,185cm,79kg,"November 13, 2005",France,Lille,"6,923",2025,,,,,,,,,,,,,,0.07,0.05,0.43,0.0,0.0,0.05,0.54,64.45,92.4,2.2,0.25,0.29,0.51,0.07,1.15,1.26,0.61,3.18,1.48,,,,,,,,,
Jonathan David,FW-MF,,Right,180cm,73kg,"January 14, 2000",Canada,Lille,"32,308",2025,,,,,,,,,,,,,,0.5,0.47,2.61,0.07,0.12,0.59,2.67,22.21,80.2,2.71,1.72,0.59,4.59,7.16,0.86,0.3,0.46,0.1,0.76,,,,,,,,,
Angel Gomes,FW-MF,(AM),Right,168cm,52kg,"August 31, 2000",England,Lille,"13,654",2025,,,,,,,,,,,,,,0.0,0.08,1.3,0.22,0.17,0.24,3.36,60.95,89.4,6.91,1.7,0.83,1.09,2.46,0.94,0.58,0.76,0.83,0.33,,,,,,,,,
Ismaily,DF,"(FB,",Left,177cm,69kg,"January 11, 1990",Brazil,Lille,"34,615",2024,,,,,,,,,,,,,,0.0,0.0,0.2,0.04,0.04,0.05,1.14,53.01,82.7,3.94,3.05,1.02,1.38,4.31,2.32,1.18,1.26,2.64,1.5,,,,,,,,,
Edon Zhegrova,FW-MF,"(AM,",Left,181cm,66kg,"March 31, 1999",Kosovo,Lille,"23,077",2026,,,,,,,,,,,,,,0.21,0.25,3.14,0.21,0.32,0.56,5.43,42.92,73.9,3.82,4.75,3.82,4.5,12.57,0.98,0.34,0.64,0.25,0.21,,,,,,,,,
Nabil Bentaleb,MF,(CM-DM),Left,187cm,78kg,"November 24, 1994",Algeria,Lille,"19,231",2026,,,,,,,,,,,,,,0.0,0.02,0.48,0.14,0.06,0.07,1.92,64.87,85.1,5.95,0.72,1.01,0.38,0.96,2.21,1.53,1.53,1.44,1.05,,,,,,,,,
Bafodé Diakité,DF,(CB-FB),Right,182cm,73kg,"January 6, 2001",France,Lille,"6,923",2026,,,,,,,,,,,,,,0.2,0.09,0.76,0.05,0.05,0.13,1.06,67.07,91.6,5.29,1.26,0.5,1.36,0.81,1.56,1.21,0.96,2.37,1.61,,,,,,,,,
Yusuf Yazıcı,FW-MF,(AM),Left,183cm,78kg,"January 29, 1997",Turkey,Lille,"20,192",2024,,,,,,,,,,,,,,0.3,0.39,2.81,0.08,0.13,0.53,2.73,33.24,75.6,3.34,2.12,0.99,4.55,5.69,1.37,0.38,0.68,0.38,0.38,,,,,,,,,
Rémy Cabella,FW-MF,(AM),Right,171cm,66kg,"March 8, 1990",France,Lille,"27,692",2025,,,,,,,,,,,,,,0.15,0.36,1.73,0.25,0.25,0.61,5.13,55.62,80.4,6.65,4.47,1.42,4.52,9.5,2.84,0.36,1.68,0.2,0.46,,,,,,,,,
Gabriel Gudmundsson,DF-MF,"(FB,",Left,181cm,76kg,"April 29, 1999",Sweden,Lille,"7,692",2026,,,,,,,,,,,,,,0.07,0.06,0.98,0.0,0.08,0.13,1.47,42.63,80.5,2.93,2.72,0.63,2.23,5.09,1.6,1.05,0.98,1.74,0.7,,,,,,,,,
Hákon Arnar Haraldsson,FW-MF,,Right,180cm,73kg,"April 10, 2003",Iceland,Lille,"19,321",2028,,,,,,,,,,,,,,0.09,0.04,0.75,0.0,0.13,0.17,2.61,40.2,81.4,3.82,1.96,1.31,2.52,5.97,0.84,0.09,0.47,0.37,0.09,,,,,,,,,
Ivan Cavaleiro,FW-MF,(AM-WM),Right,175cm,72kg,"October 18, 1993",Portugal,Lille,"35,577",2024,,,,,,,,,,,,,,0.12,0.15,1.29,0.12,0.12,0.27,1.99,32.3,73.6,2.69,2.11,1.17,3.51,8.89,1.17,0.59,1.05,0.7,1.76,,,,,,,,,
Adam Ounas,FW-MF,,Left,172cm,64kg,"November 11, 1996",Algeria,Lille,"52,500",2024,,,,,,,,,,,,,,0.0,0.0,0.0,0.2,0.08,0.08,2.0,63.86,90.0,4.99,0.4,0.8,0.8,1.8,2.0,0.4,1.0,1.0,0.6,,,,,,,,,
Adam Ounas,FW-MF,,Left,172cm,64kg,"November 11, 1996",Algeria,Lille,"52,500",2024,,,,,,,,,,,,,,0.0,0.0,0.0,0.2,0.08,0.08,2.0,63.86,90.0,4.99,0.4,0.8,0.8,1.8,2.0,0.4,1.0,1.0,0.6,,,,,,,,,
Alan Virginius,FW,,Right,178cm,57kg,"January 3, 2003",France,Clermont Foot,"5,192",2024,,,,,,,,,,,,,,0.0,0.14,0.91,0.13,0.03,0.18,2.09,19.96,65.4,1.7,1.57,0.78,3.39,5.48,0.39,0.13,0.65,0.65,0.52,,,,,,,,,
Andrej Ilic,FW,,Right,184cm,86kg,"April 3, 2000",Serbia,Lille,"8,462",2027,,,,,,,,,,,,,,0.0,0.02,0.24,0.0,0.01,0.05,0.97,50.81,90.2,3.27,0.6,0.6,0.6,0.24,1.45,1.09,0.73,3.75,2.66,,,,,,,,,
Andrej Ilic,FW,,Right,184cm,(6-½),"April 3, 2000",Serbia,Lille,,,,,,,,,,,,,,,,0.0,0.02,0.24,0.0,0.01,0.05,0.97,50.81,90.2,3.27,0.6,0.6,0.6,0.24,1.45,1.09,0.73,3.75,2.66,,,,,,,,,
Adam Jakubech,GK,,Right,190cm,88kg,"January 2, 1997",Slovakia,Lille,"4,808",2025,,,,,,,,,,,,,,,,,,,,,,,,,,,,,,,,,,,,,,,,,
Vito Mannone,GK,,Right,191cm,83kg,"March 2, 1988",Italy,Lille,"4,808",2025,,,,,,,,,,,,,,,,,,,,,,,,,,,,,,,,,,,,,,,,,
Melvin Bard,DF,"(FB,",Left,173cm,68kg,"November 6, 2000",France,Nice,"3,846",2026,,,,,,,,,,,,,,0.0,0.02,0.46,0.07,0.1,0.12,1.76,61.79,81.7,3.98,2.35,1.29,0.86,3.81,2.55,1.79,1.49,1.62,0.9,,,,,,,,,
Jean-Clair Todibo,DF,"(CB,",Right,190cm,81kg,"December 30, 1999",France,Nice,"22,692",2027,,,,,,,,,,,,,,0.0,0.03,0.45,0.07,0.06,0.09,1.5,83.82,89.7,5.45,0.94,0.66,0.59,0.21,1.96,1.15,1.19,3.35,1.5,,,,,,,,,
Gaëtan Laborde,FW-MF,,Left,181cm,78kg,"May 3, 1994",France,Nice,"41,538",2026,,,,,,,,,,,,,,0.28,0.38,3.11,0.12,0.13,0.52,2.8,26.32,65.7,2.05,1.77,0.91,5.08,7.8,1.06,0.24,0.95,0.39,1.34,,,,,,,,,
Morgan Sanson,MF,(AM-CM-WM),Right,182cm,69kg,"August 18, 1994",France,Nice,"50,000",2024,,,,,,,,,,,,,,0.08,0.14,1.73,0.12,0.17,0.32,3.46,42.47,77.2,3.66,2.89,1.29,2.13,4.38,1.57,0.96,1.41,0.56,0.44,,,,,,,,,
Terem Moffi,FW,,Left,188cm,82kg,"May 25, 1999",Nigeria,Nice,"17,308",2027,,,,,,,,,,,,,,0.36,0.45,2.55,0.12,0.19,0.63,2.59,17.89,72.6,1.27,1.51,1.16,4.66,5.94,0.6,0.16,0.6,0.68,1.04,,,,,,,,,
Jordan Lotomba,DF-MF,"(FB,",Right,177cm,64kg,"September 29, 1998",Switzerland,Nice,"14,615",2025,,,,,,,,,,,,,,0.0,0.05,0.62,0.0,0.05,0.09,1.53,50.4,84.9,2.97,1.98,0.99,1.11,2.52,2.1,0.74,1.44,1.53,1.07,,,,,,,,,
Khéphren Thuram,MF,(CM),Right,191cm,82kg,"March 26, 2001",France,Nice,"16,731",2025,,,,,,,,,,,,,,0.05,0.13,1.81,0.0,0.17,0.3,3.57,48.26,86.4,4.34,3.0,1.57,2.0,2.48,1.81,0.86,1.1,1.48,0.76,,,,,,,,,
Youssouf Ndayishimiye,DF-MF,(CB),Right,183cm,74kg,"October 27, 1998",Burundi,Nice,"18,077",2027,,,,,,,,,,,,,,0.0,0.07,0.77,0.0,0.02,0.09,1.54,70.9,89.7,5.01,0.88,0.61,0.99,0.61,1.65,0.66,1.05,2.48,1.82,,,,,,,,,
Pablo Rosario,DF-MF,"(CM-DM,",Right,188cm,73kg,"January 7, 1997",Netherlands,Nice,"7,500",2026,,,,,,,,,,,,,,0.0,0.08,0.88,0.0,0.04,0.12,2.04,53.68,89.2,4.5,0.79,0.65,1.16,1.3,2.04,1.07,1.16,1.76,1.63,,,,,,,,,
Hicham Boudaoui,MF,(WM),Right,175cm,60kg,"September 23, 1999",Algeria,Nice,"11,538",2027,,,,,,,,,,,,,,0.14,0.17,1.62,0.05,0.11,0.28,2.72,49.08,86.7,5.25,1.77,1.62,2.05,2.77,2.53,0.81,1.15,0.81,0.76,,,,,,,,,
Evann Guessand,FW,,Right,185cm,78kg,"July 1, 2001",France,Nice,"5,769",2026,,,,,,,,,,,,,,0.26,0.42,2.75,0.0,0.08,0.51,2.82,17.99,73.7,2.05,2.37,1.34,6.15,6.98,0.96,0.64,0.58,0.38,1.66,,,,,,,,,
Sofiane Diop,FW-MF,,Right,165cm,49kg,"June 9, 2000",France,Nice,"19,615",2027,,,,,,,,,,,,,,0.0,0.3,2.75,0.0,0.15,0.45,4.25,41.63,79.6,5.63,4.13,1.5,3.0,7.88,1.63,1.0,0.63,0.5,0.63,,,,,,,,,
Alexis Claude-Maurice,FW-MF,,Right,180cm,72kg,"June 6, 1998",France,Nice,"23,077",2024,,,,,,,,,,,,,,0.35,0.37,3.18,0.18,0.14,0.51,2.65,47.56,80.3,3.54,2.48,3.18,2.48,3.89,2.12,0.88,0.71,1.24,0.53,,,,,,,,,
Romain Perraud,DF,"(FB,",Left,173cm,68kg,"September 22, 1997",France,Nice,"35,000",2024,,,,,,,,,,,,,,,,,,,,,,,,,,,,,,,,,,,,,,,,,
Tom Louchet,MF,,,176cm,64kg,"May 4, 2003",France,Nice,,,,,,,,,,,,,,,,,,,,,,,,,,,,,,,,,,,,,,,,,,,
Badredine Bouanani,MF,,Left,172cm,60kg,"December 8, 2004",Algeria,Lorient,"2,308",2027,,,,,,,,,,,,,,0.0,0.16,2.57,0.12,0.32,0.48,5.39,38.57,78.1,3.92,5.27,2.33,4.04,9.67,1.22,0.61,0.98,0.61,0.0,,,,,,,,,
Antoine Mendy,DF,,Right,177cm,62kg,"May 27, 2004",France,Nice,,,,,,,,,,,,,,,,,,,,,,,,,,,,,,,,,,,,,,,,,,,
Valentin Rosier,DF,"(FB,",Right,175cm,69kg,"August 19, 1996",France,Nice,"49,038",2024,,,,,,,,,,,,,,,,,,,,,,,,,,,,,,,,,,,,,,,,,
Teddy Boulhendi,GK,,Right,185cm,82kg,"April 9, 2001",France,Nice,"2,308",2025,,,,,,,,,,,,,,,,,,,,,,,,,,,,,,,,,,,,,,,,,
Teddy Boulhendi,GK,,Right,185cm,82kg,"April 9, 2001",France,Nice,"2,308",2025,,,,,,,,,,,,,,,,,,,,,,,,,,,,,,,,,,,,,,,,,
Maxime Dupé,GK,,Right,188cm,87kg,"March 4, 1993",France,Nice,"8,077",2026,0.0,1.0,79.2,0.21,0.0,28.6,40.43,23.3,5.14,27.6,5.9,1.0,14.4,,,,,,,,,,,,,,,,,,,,,,,,,,,,
Daouda Traoré,MF,,,186cm,76kg,"July 22, 2006",France,Nice,,,,,,,,,,,,,,,,,,,,,,,,,,,,,,,,,,,,,,,,,,,
Kevin Danso,DF-MF,(CB),Right,190cm,79kg,"September 19, 1998",Austria,Lens,"28,846",2027,,,,,,,,,,,,,,0.03,0.06,0.69,0.03,0.01,0.07,1.05,56.08,87.9,4.32,1.0,0.36,0.85,0.13,0.72,0.72,1.41,3.96,1.9,,,,,,,,,
Facundo Medina,DF,"(CB,",Left,184cm,82kg,"May 28, 1999",Argentina,Lens,"31,538",2028,,,,,,,,,,,,,,0.03,0.04,0.55,0.11,0.07,0.1,1.74,66.49,87.2,6.24,1.58,0.58,0.55,0.71,1.79,0.84,1.29,1.9,1.26,,,,,,,,,
Florian Sotoca,FW-MF,(AM),Right,187cm,78kg,"October 25, 1990",France,Lens,"11,538",2026,,,,,,,,,,,,,,0.11,0.16,2.04,0.19,0.18,0.33,3.35,49.06,72.1,5.28,1.86,0.64,3.88,8.63,1.22,0.64,1.19,1.35,3.11,,,,,,,,,
Jonathan Gradit,DF,"(CB-FB,",Right,180cm,77kg,"November 24, 1992",France,Lens,"16,154",2026,,,,,,,,,,,,,,0.03,0.01,0.12,0.0,0.01,0.02,1.25,58.75,85.9,6.92,1.05,0.18,0.18,0.2,1.98,1.46,1.37,2.92,2.42,,,,,,,,,
Salis Abdul Samed,MF,(CM-DM),Right,180cm,60kg,"March 26, 2000",Ghana,Lens,"16,154",2028,,,,,,,,,,,,,,0.0,0.04,0.25,0.0,0.03,0.07,1.52,49.1,89.2,4.08,0.69,0.36,0.51,1.05,1.41,0.9,0.79,1.23,0.29,,,,,,,,,
Elye Wahi,FW,,Right,178cm,69kg,"January 2, 2003",France,Lens,"32,692",2028,,,,,,,,,,,,,,0.52,0.41,2.73,0.18,0.14,0.54,1.95,16.01,73.5,1.03,2.66,1.0,5.2,8.15,0.33,0.11,0.33,0.15,0.59,,,,,,,,,
Neil El Aynaoui,MF,,Right,182cm,78kg,"July 2, 2001",France,Lens,"2,885",2027,,,,,,,,,,,,,,0.05,0.12,1.12,0.1,0.04,0.17,1.21,36.52,85.5,3.25,1.36,0.68,2.04,2.43,2.19,1.65,1.21,1.46,1.02,,,,,,,,,
Andy Diouf,MF,,Left,175cm,62kg,"May 17, 2003",France,Lens,"17,308",2028,,,,,,,,,,,,,,0.06,0.1,1.71,0.0,0.1,0.2,3.81,50.97,80.1,5.14,4.32,2.16,1.52,3.68,1.9,0.25,0.89,0.44,0.63,,,,,,,,,
David Pereira da Costa,FW-MF,,Right,180cm,63kg,"January 5, 2001",Portugal,Lens,"13,846",2026,,,,,,,,,,,,,,0.24,0.14,1.75,0.12,0.21,0.35,3.01,43.53,77.2,4.45,3.13,1.08,2.59,6.2,0.9,1.08,1.26,0.54,0.24,,,,,,,,,
Adrien Thomasson,DF-FW-MF,(AM-CM-WM),Right,182cm,74kg,"December 10, 1993",France,Lens,"20,769",2026,,,,,,,,,,,,,,0.2,0.25,2.17,0.15,0.23,0.47,4.39,46.67,74.9,4.49,1.31,0.81,4.9,7.73,1.46,0.45,1.31,1.01,1.01,,,,,,,,,
Angelo Fulgini,FW-MF,(AM-CM),Right,188cm,71kg,"August 20, 1996",France,Lens,"35,000",2027,,,,,,,,,,,,,,0.11,0.22,2.45,0.11,0.22,0.45,4.57,50.53,72.7,4.84,2.34,1.17,2.87,7.18,1.54,0.48,1.49,0.59,1.17,,,,,,,,,
Wesley Saïd,FW-MF,(WM),Right,171cm,64kg,"April 19, 1995",France,Lens,"10,385",2026,,,,,,,,,,,,,,0.53,0.48,3.86,0.09,0.08,0.57,3.34,24.67,70.1,2.37,1.58,0.97,6.94,8.69,0.7,0.35,0.26,0.18,0.7,,,,,,,,,
Deiver Machado,DF-MF,"(FB,",Left,172cm,69kg,"September 2, 1993",Colombia,Lens,"10,385",2026,,,,,,,,,,,,,,0.24,0.07,1.02,0.06,0.11,0.18,1.87,37.8,76.6,2.17,1.93,0.78,1.39,5.12,1.39,0.66,0.96,1.15,0.96,,,,,,,,,
Nampalys Mendy,MF,(CM-DM),Right,168cm,68kg,"June 23, 1992",Senegal,Lens,"25,000",2025,,,,,,,,,,,,,,0.0,0.02,0.41,0.0,0.02,0.03,1.4,47.31,87.1,5.2,1.32,0.17,0.17,0.5,2.31,1.4,0.83,1.4,0.66,,,,,,,,,
Jhoanner Chávez,DF-MF,,Left,175cm,77kg,"April 25, 2002",Ecuador,Lens,"8,654",2027,,,,,,,,,,,,,,0.0,0.05,0.61,0.0,0.08,0.12,1.38,40.34,76.5,2.44,0.76,0.0,1.38,3.21,0.92,1.07,0.46,1.83,1.07,,,,,,,,,
Morgan Guilavogui,FW-MF,,Right,188cm,74kg,"March 10, 1998",Guinea,Lens,"16,346",2027,,,,,,,,,,,,,,0.27,0.29,3.16,0.0,0.19,0.48,4.4,34.76,74.3,5.5,2.2,0.82,6.73,11.68,2.47,0.55,1.92,0.69,1.92,,,,,,,,,
Stijn Spierings,MF,(CM),Right,187cm,72kg,"March 12, 1996",Netherlands,Toulouse,"15,385",2024,,,,,,,,,,,,,,0.0,0.07,0.61,0.04,0.03,0.1,2.37,65.07,86.7,8.94,1.05,0.26,0.39,1.4,3.11,1.49,1.31,1.67,0.88,,,,,,,,,
Stijn Spierings,MF,(CM),Right,187cm,72kg,"March 12, 1996",Netherlands,Toulouse,"15,385",2024,,,,,,,,,,,,,,0.0,0.07,0.61,0.04,0.03,0.1,2.37,65.07,86.7,8.94,1.05,0.26,0.39,1.4,3.11,1.49,1.31,1.67,0.88,,,,,,,,,
Jean-Louis Leca,GK,,Right,180cm,74kg,"September 21, 1985",France,Lens,"13,846",2025,,,,,,,,,,,,,,,,,,,,,,,,,,,,,,,,,,,,,,,,,
Benjamin Bourigeaud,FW-MF,(AM-CM-WM),Right,177cm,66kg,"January 14, 1994",France,Rennes,"43,846",2026,,,,,,,,,,,,,,0.17,0.18,1.69,0.26,0.28,0.46,4.43,57.33,77.3,6.7,0.99,0.32,2.13,4.83,1.05,0.96,1.08,1.19,0.2,,,,,,,,,
Arthur Theate,DF,"(CB,",Left,191cm,81kg,"May 25, 2000",Belgium,Rennes,"70,000",2027,,,,,,,,,,,,,,0.06,0.09,0.83,0.0,0.02,0.11,0.8,65.74,88.2,6.18,1.45,0.18,1.09,0.74,1.03,1.03,1.39,3.28,1.48,,,,,,,,,
Arnaud Kalimuendo,FW,,Right,178cm,73kg,"January 20, 2002",France,Rennes,"28,846",2027,,,,,,,,,,,,,,0.23,0.31,2.41,0.0,0.07,0.39,2.75,19.67,80.8,1.41,1.03,0.57,4.28,7.22,0.31,0.15,0.5,0.27,0.34,,,,,,,,,
Warmed Omari,DF,"(CB,",Right,180cm,58kg,"April 23, 2000",France,Rennes,"12,308",2027,,,,,,,,,,,,,,0.03,0.03,0.22,0.03,0.01,0.04,0.84,57.61,90.9,4.81,0.81,0.22,0.44,0.03,1.22,1.22,1.12,3.22,2.16,,,,,,,,,
Adrien Truffert,DF,"(FB,",Left,173cm,60kg,"November 20, 2001",France,Rennes,"19,231",2026,,,,,,,,,,,,,,0.07,0.07,0.82,0.07,0.09,0.16,1.91,56.17,79.0,4.3,2.28,0.94,1.65,7.0,1.46,0.56,1.35,1.98,0.52,,,,,,,,,
Amine Gouiri,FW-MF,,Right,180cm,72kg,"February 16, 2000",Algeria,Rennes,"23,077",2027,,,,,,,,,,,,,,0.43,0.33,3.25,0.13,0.09,0.42,3.35,32.22,78.9,3.65,2.68,1.67,5.39,8.16,1.17,0.57,0.77,0.43,0.74,,,,,,,,,
Baptiste Santamaria,MF,(CM-DM),Right,183cm,73kg,"March 9, 1995",France,Rennes,"38,462",2026,,,,,,,,,,,,,,0.03,0.08,1.25,0.07,0.02,0.1,1.84,54.86,86.8,5.54,0.76,0.55,0.73,1.35,1.98,1.42,0.8,1.46,2.04,,,,,,,,,
Ludovic Blas,FW-MF,(AM-WM),Left,180cm,69kg,"December 31, 1997",France,Rennes,"50,000",2027,,,,,,,,,,,,,,0.19,0.2,2.83,0.08,0.12,0.32,2.87,28.42,77.0,3.02,3.51,1.91,4.2,8.56,1.41,0.34,0.73,0.42,0.31,,,,,,,,,
Enzo Le Fée,MF,(CM),Right,170cm,64kg,"February 3, 2000",France,Rennes,"38,462",2028,,,,,,,,,,,,,,0.04,0.05,0.7,0.17,0.12,0.17,2.89,61.67,84.5,6.9,2.85,1.78,1.12,4.25,2.56,0.91,0.99,0.95,0.54,,,,,,,,,
Martin Terrier,FW-MF,"(AM,",Right,183cm,81kg,"March 4, 1997",France,Rennes,"57,692",2026,,,,,,,,,,,,,,0.37,0.25,2.06,0.11,0.15,0.4,3.34,31.71,81.0,3.97,2.06,0.85,5.35,6.19,1.06,0.42,1.27,0.74,1.8,,,,,,,,,
Jeanuël Belocian,DF,,Left,186cm,78kg,"February 17, 2005",France,Rennes,"6,346",2025,,,,,,,,,,,,,,0.0,0.02,0.14,0.05,0.02,0.04,0.74,52.23,88.7,3.45,1.06,0.28,0.32,2.58,1.89,0.83,1.11,2.81,0.6,,,,,,,,,
Désiré Doué,MF,,Right,178cm,72kg,"June 3, 2005",France,Rennes,"10,000",2026,,,,,,,,,,,,,,0.22,0.14,2.49,0.22,0.22,0.35,4.93,41.59,74.0,6.23,4.44,3.52,4.49,9.58,1.95,1.03,1.68,0.38,0.27,,,,,,,,,
Christopher Wooh,DF,(CB),Right,190cm,78kg,"September 18, 2001",Cameroon,Rennes,"4,615",2026,,,,,,,,,,,,,,0.06,0.1,0.79,0.0,0.04,0.13,0.73,46.16,85.6,3.71,0.67,0.06,1.28,0.3,0.97,1.28,1.16,3.71,1.71,,,,,,,,,
Azor Matusiwa,MF,(CM-DM),Right,173cm,73kg,"April 28, 1998",Netherlands,Rennes,"25,000",2028,,,,,,,,,,,,,,0.04,0.05,3.08,0.12,0.08,0.59,3.2,38.42,76.5,4.15,2.96,2.25,3.32,11.26,2.49,1.07,0.83,0.59,0.71,,,,,,,,,
Alidu Seidu,DF,(CB),Right,173cm,68kg,"June 4, 2000",Ghana,Rennes,"5,769",2027,,,,,,,,,,,,,,0.0,0.02,0.45,0.05,0.04,0.05,1.18,54.09,82.6,2.77,1.45,0.91,0.05,1.04,2.49,2.09,1.22,2.45,1.36,,,,,,,,,
Bertuğ Yıldırım,FW,,,Born:,July,Team: Turkey tr,Rennes,"€ 11,538 Weekly Expires June 2028. Via Capology.",,,,,,,,,,,,,,,,0.13,0.17,1.35,0.0,0.04,0.2,2.02,20.45,73.0,2.15,1.08,0.94,3.23,5.65,1.21,0.13,2.15,0.54,2.56,,,,,,,,,
Fabian Rieder,FW-MF,,Left,181cm,73kg,"February 16, 2002",Switzerland,Rennes,"21,154",2027,,,,,,,,,,,,,,0.38,0.08,1.34,0.19,0.08,0.15,3.83,46.53,79.0,8.43,1.72,0.57,1.53,4.6,2.68,1.15,0.96,0.38,0.96,,,,,,,,,
Mathis Lambourde,FW,,,179cm,(5-10½),"January 9, 2006",France,Rennes,,,,,,,,,,,,,,,,,,,,,,,,,,,,,,,,,,,,,,,,,,,
Mathis Lambourde,FW,,,179cm,(5-10½),"January 9, 2006",France,Rennes,,,,,,,,,,,,,,,,,,,,,,,,,,,,,,,,,,,,,,,,,,,
Gauthier Gallon,GK,,Right,186cm,78kg,"April 23, 1993",France,Rennes,"8,654",2026,0.28,1.95,78.7,0.26,0.0,0.0,48.11,32.2,12.43,44.2,7.8,0.53,9.5,,,,,,,,,,,,,,,,,,,,,,,,,,,,
Matthis Abline,FW,,Right,176cm,69kg,"March 28, 2003",France,Nantes,"10,385",2024,,,,,,,,,,,,,,0.32,0.29,3.87,0.0,0.18,0.46,3.54,19.87,73.0,1.72,2.26,1.5,6.01,8.27,0.64,0.11,0.21,0.54,1.4,,,,,,,,,
Geoffrey Lembet,GK,,Left,185cm,74kg,"September 23, 1988",Central,Rennes,,,,,,,,,,,,,,,,,,,,,,,,,,,,,,,,,,,,,,,,,,,
Maxence Caqueret,MF,(CM-DM),Right,174cm,63kg,"February 15, 2000",France,Lyon,"64,615",2027,,,,,,,,,,,,,,0.11,0.07,0.74,0.11,0.19,0.27,3.8,61.1,83.2,8.15,2.21,1.73,1.65,2.61,2.67,1.53,1.28,0.71,0.28,,,,,,,,,
Anthony Lopes,GK,,Left,184cm,77kg,"October 1, 1990",Portugal,Lyon,"92,308",2025,-0.04,1.64,71.9,0.26,12.5,27.3,36.12,33.0,6.03,33.3,6.9,1.09,13.8,0.18,0.16,0.76,0.09,0.05,0.21,0.63,54.39,88.2,2.64,0.63,0.27,1.16,0.09,0.76,0.45,0.85,3.72,1.7,,,,,,,,,
Anthony Lopes,GK,,Left,184cm,77kg,"October 1, 1990",Portugal,Lyon,"92,308",2025,-0.04,1.64,71.9,0.26,12.5,27.3,36.12,33.0,6.03,33.3,6.9,1.09,13.8,0.18,0.16,0.76,0.09,0.05,0.21,0.63,54.39,88.2,2.64,0.63,0.27,1.16,0.09,0.76,0.45,0.85,3.72,1.7,,,,,,,,,
Nicolás Tagliafico,DF,"(CB-FB,",Left,172cm,64kg,"August 31, 1992",Argentina,Lyon,"87,500",2025,,,,,,,,,,,,,,0.11,0.08,0.64,0.04,0.05,0.12,1.8,49.64,83.9,4.21,1.39,0.19,1.47,4.73,2.25,1.05,1.16,1.8,1.09,,,,,,,,,
Clinton Mata,DF-MF,"(CB-FB,",Right,185cm,72kg,"November 7, 1992",Angola,Lyon,"21,154",2026,,,,,,,,,,,,,,0.16,0.2,2.07,0.11,0.2,0.4,3.77,33.68,76.5,3.71,5.19,2.67,5.29,11.63,1.26,0.44,0.76,0.49,0.49,,,,,,,,,
Clinton Mata,DF-MF,"(CB-FB,",Right,185cm,72kg,"November 7, 1992",Angola,Lyon,"21,154",2026,,,,,,,,,,,,,,0.16,0.2,2.07,0.11,0.2,0.4,3.77,33.68,76.5,3.71,5.19,2.67,5.29,11.63,1.26,0.44,0.76,0.49,0.49,,,,,,,,,
Corentin Tolisso,DF-MF,(CM-DM-FB),Right,181cm,78kg,"August 3, 1994",France,Lyon,"92,308",2027,,,,,,,,,,,,,,0.05,0.11,2.25,0.0,0.11,0.23,2.99,70.06,85.0,7.99,1.52,0.28,1.84,2.99,1.61,0.64,1.42,0.96,1.79,,,,,,,,,
Rayan Cherki,FW-MF,,Both,176cm,69kg,"August 17, 2003",France,Lyon,"69,231",2025,,,,,,,,,,,,,,0.09,0.26,3.05,0.28,0.25,0.51,5.63,56.2,78.5,7.3,5.17,3.93,6.28,9.84,1.25,0.32,0.6,0.05,0.05,,,,,,,,,
Ainsley Maitland-Niles,DF-FW-MF,(FB-WM),Right,180cm,67kg,"August 29, 1997",England,Lyon,"42,308",2027,,,,,,,,,,,,,,0.0,0.12,0.88,0.18,0.09,0.21,1.95,49.8,82.2,4.72,1.65,1.18,2.3,5.42,1.89,1.06,1.06,1.77,0.94,,,,,,,,,
Dejan Lovren,DF,(CB),Right,188cm,83kg,"July 5, 1989",Croatia,Lyon,"92,308",2025,,,,,,,,,,,,,,0.1,0.06,0.77,0.0,0.0,0.06,0.38,55.47,84.7,2.58,0.48,0.0,0.96,0.1,1.24,1.34,0.96,4.5,3.06,,,,,,,,,
Saïd Benrahma,FW-MF,(AM),Right,172cm,67kg,"August 10, 1995",Algeria,Lyon,"55,000",2026,,,,,,,,,,,,,,0.52,0.52,3.69,0.0,0.07,0.59,2.51,25.18,68.3,2.21,1.92,1.55,5.54,7.6,0.74,0.22,0.59,0.0,0.74,,,,,,,,,
Saïd Benrahma,FW-MF,(AM),Right,172cm,67kg,"August 10, 1995",Algeria,Lyon,"55,000",2026,,,,,,,,,,,,,,0.52,0.52,3.69,0.0,0.07,0.59,2.51,25.18,68.3,2.21,1.92,1.55,5.54,7.6,0.74,0.22,0.59,0.0,0.74,,,,,,,,,
Saïd Benrahma,FW-MF,(AM),Right,172cm,67kg,"August 10, 1995",Algeria,Lyon,"55,000",2026,,,,,,,,,,,,,,0.52,0.52,3.69,0.0,0.07,0.59,2.51,25.18,68.3,2.21,1.92,1.55,5.54,7.6,0.74,0.22,0.59,0.0,0.74,,,,,,,,,
Paul Akouokou,MF,,Right,190cm,83kg,"December 20, 1997",Côte,Lyon,"14,423",2027,,,,,,,,,,,,,,0.0,0.02,0.54,0.0,0.0,0.02,1.27,46.63,86.8,3.08,0.18,1.09,0.36,0.36,4.54,2.36,1.81,4.9,2.18,,,,,,,,,
Malick Fofana,DF-MF,,Left,Born:,March,National Team: Belgium,Lyon,"€ 19,231 Weekly Expires June 2028. Via Capology.",,,,,,,,,,,,,,,,0.18,0.13,2.08,0.18,0.28,0.41,4.22,43.4,79.9,3.15,7.49,1.9,5.59,9.15,1.19,0.77,0.59,0.65,0.18,,,,,,,,,
Orel Mangala,MF,(CM-DM),Right,178cm,78kg,"March 18, 1998",Belgium,Lyon,"30,000",2026,,,,,,,,,,,,,,0.08,0.07,0.54,0.04,0.04,0.1,1.16,34.68,86.8,2.91,0.81,0.74,0.54,1.12,1.55,1.55,0.77,1.67,0.62,,,,,,,,,
Tino Kadewere,FW,,Right,190cm,71kg,"January 5, 1996",Zimbabwe,Nantes,"20,769",2024,,,,,,,,,,,,,,0.09,0.13,1.26,0.0,0.09,0.22,2.25,27.57,73.9,3.05,1.89,0.99,3.5,6.92,0.63,1.44,1.26,1.17,3.41,,,,,,,,,
Johann Lepenant,MF,(CM),Right,183cm,68kg,"October 22, 2002",France,Lyon,"13,846",2027,,,,,,,,,,,,,,,,,,,,,,,,,,,,,,,,,,,,,,,,,
Adryelson,DF,(CB),Right,181cm,73kg,"March 23, 1998",Brazil,Lyon,"19,321",2028,,,,,,,,,,,,,,0.03,0.03,0.37,0.03,0.01,0.04,0.4,46.24,85.5,1.58,0.06,0.0,0.84,0.09,1.05,1.77,1.3,6.04,2.66,,,,,,,,,
Mohamed El Arouch,MF,,,166cm,55kg,"April 6, 2004",France,Lyon,"2,885",2025,,,,,,,,,,,,,,,,,,,,,,,,,,,,,,,,,,,,,,,,,
Lucas Perri,GK,,Right,195cm,94kg,"December 10, 1997",Brazil,Lyon,"17,308",2028,0.33,0.96,77.6,0.3,,41.7,30.82,47.5,6.52,44.0,6.0,1.21,16.2,,,,,,,,,,,,,,,,,,,,,,,,,,,,
Pau López,GK,,Left,189cm,77kg,"December 13, 1994",Spain,Marseille,"74,038",2026,-0.23,1.34,68.4,0.26,0.0,23.3,37.92,27.6,4.62,40.0,4.7,0.82,13.8,,,,,,,,,,,,,,,,,,,,,,,,,,,,
Pierre-Emerick Aubameyang,FW-MF,(WM),Right,187cm,79kg,"June 18, 1989",Gabon,Marseille,"161,538",2026,,,,,,,,,,,,,,0.49,0.51,3.56,0.29,0.19,0.7,2.4,22.5,70.0,2.03,2.32,0.58,5.18,7.82,0.61,0.35,0.98,0.9,0.81,,,,,,,,,
Chancel Mbemba,DF,"(CB,",Right,182cm,79kg,"August 8, 1994",Congo,Marseille,"73,846",2025,,,,,,,,,,,,,,0.16,0.08,0.77,0.05,0.04,0.11,0.93,54.3,86.2,5.39,0.74,0.27,1.04,0.55,1.37,0.79,0.9,3.77,1.67,,,,,,,,,
Leonardo Balerdi,DF,(CB),Right,193cm,96kg,"January 26, 1999",Argentina,Marseille,"19,038",2026,,,,,,,,,,,,,,0.06,0.03,0.37,0.0,0.01,0.03,0.83,60.86,85.6,4.25,0.6,0.34,0.54,0.14,3.05,2.0,1.34,3.68,2.57,,,,,,,,,
Jordan Veretout,MF,(CM-DM),Right,176cm,66kg,"March 1, 1993",France,Marseille,"126,923",2025,,,,,,,,,,,,,,0.09,0.12,1.33,0.15,0.21,0.34,3.45,56.72,80.1,8.01,2.03,0.23,1.42,3.02,1.45,0.58,0.84,0.96,0.52,,,,,,,,,
Amine Harit,FW-MF,(AM),Right,179cm,66kg,"June 18, 1997",Morocco,Marseille,"59,615",2027,,,,,,,,,,,,,,0.03,0.15,1.48,0.27,0.21,0.36,4.28,45.66,84.5,6.53,3.94,1.75,3.23,6.13,1.25,0.57,1.28,0.17,0.4,,,,,,,,,
Iliman Ndiaye,FW-MF,,Right,180cm,74kg,"March 6, 2000",Senegal,Marseille,"38,462",2028,,,,,,,,,,,,,,0.17,0.24,1.87,0.09,0.11,0.35,3.36,30.23,82.7,3.53,2.98,2.64,4.21,8.56,0.98,0.3,0.68,0.47,0.34,,,,,,,,,
Samuel Gigot,DF-MF,(CB-DM),Right,187cm,83kg,"October 12, 1993",France,Marseille,"43,654",2025,,,,,,,,,,,,,,0.08,0.1,0.96,0.0,0.03,0.13,0.87,47.91,88.2,2.87,0.54,0.08,1.87,0.46,1.91,1.33,1.37,4.5,2.66,,,,,,,,,
Azzedine Ounahi,MF,,Right,182cm,72kg,"April 19, 2000",Morocco,Marseille,"79,808",2027,,,,,,,,,,,,,,0.1,0.1,1.51,0.05,0.13,0.23,3.07,57.65,88.2,6.54,2.01,0.7,1.46,4.53,1.56,0.8,0.65,0.45,0.4,,,,,,,,,
Geoffrey Kondogbia,MF,(CM-DM),Left,188cm,78kg,"February 15, 1993",Central,Marseille,"136,154",2027,,,,,,,,,,,,,,0.04,0.06,0.91,0.0,0.03,0.09,1.57,57.09,87.9,4.9,0.37,0.62,0.91,1.24,3.01,2.35,1.28,1.44,0.82,,,,,,,,,
Joaquín Correa,FW-MF,(AM),Right,188cm,77kg,"August 13, 1994",Argentina,Marseille,"104,808",2025,,,,,,,,,,,,,,0.0,0.15,1.26,0.0,0.15,0.29,2.71,30.06,77.5,3.96,2.03,1.64,3.38,8.22,1.16,0.29,0.48,0.19,0.77,,,,,,,,,
Luis Henrique,FW-MF,,Right,181cm,69kg,"December 14, 2001",Brazil,Marseille,"17,115",2025,,,,,,,,,,,,,,0.12,0.12,0.99,0.0,0.1,0.24,2.98,44.01,77.7,4.1,2.86,1.49,2.61,9.45,0.99,0.75,0.87,0.62,0.12,,,,,,,,,
Rubén Blanco,GK,,Right,188cm,69kg,"July 25, 1995",Spain,Marseille,"48,077",2026,,,,,,,,,,,,,,,,,,,,,,,,,,,,,,,,,,,,,,,,,
Emran Soglo,MF,,Left,178cm,(5-10),"July 11, 2005",England,Marseille,,,,,,,,,,,,,,,,,,,,,,,,,,,,,,,,,,,,,,,,,,,
Simon Ngapandouetnbu,GK,,Right,180cm,73kg,"April 12, 2003",Cameroon,Marseille,"6,923",2026,,,,,,,,,,,,,,,,,,,,,,,,,,,,,,,,,,,,,,,,,
Yehvann Diouf,GK,,Right,185cm,73kg,"November 16, 1999",France,Reims,"11,538",2027,-0.09,1.44,68.2,0.28,16.7,22.2,40.64,24.2,4.75,36.3,7.1,1.36,14.3,,,,,,,,,,,,,,,,,,,,,,,,,,,,
Junya Ito,FW-MF,"(AM,",Right,176cm,68kg,"March 9, 1993",Japan,Reims,"23,077",2026,,,,,,,,,,,,,,0.12,0.14,1.51,0.19,0.34,0.48,4.51,37.46,65.5,4.76,4.2,1.7,3.31,10.38,0.99,0.34,0.65,0.22,0.74,,,,,,,,,
Emmanuel Agbadou,DF,(CB),Right,192cm,84kg,"June 17, 1997",Côte,Reims,"11,538",2027,,,,,,,,,,,,,,0.04,0.08,1.16,0.07,0.07,0.15,1.65,67.39,87.9,7.17,1.41,0.53,1.13,0.74,2.32,1.51,1.48,3.45,1.65,,,,,,,,,
Thomas Foket,DF-MF,"(FB,",Right,177cm,72kg,"September 25, 1994",Belgium,Reims,"13,846",2025,,,,,,,,,,,,,,0.0,0.01,0.16,0.08,0.07,0.08,1.59,54.45,80.7,3.66,1.51,0.36,1.03,4.26,1.47,1.23,1.59,1.55,0.76,,,,,,,,,
Marshall Munetsi,DF-MF,(CM),Right,187cm,82kg,"June 22, 1996",Zimbabwe,Reims,"13,846",2027,,,,,,,,,,,,,,0.15,0.27,1.94,0.11,0.06,0.33,1.56,23.52,73.1,2.89,0.76,0.34,3.04,3.54,2.09,0.69,0.99,1.18,1.56,,,,,,,,,
Teddy Teuma,MF,"(AM-CM-DM,",Left,176cm,72kg,"September 30, 1993",Malta,Reims,"16,346",2027,,,,,,,,,,,,,,0.25,0.1,1.97,0.15,0.17,0.28,4.19,66.27,78.3,6.51,1.33,1.18,1.53,4.88,2.27,0.89,1.48,0.25,0.39,,,,,,,,,
Thibault De Smet,DF-MF,"(FB,",Left,176cm,64kg,"June 5, 1998",Belgium,Reims,"13,846",2026,,,,,,,,,,,,,,0.0,0.01,0.18,0.0,0.05,0.07,1.38,51.92,79.4,4.96,1.16,0.27,0.58,3.44,2.59,1.03,1.16,2.46,0.89,,,,,,,,,
Oumar Diakité,FW,,Right,178cm,64kg,"December 20, 2003",Côte,Reims,"9,615",2028,,,,,,,,,,,,,,0.35,0.39,2.15,0.07,0.08,0.47,2.49,17.39,79.3,1.59,1.46,1.52,5.33,6.1,1.32,0.28,0.9,0.42,1.46,,,,,,,,,
Amir Richardson,MF,,Left,195cm,79kg,"January 24, 2002",Morocco,Reims,"6,731",2027,,,,,,,,,,,,,,0.21,0.11,1.14,0.07,0.08,0.19,1.93,44.25,82.6,4.86,1.79,0.36,1.22,2.57,2.0,1.0,1.64,1.93,1.0,,,,,,,,,
Reda Khadra,FW-MF,,Right,174cm,68kg,"July 4, 2001",Germany,Reims,"13,462",2027,,,,,,,,,,,,,,0.07,0.12,1.37,0.22,0.25,0.38,3.26,25.97,74.1,2.75,2.32,1.74,2.6,7.31,0.94,0.14,0.51,0.72,0.07,,,,,,,,,
Keito Nakamura,FW-MF,"(AM,",Right,180cm,68kg,"July 28, 2000",Japan,Reims,"17,308",2028,,,,,,,,,,,,,,0.25,0.22,2.8,0.08,0.08,0.31,2.56,27.14,72.3,4.12,2.8,0.99,4.21,10.06,2.14,0.5,1.24,0.58,0.66,,,,,,,,,
Sergio Akieme,DF,"(FB,",Left,175cm,69kg,"December 16, 1997",Spain,Reims,"17,308",2028,,,,,,,,,,,,,,0.11,0.09,0.67,0.0,0.1,0.19,1.95,41.69,77.4,1.68,1.68,1.09,1.12,3.93,1.27,0.67,0.71,1.72,0.6,,,,,,,,,
Benjamin Stambouli,DF-MF,(CB-CM-DM),Right,180cm,74kg,"August 13, 1990",France,Reims,"19,231",2024,,,,,,,,,,,,,,,,,,,,,,,,,,,,,,,,,,,,,,,,,
Maxime Busi,DF,"(FB,",Right,182cm,74kg,"October 14, 1999",Belgium,Reims,"20,962",2026,,,,,,,,,,,,,,,,,,,,,,,,,,,,,,,,,,,,,,,,,
