Player,Role,Position,Foot,Height,Weight,Birth,Nationality,Club,Wage,Expiration,Non-PenaltyGoals,npxG:Non-PenaltyxG,ShotsTotal,Assists,xAG:Exp.AssistedGoals,npxG+xAG,Shot-CreatingActions,PassesAttempted,PassCompletion%,ProgressivePasses,ProgressiveCarries,SuccessfulTake-Ons,Touches(AttPen),ProgressivePassesRec,Tackles,Interceptions,Blocks,Clearances,AerialsWon,PSxG-GA,GoalsAgainst,SavePercentage,PSxG/SoT,Save%(PenaltyKicks),CleanSheetPercentage,Touches,Launch%,GoalKicks,Avg.LengthofGoalKicks,CrossesStopped%,Def.ActionsOutsidePen.Area,Avg.DistanceofDef.Actions
William Saliba,DF,"(CB,",Right,193cm,76kg,"March 24, 2001",France,Arsenal,222300.0,2027.0,0.05,0.04,0.25,0.02,0.0,0.05,0.59,75.28,91.7,3.75,0.45,0.2,0.34,0.14,1.0,0.66,0.8,2.14,1.93,,,,,,,,,,,,,
Declan Rice,DF-MF,(CM-DM),Right,185cm,77kg,"January 14, 1999",England,Arsenal,280800.0,2028.0,0.15,0.06,1.18,0.15,0.1,0.17,2.37,65.12,88.5,7.89,2.06,0.92,1.31,1.42,1.94,1.31,1.12,1.44,1.1,,,,,,,,,,,,,
Bukayo Saka,FW-MF,(AM),Left,178cm,64kg,"September 5, 2001",England,Arsenal,228150.0,2027.0,0.33,0.28,2.66,0.3,0.26,0.55,5.08,43.04,75.1,3.47,4.87,1.45,7.32,14.62,2.05,0.3,1.19,0.58,0.68,,,,,,,,,,,,,
Ben White,DF,"(CB-FB,",Right,182cm,73kg,"October 8, 1997",England,Arsenal,175500.0,2028.0,0.05,0.03,0.39,0.11,0.09,0.12,1.99,63.28,85.3,5.64,1.21,0.23,1.53,4.18,1.26,0.89,1.28,1.99,1.05,,,,,,,,,,,,,
Gabriel Magalhães,DF,"(CB,",Left,190cm,78kg,"December 19, 1997",Brazil,Arsenal,117000.0,2027.0,0.09,0.11,0.82,0.0,0.02,0.12,0.58,64.36,89.0,3.17,0.34,0.02,1.1,0.22,1.16,0.71,1.16,2.78,2.41,,,,,,,,,,,,,
David Raya,GK,,Right,186cm,81kg,"September 15, 1995",Spain,Arsenal,99450.0,2024.0,,,,,,,,,,,,,,,,,,,,-0.02,0.72,73.1,0.25,33.3,48.8,34.96,35.3,3.63,45.8,12.3,1.53,17.6
Kai Havertz,FW-MF,(AM-CM-WM),Left,186cm,77kg,"June 11, 1999",Germany,Arsenal,327600.0,2028.0,0.23,0.28,1.88,0.13,0.11,0.39,2.79,31.13,82.6,3.39,1.67,0.49,4.9,5.68,1.15,0.52,0.96,0.7,2.97,,,,,,,,,,,,,
Gabriel Martinelli,FW-MF,,Right,180cm,74kg,"June 18, 2001",Brazil,Arsenal,210600.0,2027.0,0.25,0.16,2.17,0.20,0.23,0.39,5.31,55.61,84.6,8.84,2.53,1.13,4.25,5.45,1.36,0.47,0.70,0.20,0.11,,,,,,,,,,,,,
Martin Ødegaard,FW-MF,(AM-CM-WM),Left,179cm,68kg,"December 17, 1998",Norway,Arsenal,240000.0,202.0,0.28,0.28,2.38,0.18,0.24,0.52,3.72,37.6,77.5,2.59,5.18,2.13,7.52,14.44,1.28,0.25,0.99,0.28,0.64,,,,,,,,,,,,,
Oleksandr Zinchenko,DF-MF,"(FB,",Left,175cm,60kg,"December 15, 1996",Ukraine,Arsenal,175500.0,2026.0,0.04,0.03,0.78,0.08,0.09,0.12,2.79,79.68,87.8,10.77,2.05,0.33,1.23,2.67,2.47,1.11,0.9,1.44,1.44,,,,,,,,,,,,,
Gabriel Jesus,FW-MF,,Right,177cm,72kg,"April 3, 1997",Brazil,Arsenal,310050.0,2027.0,0.38,0.36,3.08,0.3,0.25,0.62,3.19,29.11,79.6,2.55,2.09,1.82,7.79,8.78,1.44,0.57,1.48,0.76,1.29,,,,,,,,,,,,,
Leandro Trossard,FW-MF,(AM),Right,172cm,60kg,"December 4, 1994",Belgium,Arsenal,105300.0,2026.0,0.57,0.34,2.6,0.2,0.17,0.51,3.33,35.02,73.1,3.94,3.05,1.14,5.61,7.52,1.18,0.45,1.26,0.57,0.28,,,,,,,,,,,,,
Jakub Kiwior,DF-MF,,Left,182cm,78kg,"February 15, 2000",Poland,Arsenal,67860.0,2028.0,0.1,0.07,0.62,0.16,0.06,0.13,1.04,53.12,83.9,4.36,0.31,0.31,1.3,1.25,1.76,0.83,0.88,2.18,1.45,,,,,,,,,,,,,
Eddie Nketiah,FW,,Right,175cm,66kg,"May 30, 1999",England,Arsenal,117000.0,2027.0,0.42,0.39,3.07,0.14,0.06,0.45,2.16,19.03,78.4,1.46,1.88,0.63,6.83,6.83,0.91,0.28,0.77,0.35,1.67,,,,,,,,,,,,,
Jorginho,MF,(CM-DM),Right,180cm,64kg,"December 20, 1991",Italy,Arsenal,128699.99999999999,2024.0,0.0,0.01,0.38,0.14,0.08,0.09,2.56,69.36,88.7,8.11,0.85,0.14,0.43,0.76,2.18,1.19,1.28,0.66,0.66,,,,,,,,,,,,,
Takehiro Tomiyasu,DF,(CB-FB),Right,185cm,78kg,"November 5, 1998",Japan,Arsenal,117000.0,2026.0,0.08,0.07,0.84,0.23,0.06,0.13,1.61,58.96,82.9,6.81,1.45,0.46,1.61,2.91,1.22,0.92,0.69,2.22,1.22,,,,,,,,,,,,,
Aaron Ramsdale,GK,,Right,195cm,79kg,"May 14, 1998",England,Arsenal,140400.0,2026.0,,,,,,,,,,,,,,,,,,,,-0.23,1.15,66.7,0.27,,30.8,34.54,34.4,3.85,48.3,14.2,0.92,12.7
Thomas Partey,MF,(CM-DM),Right,185cm,78kg,"June 13, 1993",Ghana,Arsenal,234000.0,2025.0,0.0,0.02,0.35,0.0,0.03,0.06,2.1,74.28,90.1,8.5,2.68,1.63,1.4,1.98,1.51,1.05,0.93,0.82,1.05,,,,,,,,,,,,,
Emile Smith Rowe,FW-MF,(AM),Right,182cm,72kg,"July 28, 2000",England,Arsenal,46800.0,2026.0,,,,,,,,,,,,,,,,,,,,,,,,,,,,,,,,
Reiss Nelson,FW-MF,,Right,175cm,68kg,"December 10, 1999",England,Arsenal,117000.0,2027.0,0.0,0.15,2.34,0.33,0.3,0.43,4.51,45.58,89.7,3.01,3.51,1.84,4.84,8.35,2.67,0.33,1.34,1.34,0.33,,,,,,,,,,,,,
Cédric Soares,DF-MF,"(FB,",Right,169cm,64kg,"August 31, 1991",Portugal,Arsenal,87750.0,2024.0,,,,,,,,,,,,,,,,,,,,,,,,,,,,,,,,
Mohamed Elneny,MF,(CM-DM),Right,180cm,77kg,"July 11, 1992",Egypt,Arsenal,64349.99999999999,2024.0,,,,,,,,,,,,,,,,,,,,,,,,,,,,,,,,
Luis Díaz,FW-MF,"(AM-WM,",Right,180cm,72kg,"January 13, 1997",Colombia,Liverpool,64349.99999999999,2027.0,0.35,0.38,3.05,0.12,0.16,0.54,5.17,37.79,83.4,3.67,4.2,2.39,6.92,9.96,1.12,0.24,0.56,0.3,0.83,,,,,,,,,,,,,
Alexis Mac Allister,MF,(AM-CM-WM),Right,174cm,72kg,"December 24, 1998",Argentina,Liverpool,175500.0,2028.0,0.11,0.11,1.5,0.22,0.14,0.24,3.62,67.33,86.2,6.84,1.61,0.83,1.14,1.64,2.95,1.11,2.11,0.83,0.89,,,,,,,,,,,,,
Mohamed Salah,FW-MF,"(AM-WM,",Left,175cm,71kg,"June 15, 1992",Egypt,Liverpool,409500.0,2025.0,0.45,0.53,3.68,0.51,0.41,0.95,4.7,39.0,74.5,5.2,3.56,1.22,9.16,12.45,0.59,0.08,0.59,0.06,0.25,,,,,,,,,,,,,
Dominik Szoboszlai,FW-MF,(AM),Right,186cm,73kg,"October 25, 2000",Hungary,Liverpool,140400.0,2028.0,0.21,0.17,2.64,0.1,0.2,0.38,4.42,65.39,82.1,6.68,2.98,1.1,2.81,6.64,1.37,0.65,1.85,0.65,0.48,,,,,,,,,,,,,
Alisson,GK,,Right,193cm,91kg,"October 2, 1992",Brazil,Liverpool,175500.0,2027.0,,,,,,,,,,,,,,,,,,,,0.05,0.84,76.0,0.25,0.0,38.7,46.16,16.1,4.42,35.9,4.8,1.94,18.7
Darwin Núñez,FW,,Right,187cm,79kg,"June 24, 1999",Uruguay,Liverpool,163800.0,2028.0,0.53,0.72,4.73,0.32,0.22,0.95,3.59,22.06,70.2,2.24,2.38,0.85,8.61,9.18,1.03,0.11,0.64,0.43,1.64,,,,,,,,,,,,,
Trent Alexander-Arnold,DF,"(FB,",Right,175cm,68kg,"October 7, 1998",England,Liverpool,210600.0,2025.0,0.14,0.08,1.76,0.34,0.3,0.38,4.99,89.97,75.7,8.14,1.66,1.6,1.12,3.56,1.43,1.29,0.81,1.76,0.58,,,,,,,,,,,,,
Joe Gomez,DF,"(CB-FB,",Right,188cm,77kg,"May 23, 1997",England,Liverpool,99450.0,2027.0,0.0,0.04,1.01,0.12,0.1,0.14,2.53,70.58,82.8,4.98,1.87,0.74,1.36,4.28,2.26,1.17,1.36,2.34,1.95,,,,,,,,,,,,,
Ibrahima Konaté,DF,"(CB,",Right,193cm,83kg,"May 25, 1999",France,Liverpool,81900.0,2026.0,0.0,0.03,0.51,0.0,0.02,0.05,1.1,78.01,87.5,5.52,1.13,0.37,0.84,0.15,2.16,1.32,0.99,3.11,4.09,,,,,,,,,,,,,
Wataru Endo,DF-MF,(CM-DM),Right,178cm,74kg,"February 9, 1993",Japan,Liverpool,58500.0,2027.0,0.11,0.04,0.82,0.07,0.12,0.16,2.68,64.47,86.7,5.31,0.97,0.41,1.0,1.26,2.12,0.97,1.34,1.45,1.97,,,,,,,,,,,,,
Andrew Robertson,DF-MF,"(FB,",Left,178cm,63kg,"March 11, 1994",Scotland,Liverpool,117000.0,2026.0,0.04,0.05,0.38,0.13,0.22,0.27,3.74,86.34,82.8,6.89,3.36,0.26,1.66,5.02,1.74,0.47,1.02,2.04,0.68,,,,,,,,,,,,,
Diogo Jota,FW-MF,,Right,178cm,69kg,"December 4, 1996",Portugal,Liverpool,163800.0,2027.0,0.86,0.52,3.17,0.16,0.24,0.76,3.44,29.91,74.0,2.42,3.87,1.13,7.95,8.97,1.72,0.38,0.64,0.27,1.45,,,,,,,,,,,,,
Cody Gakpo,FW-MF,(AM),Right,187cm,78kg,"May 7, 1999",Netherlands,Liverpool,140400.0,2028.0,0.44,0.44,2.81,0.22,0.23,0.67,3.93,30.56,78.9,4.26,2.52,1.78,5.3,7.3,1.48,0.48,1.11,0.48,1.26,,,,,,,,,,,,,
Virgil van Dijk,DF,,Right,193cm,87kg,"July 8, 1991",Netherlands,Liverpool,220000.0,2025.0,0.05,0.07,1.07,0.07,0.07,0.14,1.75,82.83,91.3,5.47,0.82,0.07,2.20,0.20,1.10,1.02,1.17,4.22,4.10,,,,,,,,,,,,,
Joe Gomez,DF,,Right,188cm,77kg,"May 23, 1997",England,Liverpool,85000.0,2027.0,0.00,0.04,1.00,0.12,0.10,0.14,2.55,71.00,82.8,5.02,1.89,0.73,1.35,4.44,2.32,1.20,1.35,2.36,1.97,,,,,,,,,,,,,
Curtis Jones,MF,(CM-WM),Right,185cm,72kg,"January 30, 2001",England,Liverpool,17550.0,2027.0,0.18,0.17,1.48,0.13,0.09,0.25,2.74,60.43,90.9,5.25,2.6,1.26,3.14,6.01,2.38,0.54,1.53,0.63,0.58,,,,,,,,,,,,,
Ryan Gravenberch,MF,"(CM-DM-WM,",Right,190cm,78kg,"May 16, 2002",Netherlands,Liverpool,175500.0,2028.0,0.17,0.2,1.63,0.06,0.15,0.34,3.73,43.72,83.2,6.87,2.5,1.34,2.85,5.24,2.21,1.16,1.8,1.11,0.76,,,,,,,,,,,,,
Caoimhín Kelleher,GK,,Right,188cm,81kg,"November 23, 1998",Republic,Liverpool,11700.0,2026.0,,,,,,,,,,,,,,,,,,,,-0.01,1.42,66.7,0.31,,15.8,46.0,21.7,3.16,31.6,8.0,1.26,15.3
Jarell Quansah,DF,(CB),Right,197cm,79kg,"January 29, 2003",England,Liverpool,17550.0,2024.0,0.07,0.02,0.34,0.0,0.0,0.02,1.07,96.77,89.8,4.9,0.87,0.47,0.74,0.2,1.68,1.07,0.94,2.75,3.15,,,,,,,,,,,,,
Harvey Elliott,FW-MF,"(WM,",Left,170cm,67kg,"April 4, 2003",England,Liverpool,46800.0,2027.0,0.1,0.15,3.05,0.34,0.23,0.37,4.46,63.07,82.4,8.14,3.2,0.87,3.83,7.36,1.79,0.58,1.55,0.48,0.63,,,,,,,,,,,,,
Bobby Clark,MF,,,178cm,(5-10),"February 7, 2005",England,Liverpool,,,,,,,,,,,,,,,,,,,,,,,,,,,,,,,,,,
Adrián,GK,,Right,190cm,83kg,"January 3, 1987",Spain,Liverpool,70200.0,2024.0,,,,,,,,,,,,,,,,,,,,,,,,,,,,,,,,
Stefan Bajcetic,MF,,Right,185cm,(6-1),"October 22, 2004",Spain,Liverpool,,,,,,,,,,,,,,,,,,,,,,,,,,,,,,,,,,
Julián Álvarez,FW-MF,,Right,173cm,69kg,"January 31, 2000",Argentina,Manchester City,117000.0,2028.0,0.41,0.4,3.28,0.27,0.22,0.63,4.35,42.99,80.4,3.53,2.41,1.01,5.25,6.45,1.04,0.08,0.85,0.49,0.22,,,,,,,,,,,,,
Phil Foden,FW-MF,(AM),Left,169cm,69kg,"May 28, 2000",England,Manchester City,263250.0,2027.0,0.52,0.34,3.35,0.32,0.28,0.62,4.59,55.71,85.8,5.68,3.52,1.69,6.05,9.7,0.79,0.37,0.87,0.57,0.35,,,,,,,,,,,,,
Rodri,DF-MF,(CM-DM),Right,190cm,78kg,"June 22, 1996",Spain,Manchester City,257399.99999999997,2027.0,0.21,0.13,1.81,0.21,0.11,0.23,4.61,107.93,91.5,11.21,2.89,1.27,2.37,1.72,2.0,0.82,0.85,1.34,1.57,,,,,,,,,,,,,
Ederson,GK,,Left,188cm,88kg,"August 17, 1993",Brazil,Manchester City,117000.0,2026.0,,,,,,,,,,,,,,,,,,,,0.0,0.89,69.1,0.31,0.0,29.3,39.17,18.7,3.6,36.8,8.1,1.13,16.5
Rúben Dias,DF-MF,(CB),Right,186cm,82kg,"May 14, 1997",Portugal,Manchester City,210600.0,2027.0,0.0,0.05,0.61,0.0,0.02,0.07,1.15,97.06,94.0,5.91,1.34,0.1,1.03,0.49,1.42,0.93,1.08,2.69,1.71,,,,,,,,,,,,,
Erling Haaland,FW-MF,,Left,191cm,87kg,"July 21, 2000",Norway,Manchester City,438750.0,2027.0,0.55,0.77,4.11,0.21,0.16,0.93,2.27,13.23,74.2,1.15,1.12,0.57,6.35,4.61,0.24,0.07,0.36,0.53,1.55,,,,,,,,,,,,,
Bernardo Silva,FW-MF,(AM-CM-WM),Left,173cm,64kg,"August 10, 1994",Portugal,Manchester City,351000.0,2026.0,0.29,0.17,1.48,0.11,0.24,0.41,4.42,64.52,85.8,6.25,4.85,1.31,5.39,9.93,1.71,0.51,1.03,0.57,0.14,,,,,,,,,,,,,
Manuel Akanji,DF-MF,(CB),Right,187cm,84kg,"July 19, 1995",Switzerland,Manchester City,210600.0,2027.0,0.13,0.06,0.56,0.0,0.03,0.09,1.85,84.66,93.4,5.5,1.66,0.13,1.23,1.47,1.56,0.75,0.83,2.36,1.02,,,,,,,,,,,,,
Nathan Aké,DF-MF,"(CB-FB,",Left,180cm,74kg,"February 18, 1995",Netherlands,Manchester City,187200.0,2027.0,0.11,0.13,0.93,0.07,0.06,0.19,2.09,85.61,92.3,5.55,1.38,0.22,1.75,1.01,1.19,0.52,0.63,2.49,1.94,,,,,,,,,,,,,
John Stones,DF,"(CB,",Right,188cm,69kg,"May 28, 1994",England,Manchester City,292500.0,2026.0,0.09,0.07,0.4,0.04,0.02,0.08,1.64,69.62,92.9,4.7,1.73,0.4,1.02,1.73,0.4,0.66,0.97,1.82,1.46,,,,,,,,,,,,,
Jack Grealish,FW-MF,"(AM-WM,",Right,175cm,68kg,"September 10, 1995",England,Manchester City,351000.0,2027.0,0.14,0.17,1.89,0.18,0.3,0.46,5.1,48.79,84.7,4.06,7.17,1.71,6.85,13.17,0.95,0.45,0.99,0.45,0.32,,,,,,,,,,,,,
Kevin De Bruyne,FW-MF,(AM-CM-WM),Right,181cm,69kg,"June 28, 1991",Belgium,Manchester City,468000.0,2025.0,0.51,0.22,3.15,0.71,0.67,0.89,6.5,72.63,72.5,8.62,3.47,1.09,5.53,9.46,1.16,0.32,0.77,0.26,0.64,,,,,,,,,,,,,
Rico Lewis,DF,,Right,170cm,64kg,"November 21, 2004",England,Manchester City,29250.0,2028.0,0.11,0.08,0.64,0.16,0.14,0.22,2.49,61.5,91.7,4.14,2.02,0.74,2.44,4.67,1.11,0.53,1.01,0.8,0.0,,,,,,,,,,,,,
Matheus Nunes,MF,(CM),Right,183cm,78kg,"August 27, 1998",Portugal,Manchester City,152100.0,2028.0,0.0,0.16,1.42,0.16,0.14,0.29,3.38,53.93,86.0,4.85,3.65,1.96,4.41,6.81,1.36,0.82,0.82,1.09,0.82,,,,,,,,,,,,,
Stefan Ortega,GK,,Right,186cm,87kg,"November 6, 1992",Germany,Manchester City,64349.99999999999,2025.0,,,,,,,,,,,,,,,,,,,,0.21,1.24,72.0,0.31,,30.0,50.84,18.9,3.54,35.8,6.3,2.12,18.5
Oscar Bobb,FW-MF,,Left,174cm,73kg,"July 12, 2003",Norway,Manchester City,58500.0,2029.0,0.35,0.28,1.41,0.18,0.25,0.53,5.66,46.86,87.5,4.95,3.36,2.48,6.54,8.31,1.41,0.71,0.71,0.18,0.18,,,,,,,,,,,,,
Kalvin Phillips,DF-MF,(DM),Right,177cm,68kg,"December 2, 1995",England,West Ham United,175500.0,2028.0,0.0,0.07,1.71,0.0,0.02,0.09,1.71,68.39,87.7,5.74,1.47,0.37,1.22,1.22,2.2,1.1,0.98,1.22,1.95,,,,,,,,,,,,,
Sergio Gómez,DF-MF,"(AM-FB,",Left,170cm,63kg,"September 4, 2000",Spain,Manchester City,58500.0,2026.0,,,,,,,,,,,,,,,,,,,,,,,,,,,,,,,,
Scott Carson,GK,,Right,192cm,86kg,"September 3, 1985",England,Manchester City,35100.0,2024.0,,,,,,,,,,,,,,,,,,,,,,,,,,,,,,,,
Ollie Watkins,FW-MF,,Right,180cm,69kg,"December 30, 1995",England,Aston Villa,152100.0,2028.0,0.53,0.47,2.9,0.32,0.2,0.67,2.87,16.52,73.7,1.53,1.53,0.63,5.75,6.11,0.4,0.16,0.66,0.69,1.45,,,,,,,,,,,,,
Ezri Konsa,DF-FW,"(CB,",Right,183cm,77kg,"October 23, 1997",England,Aston Villa,87750.0,2028.0,0.03,0.07,0.5,0.0,0.01,0.09,0.94,61.37,91.8,3.79,0.94,0.53,1.0,0.86,1.41,0.94,1.22,2.22,0.86,,,,,,,,,,,,,
Douglas Luiz,MF,(CM-DM),Right,178cm,66kg,"May 9, 1998",Brazil,Aston Villa,87750.0,2026.0,0.2,0.12,1.41,0.17,0.17,0.29,3.67,62.59,85.1,5.3,1.89,0.71,1.1,1.52,1.89,0.62,0.93,0.73,0.71,,,,,,,,,,,,,
Pau Torres,DF,"(CB,",Left,191cm,84kg,"January 16, 1997",Spain,Aston Villa,117000.0,2028.0,0.06,0.04,0.41,0.0,0.02,0.06,0.89,66.7,86.8,5.04,1.66,0.76,0.83,0.61,1.18,0.51,1.02,3.06,1.12,,,,,,,,,,,,,
Lucas Digne,DF-MF,"(FB,",Left,178cm,73kg,"July 20, 1993",France,Aston Villa,140400.0,2026.0,0.04,0.04,0.77,0.12,0.13,0.17,2.66,50.79,74.8,3.07,1.74,0.28,2.22,7.75,1.66,1.09,0.69,2.5,1.66,,,,,,,,,,,,,
Matty Cash,DF-FW-MF,"(FB,",Right,185cm,76kg,"August 7, 1997",Poland,Aston Villa,93600.0,2027.0,0.08,0.17,1.33,0.04,0.09,0.26,1.62,51.27,79.8,3.49,2.49,0.5,2.2,3.82,2.32,0.83,1.45,2.37,0.62,,,,,,,,,,,,,
Moussa Diaby,FW-MF,(AM),Left,170cm,64kg,"July 7, 1999",France,Aston Villa,152100.0,2028.0,0.22,0.27,2.47,0.29,0.23,0.5,3.17,28.8,78.0,3.2,3.72,1.29,5.52,7.99,0.48,0.26,0.44,0.15,0.11,,,,,,,,,,,,,
Leon Bailey,FW-MF,(AM),Left,181cm,69kg,"August 9, 1997",Jamaica,Aston Villa,140400.0,2027.0,0.44,0.29,2.38,0.44,0.4,0.69,4.49,34.4,71.4,3.39,4.62,2.42,5.85,10.21,0.57,0.4,0.7,0.35,0.66,,,,,,,,,,,,,
Diego Carlos,DF,(CB),Right,185cm,78kg,"March 15, 1993",Brazil,Aston Villa,117000.0,2026.0,0.0,0.05,0.4,0.0,0.01,0.06,0.46,65.48,88.3,3.24,0.29,0.12,1.1,0.06,1.45,0.75,1.04,3.76,1.21,,,,,,,,,,,,,
Youri Tielemans,MF,(AM-CM-DM),Right,177cm,72kg,"May 7, 1997",Belgium,Aston Villa,175500.0,2027.0,0.04,0.06,0.84,0.31,0.16,0.22,2.78,54.19,80.9,6.79,1.32,1.01,1.23,2.25,2.34,1.01,1.01,0.66,0.93,,,,,,,,,,,,,
Clément Lenglet,DF,"(CB,",Left,186cm,81kg,"June 17, 1995",France,Aston Villa,67499.64,2026.0,0.0,0.06,0.6,0.06,0.05,0.1,1.13,69.68,88.8,4.05,2.15,0.36,1.01,0.06,1.13,0.54,1.25,4.41,1.55,,,,,,,,,,,,,
Nicolò Zaniolo,FW-MF,(AM),Left,190cm,83kg,"July 2, 1999",Italy,Aston Villa,70200.0,2024.0,0.22,0.25,2.84,0.0,0.1,0.35,2.95,24.33,65.5,3.27,3.82,1.42,6.33,6.44,2.07,0.11,1.42,1.2,0.76,,,,,,,,,,,,,
Morgan Rogers,FW-MF,,Left,189cm,76kg,"July 26, 2002",England,Aston Villa,23400.0,2024.0,0.15,0.23,2.05,0.31,0.33,0.55,4.42,30.09,72.0,4.72,2.16,1.95,4.67,6.67,1.85,0.21,0.72,0.82,0.36,,,,,,,,,,,,,
Jhon Durán,FW,,Left,186cm,73kg,"December 13, 2003",Colombia,Aston Villa,35100.0,2024.0,,,,,,,,,,,,,,,,,,,,,,,,,,,,,,,,
Robin Olsen,GK,,Right,198cm,87kg,"January 8, 1990",Sweden,Aston Villa,58500.0,2024.0,,,,,,,,,,,,,,,,,,,,,,,,,,,,,,,,
Robin Olsen,GK,,Right,198cm,87kg,"January 8, 1990",Sweden,Aston Villa,58500.0,2024.0,,,,,,,,,,,,,,,,,,,,,,,,,,,,,,,,
Calum Chambers,DF-MF,"(CB-FB,",Right,183cm,77kg,"January 20, 1995",England,Aston Villa,58500.0,2025.0,,,,,,,,,,,,,,,,,,,,,,,,,,,,,,,,
Cameron Archer,FW,,Right,175cm,72kg,"July 21, 2001",England,Sheffield United,35100.0,2027.0,0.24,0.24,1.8,0.06,0.16,0.4,2.28,17.37,81.0,0.72,1.74,1.62,3.55,5.35,0.84,0.06,1.08,0.6,0.36,,,,,,,,,,,,,
Kaine Kesler-Hayden,DF-MF,"(FB,",Right,175cm,62kg,"October 23, 2002",England,Aston Villa,9360.0,2026.0,0.0,0.06,1.05,0.11,0.11,0.17,1.84,51.93,76.1,4.16,2.84,0.74,1.53,3.63,1.53,1.53,1.32,2.37,1.05,,,,,,,,,,,,,
Joe Gauci,GK,,,194cm,78kg,"July 4, 2000",Australia,Aston Villa,,,,,,,,,,,,,,,,,,,,,,,,,,,,,,,,,,
Guglielmo Vicario,GK,,Right,194cm,87kg,"October 7, 1996",Italy,Tottenham Hotspur,87750.0,2028.0,,,,,,,,,,,,,,,,,,,,0.1,1.46,71.0,0.31,0.0,15.8,44.32,20.0,5.55,25.8,6.1,1.82,16.2
Pedro Porro,DF-MF,"(DM-FB,",Right,176cm,68kg,"September 13, 1999",Spain,Tottenham Hotspur,99450.0,2028.0,0.09,0.09,1.62,0.27,0.24,0.33,3.24,65.73,75.3,4.76,1.59,0.81,1.86,4.85,2.79,1.08,2.1,3.0,0.39,,,,,,,,,,,,,
Cristian Romero,DF,(CB),Right,185cm,82kg,"April 27, 1998",Argentina,Tottenham Hotspur,193050.0,2027.0,0.14,0.08,0.55,0.03,0.04,0.12,1.24,82.55,91.5,5.62,1.07,0.14,0.76,0.21,2.28,1.66,1.41,3.62,2.79,,,,,,,,,,,,,
Dejan Kulusevski,FW-MF,"(AM,",Left,186cm,74kg,"April 25, 2000",Sweden,Tottenham Hotspur,128699.99999999999,2028.0,0.21,0.14,1.8,0.14,0.26,0.4,4.36,39.63,77.1,4.57,4.99,1.91,7.17,11.95,1.91,0.59,0.83,0.1,0.17,,,,,,,,,,,,,
Yves Bissouma,MF,(CM-DM),Right,181cm,72kg,"August 30, 1996",Mali,Tottenham Hotspur,64349.99999999999,2026.0,0.0,0.06,1.07,0.0,0.02,0.08,1.92,80.2,92.2,7.03,1.92,1.3,0.85,0.63,3.4,1.61,1.3,1.92,0.58,,,,,,,,,,,,,
James Maddison,FW-MF,(AM),Right,175cm,72kg,"November 23, 1996",England,Tottenham Hotspur,198900.0,2028.0,0.16,0.25,2.56,0.4,0.28,0.53,6.81,57.06,78.5,8.54,3.05,1.96,4.61,6.57,1.68,0.48,0.88,0.44,0.2,,,,,,,,,,,,,
Pape Matar Sarr,MF,,Right,180cm,68kg,"September 14, 2002",Senegal,Tottenham Hotspur,81900.0,2030.0,0.16,0.15,1.69,0.21,0.12,0.28,2.38,59.37,86.1,6.46,1.8,0.85,2.01,4.02,1.53,1.22,1.01,1.38,1.16,,,,,,,,,,,,,
Micky van de Ven,DF,"(CB,",Left,193cm,81kg,"April 19, 2001",Netherlands,Tottenham Hotspur,58500.0,2029.0,0.08,0.02,0.33,0.0,0.04,0.06,0.42,67.95,94.3,4.17,0.88,0.79,0.46,0.42,1.96,0.88,0.79,2.92,1.5,,,,,,,,,,,,,
Brennan Johnson,FW-MF,(AM),Right,178cm,73kg,"May 23, 2001",Wales,Tottenham Hotspur,81900.0,2028.0,0.21,0.34,1.91,0.33,0.25,0.59,2.74,28.28,71.1,2.45,3.7,1.04,5.61,9.8,1.58,0.37,1.45,0.66,0.29,,,,,,,,,,,,,
Ben Davies,DF-MF,"(CB-FB,",Left,181cm,76kg,"April 24, 1993",Wales,Tottenham Hotspur,93600.0,2025.0,0.06,0.14,0.74,0.0,0.04,0.18,1.17,62.69,87.3,5.05,1.29,0.25,1.48,2.03,1.97,0.74,1.11,2.77,2.84,,,,,,,,,,,,,
Emerson,DF-MF,"(FB,",Right,183cm,76kg,"January 14, 1999",Brazil,Tottenham Hotspur,46800.0,2026.0,0.07,0.01,0.47,0.0,0.03,0.04,1.34,77.22,88.8,3.75,1.67,0.67,1.0,2.68,2.88,1.74,1.27,4.22,1.61,,,,,,,,,,,,,
Timo Werner,FW-MF,(WM),Right,180cm,74kg,"March 6, 1996",Germany,Tottenham Hotspur,193050.0,2026.0,0.2,0.45,3.13,0.2,0.2,0.66,3.53,37.18,73.5,3.66,7.12,1.46,7.52,12.44,0.8,0.27,0.93,0.2,0.13,,,,,,,,,,,,,
Rodrigo Bentancur,MF,(CM-DM-WM),Right,185cm,73kg,"June 25, 1997",Uruguay,Tottenham Hotspur,87750.0,2026.0,0.12,0.15,1.49,0.12,0.06,0.21,2.85,71.31,83.3,6.56,1.36,0.99,2.97,3.22,2.1,1.11,1.49,1.73,1.49,,,,,,,,,,,,,
Oliver Skipp,MF,(DM),Right,177cm,66kg,"September 16, 2000",England,Tottenham Hotspur,46800.0,2027.0,0.0,0.05,0.25,0.0,0.05,0.1,1.66,46.08,88.3,3.57,0.66,0.42,1.0,2.16,2.57,0.66,1.33,1.0,0.33,,,,,,,,,,,,,
Giovani Lo Celso,FW-MF,(AM-CM-WM),Left,175cm,68kg,"April 9, 1996",Argentina,Tottenham Hotspur,81900.0,2025.0,0.34,0.13,2.06,0.34,0.38,0.5,5.04,77.27,87.4,9.06,3.9,1.38,3.44,5.04,2.87,0.69,1.03,0.46,0.23,,,,,,,,,,,,,
Radu Drăgușin,DF,(CB),Right,191cm,79kg,"February 3, 2002",Romania,Tottenham Hotspur,20925.449999999997,2027.0,0.09,0.06,0.83,0.05,0.04,0.09,0.56,41.87,83.1,1.57,0.42,0.05,1.34,0.65,0.79,1.2,1.02,4.68,3.01,,,,,,,,,,,,,
Bryan Gil,FW-MF,,Left,175cm,67kg,"February 11, 2001",Spain,Tottenham Hotspur,46800.0,2026.0,0.13,0.28,1.64,0.13,0.03,0.3,2.9,40.66,77.7,2.77,3.15,2.52,4.41,10.57,1.38,1.13,1.13,0.76,0.25,,,,,,,,,,,,,
Brandon Austin,GK,,Right,188cm,82kg,"January 8, 1999",England,Tottenham Hotspur,8775.0,2024.0,,,,,,,,,,,,,,,,,,,,,,,,,,,,,,,,
Fabian Schär,DF,(CB),Right,186cm,84kg,"December 20, 1991",Switzerland,Newcastle United,52650.0,2025.0,0.11,0.09,1.13,0.02,0.02,0.11,1.4,59.84,83.0,3.67,0.77,0.29,1.27,0.79,1.16,1.07,1.34,4.03,2.08,,,,,,,,,,,,,
Bruno Guimarães,MF,(CM-DM),Right,182cm,77kg,"November 16, 1997",Brazil,Newcastle United,187200.0,2028.0,0.12,0.11,1.09,0.18,0.14,0.25,3.72,59.78,84.2,7.33,1.53,1.83,1.83,1.94,2.4,1.04,1.36,0.79,0.49,,,,,,,,,,,,,
Anthony Gordon,FW-MF,,Right,173cm,62kg,"February 24, 2001",England,Newcastle United,70200.0,2026.0,0.3,0.29,2.34,0.24,0.2,0.49,3.61,29.95,77.5,2.9,3.96,1.39,4.32,7.13,1.66,0.3,1.09,0.27,0.24,,,,,,,,,,,,,
Dan Burn,DF,"(CB-FB,",Left,198cm,87kg,"May 9, 1992",England,Newcastle United,64349.99999999999,2025.0,0.12,0.11,0.83,0.06,0.04,0.14,1.13,54.68,80.0,3.3,0.61,0.15,1.47,1.25,2.08,1.1,1.56,3.82,3.49,,,,,,,,,,,,,
Kieran Trippier,DF-MF,"(FB,",Right,178cm,66kg,"September 19, 1990",England,Newcastle United,140400.0,2025.0,0.03,0.02,0.35,0.33,0.3,0.32,3.9,83.08,75.7,6.76,1.58,0.57,1.28,4.9,2.15,0.93,1.61,2.26,0.98,,,,,,,,,,,,,
Sean Longstaff,MF,(CM-WM),Right,181cm,77kg,"October 30, 1997",England,Newcastle United,58500.0,2025.0,0.16,0.15,1.17,0.06,0.07,0.22,1.72,40.33,80.8,4.34,0.58,0.32,2.5,3.7,1.75,0.52,1.33,0.78,0.45,,,,,,,,,,,,,
Alexander Isak,FW,,Right,190cm,69kg,"September 21, 1999",Sweden,Newcastle United,140400.0,2028.0,0.48,0.52,2.64,0.07,0.12,0.65,2.81,20.94,77.9,3.19,2.74,1.75,5.04,5.48,0.41,0.24,0.79,0.38,0.51,,,,,,,,,,,,,
Martin Dúbravka,GK,,Right,190cm,83kg,"January 15, 1989",Slovakia,Newcastle United,46800.0,2025.0,,,,,,,,,,,,,,,,,,,,0.14,1.94,69.4,0.32,20.0,26.3,32.8,17.8,7.61,38.9,6.8,0.73,11.4
Callum Wilson,FW,,Right,180cm,66kg,"February 27, 1992",England,Newcastle United,53820.0,2025.0,0.58,0.68,3.23,0.12,0.06,0.74,1.96,12.35,64.5,0.52,0.87,1.04,6.23,5.65,0.35,0.06,0.52,0.17,0.92,,,,,,,,,,,,,
Jacob Murphy,DF-FW-MF,,Right,176cm,69kg,"February 24, 1995",England,Newcastle United,40950.0,2027.0,0.25,0.23,2.34,0.33,0.24,0.47,2.93,34.49,65.8,3.43,3.01,1.17,4.27,7.95,1.59,0.33,1.26,1.09,0.17,,,,,,,,,,,,,
Elliot Anderson,MF,,Right,179cm,72kg,"November 6, 2002",Scotland,Newcastle United,35100.0,2026.0,0.0,0.14,1.66,0.2,0.16,0.29,3.41,39.0,78.8,5.46,3.51,1.95,3.9,6.53,1.95,0.98,1.56,1.95,1.66,,,,,,,,,,,,,
Harvey Barnes,FW-MF,"(AM-WM,",Right,174cm,68kg,"December 9, 1997",England,Newcastle United,93600.0,2028.0,0.62,0.36,3.11,0.18,0.31,0.67,2.93,28.01,73.7,3.56,4.62,1.16,6.4,8.0,0.8,0.27,0.53,0.44,0.44,,,,,,,,,,,,,
Emil Krafth,DF,"(FB,",Right,181cm,78kg,"August 2, 1994",Sweden,Newcastle United,64349.99999999999,2025.0,,,,,,,,,,,,,,,,,,,,,,,,,,,,,,,,
Lewis Hall,MF,,Left,179cm,72kg,"September 8, 2004",England,Newcastle United,8189.999999999999,2024.0,0.0,0.05,0.89,0.0,0.27,0.32,2.54,59.83,80.7,4.56,2.15,1.27,2.28,5.07,3.93,0.76,1.65,2.41,1.14,,,,,,,,,,,,,
Loris Karius,GK,,Right,187cm,74kg,"June 22, 1993",Germany,Newcastle United,11700.0,2024.0,,,,,,,,,,,,,,,,,,,,,,,,,,,,,,,,
Matt Ritchie,DF-MF,"(DM-FB-WM,",Left,173cm,71kg,"September 10, 1989",Scotland,Newcastle United,52650.0,2024.0,,,,,,,,,,,,,,,,,,,,,,,,,,,,,,,,
Paul Dummett,DF,"(FB,",Left,185cm,64kg,"September 26, 1991",Wales,Newcastle United,40950.0,2024.0,,,,,,,,,,,,,,,,,,,,,,,,,,,,,,,,
Mark Gillespie,GK,,Right,188cm,79kg,"March 27, 1992",England,Newcastle United,11700.0,2024.0,,,,,,,,,,,,,,,,,,,,,,,,,,,,,,,,
André Onana,GK,,Right,185cm,82kg,"April 2, 1996",Cameroon,Manchester United,140400.0,2028.0,,,,,,,,,,,,,,,,,,,,0.04,1.56,73.0,0.27,11.1,26.7,43.16,31.8,4.49,42.4,5.8,0.73,12.3
Diogo Dalot,DF,"(FB,",Right,184cm,76kg,"March 18, 1999",Portugal,Manchester United,99450.0,2028.0,0.03,0.03,0.7,0.08,0.07,0.1,1.98,52.74,80.6,3.07,1.72,0.94,1.3,3.41,2.18,1.2,1.3,2.94,0.96,,,,,,,,,,,,,
Marcus Rashford,FW-MF,(AM),Right,180cm,69kg,"October 31, 1997",England,Manchester United,351000.0,2028.0,0.21,0.28,2.7,0.15,0.12,0.4,3.72,29.81,76.7,3.18,3.72,2.17,5.2,7.94,0.65,0.18,0.62,0.68,0.54,,,,,,,,,,,,,
Alejandro Garnacho,FW-MF,,Right,180cm,79kg,"July 1, 2004",Argentina,Manchester United,58500.0,2028.0,0.33,0.33,3.31,0.11,0.18,0.51,3.86,30.27,75.0,2.24,5.66,1.54,8.41,9.48,0.96,0.81,1.07,0.7,0.26,,,,,,,,,,,,,
Rasmus Højlund,FW,,Left,192cm,79kg,"February 4, 2003",Denmark,Manchester United,99450.0,2028.0,0.48,0.41,1.87,0.07,0.07,0.48,2.28,16.52,74.3,1.16,1.5,0.82,4.11,5.44,0.34,0.07,0.34,0.54,1.26,,,,,,,,,,,,,
Casemiro,MF,(CM-DM),Right,184cm,79kg,"February 23, 1992",Brazil,Manchester United,409500.0,2026.0,0.2,0.2,1.95,0.08,0.07,0.27,2.23,59.53,80.4,6.41,0.59,0.47,1.8,1.68,3.63,0.86,3.01,2.89,1.76,,,,,,,,,,,,,
Kobbie Mainoo,MF,,Right,175cm,70kg,"April 19, 2005",England,Manchester United,11700.0,2027.0,0.12,0.02,0.49,0.0,0.03,0.05,1.58,38.58,84.7,2.86,0.85,1.1,0.91,1.34,2.25,1.1,1.1,1.83,1.03,,,,,,,,,,,,,
Harry Maguire,DF,"(CB,",Right,188cm,78kg,"March 5, 1993",England,Manchester United,222300.0,2025.0,0.1,0.1,1.05,0.1,0.06,0.17,1.05,59.38,83.0,3.72,0.76,0.0,1.81,0.1,1.14,1.43,1.72,4.58,3.96,,,,,,,,,,,,,
Scott McTominay,MF,"(DM,",Right,192cm,84kg,"December 8, 1996",Scotland,Manchester United,70200.0,2025.0,0.36,0.32,2.12,0.09,0.09,0.41,1.26,31.17,81.6,3.2,1.26,0.5,2.39,2.21,2.03,0.63,1.71,2.35,1.76,,,,,,,,,,,,,
Aaron Wan-Bissaka,DF,"(FB,",Right,182cm,72kg,"November 26, 1997",England,Manchester United,105300.0,2025.0,0.0,0.02,0.27,0.14,0.09,0.11,1.37,49.34,83.8,3.56,1.64,0.96,1.73,3.01,2.51,2.15,1.37,3.38,0.73,,,,,,,,,,,,,
Antony,FW-MF,"(AM,",Left,172cm,64kg,"February 24, 2000",Brazil,Manchester United,234000.0,2027.0,0.0,0.18,2.65,0.1,0.18,0.36,3.72,38.99,78.7,4.53,3.77,2.09,3.92,9.32,2.24,0.81,1.68,0.61,0.2,,,,,,,,,,,,,
Christian Eriksen,FW-MF,(AM-CM-DM),Right,177cm,67kg,"February 14, 1992",Denmark,Manchester United,175500.0,2025.0,0.06,0.14,1.27,0.17,0.19,0.34,3.18,64.51,81.5,6.65,1.45,0.4,0.98,2.25,1.33,0.4,1.1,0.87,0.17,,,,,,,,,,,,,
Sofyan Amrabat,MF,(CM-DM),Right,173cm,69kg,"August 21, 1996",Morocco,Manchester United,76050.0,2024.0,0.0,0.01,0.37,0.07,0.05,0.07,1.69,62.75,88.1,6.26,0.74,0.37,0.29,1.1,2.87,0.66,1.69,1.33,0.44,,,,,,,,,,,,,
Anthony Martial,FW-MF,(AM),Right,184cm,76kg,"December 5, 1995",France,Manchester United,292500.0,2024.0,0.31,0.34,1.76,0.1,0.07,0.42,2.8,30.21,78.0,3.01,1.76,1.14,3.94,9.13,0.83,0.1,1.04,0.52,1.25,,,,,,,,,,,,,
Mason Mount,MF,(AM-CM-WM),Right,175cm,63kg,"January 10, 1999",England,Manchester United,292500.0,2028.0,0.17,0.14,1.37,0.0,0.03,0.17,3.24,38.6,82.3,3.24,1.54,0.68,3.42,6.15,3.59,1.2,1.02,0.34,0.85,,,,,,,,,,,,,
Sergio Reguilón,DF-MF,"(FB,",Left,176cm,63kg,"December 16, 1996",Spain,Brentford,62009.99999999999,2024.0,0.0,0.07,1.21,0.23,0.21,0.28,2.65,46.73,72.5,3.23,2.94,0.81,2.13,5.76,2.82,1.15,1.79,2.25,1.33,,,,,,,,,,,,,
Sergio Reguilón,DF-MF,"(FB,",Left,176cm,63kg,"December 16, 1996",Spain,Brentford,62009.99999999999,2024.0,0.0,0.07,1.21,0.23,0.21,0.28,2.65,46.73,72.5,3.23,2.94,0.81,2.13,5.76,2.82,1.15,1.79,2.25,1.33,,,,,,,,,,,,,
Amad Diallo,FW-MF,,Left,173cm,66kg,"July 11, 2002",Côte,Manchester United,33749.82,2025.0,,,,,,,,,,,,,,,,,,,,,,,,,,,,,,,,
Altay Bayındır,GK,,Right,198cm,88kg,"April 14, 1998",Turkey,Manchester United,40950.0,2027.0,,,,,,,,,,,,,,,,,,,,,,,,,,,,,,,,
Tom Heaton,GK,,Right,187cm,84kg,"April 15, 1986",England,Manchester United,52650.0,2024.0,,,,,,,,,,,,,,,,,,,,,,,,,,,,,,,,
Dean Henderson,GK,,Right,188cm,73kg,"March 12, 1997",England,Crystal Palace,117000.0,2028.0,,,,,,,,,,,,,,,,,,,,-0.23,2.15,61.4,0.33,0.0,7.7,30.62,45.4,6.38,51.0,1.6,1.31,15.0
James Ward-Prowse,MF,(AM-CM-DM),Right,173cm,66kg,"November 1, 1994",England,West Ham United,134550.0,2027.0,0.11,0.11,1.06,0.29,0.25,0.35,3.37,51.75,83.5,4.1,0.55,0.29,0.89,1.95,1.35,1.15,0.98,1.57,0.71,,,,,,,,,,,,,
Jarrod Bowen,FW-MF,"(AM-WM,",Left,178cm,69kg,"December 20, 1996",England,West Ham United,140400.0,2030.0,0.41,0.3,2.32,0.24,0.16,0.46,2.72,21.84,68.9,1.7,2.58,1.0,5.04,5.88,1.15,0.55,0.98,0.5,1.08,,,,,,,,,,,,,
Kurt Zouma,DF,(CB),Right,190cm,92kg,"October 27, 1994",France,West Ham United,146250.0,2025.0,0.09,0.05,0.45,0.0,0.0,0.06,0.36,36.89,82.8,1.66,0.24,0.09,0.9,0.06,0.66,1.05,1.14,5.03,1.99,,,,,,,,,,,,,
Alphonse Areola,GK,,Right,192cm,87kg,"February 27, 1993",France,West Ham United,140400.0,2027.0,,,,,,,,,,,,,,,,,,,,0.12,1.63,75.3,0.25,33.3,16.0,32.38,43.5,7.6,45.5,5.5,0.3,9.7
Lucas Paquetá,FW-MF,(AM-CM-WM),Left,180cm,72kg,"August 27, 1997",Brazil,West Ham United,175500.0,2027.0,0.18,0.17,1.55,0.18,0.18,0.35,3.2,53.91,74.8,6.66,1.6,1.58,1.96,3.9,2.71,0.65,1.01,0.8,1.81,,,,,,,,,,,,,
Edson Álvarez,DF-MF,(CB-CM-DM),Right,185cm,71kg,"October 24, 1997",Mexico,West Ham United,117000.0,2028.0,0.07,0.06,0.66,0.07,0.03,0.09,1.29,47.73,86.2,3.51,0.79,0.99,0.73,1.03,2.91,1.49,2.15,2.75,1.19,,,,,,,,,,,,,
Nayef Aguerd,DF,"(CB,",Left,188cm,76kg,"March 30, 1996",Morocco,West Ham United,58500.0,2027.0,0.1,0.09,0.73,0.0,0.01,0.11,0.66,57.43,80.6,3.02,0.36,0.1,1.09,0.1,1.29,0.73,1.69,3.98,2.45,,,,,,,,,,,,,
Michail Antonio,FW-MF,(WM),Right,180cm,82kg,"March 28, 1990",Jamaica,West Ham United,99450.0,2024.0,0.3,0.35,1.6,0.13,0.07,0.42,1.65,17.42,58.5,1.3,2.64,1.73,3.73,6.02,0.61,0.17,0.82,0.35,2.17,,,,,,,,,,,,,
Konstantinos Mavropanos,DF,"(CB,",Right,191cm,78kg,"December 11, 1997",Greece,West Ham United,58500.0,2028.0,0.04,0.07,0.86,0.0,0.01,0.09,0.63,46.21,82.3,3.8,0.89,0.3,1.23,0.19,1.19,1.57,1.27,4.4,2.5,,,,,,,,,,,,,
Ben Johnson,DF,(FB),Right,170cm,68kg,"January 24, 2000",England,West Ham United,23400.0,2024.0,0.0,0.04,0.94,0.0,0.0,0.04,1.17,56.72,75.2,3.28,2.7,1.41,0.59,5.39,1.41,0.82,0.7,2.23,1.52,,,,,,,,,,,,,
Angelo Ogbonna,DF,(CB),Left,191cm,86kg,"May 23, 1988",Italy,West Ham United,81900.0,2024.0,0.0,0.01,0.18,0.0,0.0,0.01,0.26,37.88,86.1,1.23,0.18,0.09,0.35,0.09,0.53,0.79,1.67,4.48,2.46,,,,,,,,,,,,,
Danny Ings,FW,,Right,178cm,73kg,"July 23, 1992",England,West Ham United,146250.0,2025.0,0.11,0.29,2.42,0.22,0.14,0.43,3.52,22.97,67.9,1.65,1.1,1.1,5.49,6.7,1.21,0.33,0.88,0.88,0.66,,,,,,,,,,,,,
Aaron Cresswell,DF-MF,"(CB-FB,",Left,170cm,68kg,"December 15, 1989",England,West Ham United,58500.0,2024.0,0.08,0.01,0.08,0.0,0.05,0.06,1.84,59.09,80.6,4.56,1.04,0.0,0.24,2.32,0.64,0.64,0.72,1.92,1.04,,,,,,,,,,,,,
Maxwel Cornet,DF-FW-MF,,Left,179cm,68kg,"September 27, 1996",Côte,West Ham United,76050.0,2027.0,,,,,,,,,,,,,,,,,,,,,,,,,,,,,,,,
Divin Mubama,FW,,Left,183cm,69kg,"October 25, 2004",England,West Ham United,,,,,,,,,,,,,,,,,,,,,,,,,,,,,,,,,,
Divin Mubama,FW,,Left,183cm,69kg,"October 25, 2004",England,West Ham United,,,,,,,,,,,,,,,,,,,,,,,,,,,,,,,,,,
Conor Gallagher,MF,(AM-CM-WM),Right,182cm,73kg,"February 6, 2000",England,Chelsea,58500.0,2025.0,0.12,0.12,1.44,0.18,0.14,0.26,3.0,54.78,88.6,5.08,1.62,0.97,2.32,4.11,2.44,1.26,1.47,0.59,0.71,,,,,,,,,,,,,
Axel Disasi,DF,"(CB,",Right,190cm,86kg,"March 11, 1998",France,Chelsea,93600.0,2029.0,0.06,0.07,0.72,0.0,0.01,0.08,0.38,70.44,88.9,4.2,1.1,0.61,1.01,0.69,1.01,0.64,0.93,3.13,2.49,,,,,,,,,,,,,
Moisés Caicedo,MF,(CM-DM),Right,178cm,74kg,"November 2, 2001",Ecuador,Chelsea,175500.0,2031.0,0.0,0.02,0.5,0.03,0.06,0.08,1.77,64.1,89.8,5.3,0.8,0.77,0.47,1.24,2.33,1.27,1.65,1.24,1.03,,,,,,,,,,,,,
Enzo Fernández,MF,(CM-DM),Right,178cm,78kg,"January 17, 2001",Argentina,Chelsea,210600.0,2031.0,0.06,0.15,1.67,0.06,0.14,0.29,3.53,76.08,85.8,8.53,2.05,0.99,1.51,1.83,1.92,0.67,1.41,1.03,0.74,,,,,,,,,,,,,
Nicolas Jackson,FW,,Right,186cm,78kg,"June 20, 2001",Senegal,Chelsea,76050.0,2031.0,0.58,0.57,2.42,0.18,0.16,0.73,2.79,20.02,77.8,1.93,2.05,1.59,5.09,5.79,0.61,0.09,0.74,0.49,1.04,,,,,,,,,,,,,
Thiago Silva,DF,(CB),Right,183cm,78kg,"September 22, 1984",Brazil,Chelsea,128699.99999999999,2024.0,0.1,0.04,0.5,0.0,0.02,0.06,0.89,77.34,94.2,3.51,0.2,0.1,0.76,0.13,1.09,0.96,1.19,4.74,2.05,,,,,,,,,,,,,
Raheem Sterling,FW-MF,(AM-WM),Right,170cm,69kg,"December 8, 1994",England,Chelsea,380250.0,2027.0,0.31,0.31,2.39,0.2,0.2,0.5,3.6,32.6,74.3,3.33,5.2,2.03,7.55,10.88,1.02,0.51,0.67,0.39,0.16,,,,,,,,,,,,,
Marc Cucurella,DF-MF,"(FB-WM,",Left,175cm,68kg,"July 22, 1998",Spain,Chelsea,204750.0,2028.0,0.0,0.07,0.43,0.07,0.04,0.1,1.74,58.33,86.1,2.46,1.67,0.14,1.16,3.55,2.83,1.09,1.81,2.25,1.16,,,,,,,,,,,,,
Benoît Badiashile,DF,"(CB,",Left,194cm,67kg,"March 26, 2001",France,Chelsea,105300.0,2030.0,0.09,0.04,0.36,0.09,0.04,0.1,1.16,77.0,90.4,3.65,0.27,0.09,0.8,0.18,1.25,0.89,1.34,3.47,2.31,,,,,,,,,,,,,
Noni Madueke,FW-MF,,Left,176cm,66kg,"March 10, 2002",England,Chelsea,58500.0,2030.0,0.26,0.13,2.17,0.0,0.08,0.2,3.12,39.49,80.2,4.25,7.12,3.38,7.81,12.5,1.48,0.43,1.13,1.22,0.26,,,,,,,,,,,,,
Armando Broja,FW,,Right,191cm,83kg,"September 10, 2001",Albania,Fulham,46800.0,2024.0,0.18,0.42,2.29,0.18,0.11,0.51,1.41,19.86,84.1,1.41,2.29,2.64,6.86,7.73,0.53,0.0,1.05,0.53,1.76,,,,,,,,,,,,,
Trevoh Chalobah,DF-MF,(CB),Right,190cm,74kg,"July 5, 1999",England,Chelsea,58500.0,2028.0,0.0,0.04,0.39,0.0,0.03,0.07,1.17,76.3,86.3,4.01,0.98,0.59,1.17,1.66,1.17,1.27,1.17,3.62,1.57,,,,,,,,,,,,,
Carney Chukwuemeka,MF,,,182cm,69kg,"October 20, 2003",England,Chelsea,117000.0,2028.0,,,,,,,,,,,,,,,,,,,,,,,,,,,,,,,,
Carney Chukwuemeka,MF,,,182cm,69kg,"October 20, 2003",England,Chelsea,117000.0,2028.0,,,,,,,,,,,,,,,,,,,,,,,,,,,,,,,,
Cesare Casadei,MF,,Right,185cm,62kg,"January 10, 2003",Italy,Chelsea,8775.0,2028.0,0.17,0.29,2.16,0.0,0.06,0.36,2.85,41.59,81.7,4.67,1.56,1.04,2.77,4.93,1.64,0.78,0.95,1.12,2.59,,,,,,,,,,,,,
Deivid Washington,FW,,,184cm,(6-½),"June 5, 2005",Brazil,Chelsea,,,,,,,,,,,,,,,,,,,,,,,,,,,,,,,,,,
Marcus Bettinelli,GK,,Right,193cm,82kg,"May 24, 1992",England,Chelsea,40950.0,2026.0,,,,,,,,,,,,,,,,,,,,,,,,,,,,,,,,
Marcus Bettinelli,GK,,Right,193cm,82kg,"May 24, 1992",England,Chelsea,40950.0,2026.0,,,,,,,,,,,,,,,,,,,,,,,,,,,,,,,,
Pascal Groß,DF-FW-MF,(AM-CM-DM),Right,181cm,72kg,"June 15, 1991",Germany,Brighton & Hove Albion,76050.0,2025.0,0.16,0.14,1.44,0.29,0.24,0.38,4.96,88.47,85.6,8.27,2.32,0.5,2.1,5.25,1.87,0.5,1.08,0.81,0.38,,,,,,,,,,,,,
Jan Paul van Hecke,DF,(CB),Right,189cm,78kg,"June 8, 2000",Netherlands,Brighton & Hove Albion,35100.0,2027.0,0.0,0.05,0.58,0.0,0.04,0.09,1.39,88.52,92.5,6.28,1.04,0.17,0.75,0.29,1.62,1.01,1.88,2.84,2.43,,,,,,,,,,,,,
Billy Gilmour,MF,(CM-DM),Right,170cm,59kg,"June 11, 2001",Scotland,Brighton & Hove Albion,23400.0,2026.0,0.0,0.05,1.03,0.07,0.07,0.12,2.72,82.75,90.7,7.35,1.49,0.33,0.5,1.52,0.99,0.56,0.89,0.7,0.63,,,,,,,,,,,,,
Simon Adingra,FW-MF,,Right,175cm,68kg,"January 1, 2002",Côte,Brighton & Hove Albion,14625.0,2026.0,0.27,0.21,2.31,0.12,0.16,0.37,3.05,34.0,76.2,2.27,4.38,2.11,6.1,11.35,1.49,0.51,1.17,0.74,0.47,,,,,,,,,,,,,
Bart Verbruggen,GK,,Right,193cm,82kg,"August 18, 2002",Netherlands,Brighton & Hove Albion,40950.0,2028.0,,,,,,,,,,,,,,,,,,,,0.0,1.1,76.3,0.24,0.0,30.0,43.25,16.5,3.75,17.7,8.3,0.85,13.6
Danny Welbeck,FW-MF,(WM),Right,185cm,72kg,"November 26, 1990",England,Brighton & Hove Albion,64349.99999999999,2024.0,0.33,0.33,2.67,0.09,0.15,0.48,3.89,27.42,83.2,2.44,1.92,0.42,4.64,5.77,1.08,0.52,0.84,1.13,0.89,,,,,,,,,,,,,
Evan Ferguson,FW,,Right,188cm,78kg,"October 19, 2004",Republic,Brighton & Hove Albion,35100.0,2029.0,0.37,0.32,2.34,0.0,0.04,0.36,1.54,18.97,79.3,0.98,0.89,0.47,3.18,4.25,0.84,0.23,0.7,0.51,0.79,,,,,,,,,,,,,
Jason Steele,GK,,Right,190cm,78kg,"August 18, 1990",England,Brighton & Hove Albion,23400.0,2026.0,,,,,,,,,,,,,,,,,,,,-0.16,1.83,58.8,0.34,20.0,24.1,40.62,17.0,3.59,17.5,4.0,2.1,19.1
Pervis Estupiñán,DF-MF,"(FB,",Left,175cm,78kg,"January 21, 1998",Ecuador,Brighton & Hove Albion,58500.0,2027.0,0.12,0.08,1.04,0.25,0.23,0.31,2.78,66.66,83.2,5.73,3.24,0.66,2.58,5.94,1.74,1.04,1.04,1.33,0.91,,,,,,,,,,,,,
João Pedro,FW-MF,,Right,182cm,69kg,"September 26, 2001",Brazil,Brighton & Hove Albion,58500.0,2028.0,0.27,0.35,3.01,0.09,0.13,0.48,3.72,34.8,79.0,3.5,3.14,1.86,7.7,9.3,1.24,0.4,0.71,1.11,1.64,,,,,,,,,,,,,
Joël Veltman,DF,"(CB-FB,",Right,182cm,74kg,"January 15, 1992",Netherlands,Brighton & Hove Albion,58500.0,2025.0,0.2,0.17,1.45,0.05,0.11,0.28,2.65,32.9,83.5,3.04,1.55,1.25,3.0,5.59,1.95,0.6,1.35,0.35,0.4,,,,,,,,,,,,,
Joël Veltman,DF,"(CB-FB,",Right,182cm,74kg,"January 15, 1992",Netherlands,Brighton & Hove Albion,58500.0,2025.0,0.2,0.17,1.45,0.05,0.11,0.28,2.65,32.9,83.5,3.04,1.55,1.25,3.0,5.59,1.95,0.6,1.35,0.35,0.4,,,,,,,,,,,,,
Joël Veltman,DF,"(CB-FB,",Right,182cm,74kg,"January 15, 1992",Netherlands,Brighton & Hove Albion,58500.0,2025.0,0.2,0.17,1.45,0.05,0.11,0.28,2.65,32.9,83.5,3.04,1.55,1.25,3.0,5.59,1.95,0.6,1.35,0.35,0.4,,,,,,,,,,,,,
Igor,DF,"(CB,",Left,185cm,79kg,"February 7, 1998",Brazil,Brighton & Hove Albion,52650.0,2027.0,0.0,0.01,0.27,0.0,0.01,0.03,1.61,80.07,92.3,5.86,1.79,0.8,0.31,0.63,1.43,0.89,1.03,2.64,1.39,,,,,,,,,,,,,
James Milner,DF-MF,(CM-FB-WM),Right,176cm,69kg,"January 4, 1986",England,Brighton & Hove Albion,70200.0,2024.0,0.0,0.03,0.57,0.16,0.16,0.18,2.37,68.21,84.2,7.51,1.31,0.24,1.71,7.67,2.37,0.65,0.98,2.04,1.06,,,,,,,,,,,,,
Adam Lallana,FW-MF,(AM-CM-WM),Right,173cm,67kg,"May 10, 1988",England,Brighton & Hove Albion,105300.0,2024.0,0.0,0.06,0.88,0.11,0.19,0.24,3.19,56.99,88.8,4.51,1.21,0.33,4.62,6.93,0.99,0.33,0.22,0.11,0.33,,,,,,,,,,,,,
Tariq Lamptey,DF-MF,,Right,175cm,68kg,"September 30, 2000",Ghana,Brighton & Hove Albion,40950.0,2025.0,0.0,0.05,0.78,0.26,0.07,0.12,1.46,44.18,83.2,1.89,3.62,0.78,2.33,6.03,1.81,1.12,0.69,0.43,0.43,,,,,,,,,,,,,
Adam Webster,DF,(CB),Right,192cm,79kg,"January 4, 1995",England,Brighton & Hove Albion,64349.99999999999,2026.0,0.0,0.03,0.59,0.0,0.02,0.05,1.1,95.08,91.4,7.46,1.1,0.0,1.19,0.34,1.27,0.93,0.93,3.14,2.88,,,,,,,,,,,,,
Jakub Moder,MF,(CM),Right,188cm,78kg,"April 7, 1999",Poland,Brighton & Hove Albion,11700.0,2025.0,,,,,,,,,,,,,,,,,,,,,,,,,,,,,,,,
Ansu Fati,FW,,Right,178cm,68kg,"October 31, 2002",Spain,Brighton & Hove Albion,60974.549999999996,2027.0,0.52,0.59,4.18,0.07,0.12,0.71,3.88,39.37,85.6,4.55,3.21,0.97,7.31,10.44,0.75,0.52,1.19,0.45,0.37,,,,,,,,,,,,,
Julio Enciso,FW-MF,,Right,168cm,63kg,"January 23, 2004",Paraguay,Brighton & Hove Albion,11700.0,2026.0,0.2,0.29,3.67,0.41,0.24,0.52,4.39,28.27,66.4,2.65,4.59,3.27,4.69,7.55,1.22,0.31,1.53,0.31,0.51,,,,,,,,,,,,,
Valentín Barco,DF,,Left,168cm,67kg,"July 23, 2004",Argentina,Brighton & Hove Albion,29250.0,2028.0,0.14,0.12,1.3,0.07,0.17,0.3,2.83,45.65,71.4,4.86,3.48,2.68,1.88,6.09,1.67,0.87,0.94,1.09,0.14,,,,,,,,,,,,,
Nélson Semedo,DF-MF,"(FB,",Right,177cm,64kg,"November 16, 1993",Portugal,Wolverhampton Wanderers,93600.0,2025.0,0.0,0.03,0.51,0.03,0.05,0.08,1.55,51.95,78.8,3.75,2.96,1.47,1.16,4.32,2.09,0.99,1.3,2.65,0.65,,,,,,,,,,,,,
José Sá,GK,,Right,192cm,86kg,"January 17, 1993",Portugal,Wolverhampton Wanderers,46800.0,2027.0,,,,,,,,,,,,,,,,,,,,0.09,1.78,69.0,0.32,0.0,18.2,33.96,32.8,7.32,43.1,8.8,0.77,12.4
Mario Lemina,DF-MF,(CM-DM-FB),Right,183cm,83kg,"September 1, 1993",Gabon,Wolverhampton Wanderers,52650.0,2025.0,0.12,0.13,1.31,0.0,0.02,0.16,1.28,41.06,85.4,2.21,0.96,0.72,1.43,1.43,2.57,1.19,1.19,1.94,0.99,,,,,,,,,,,,,
João Gomes,MF,(CM),Right,176cm,73kg,"February 12, 2001",Brazil,Wolverhampton Wanderers,35100.0,2028.0,0.07,0.05,0.84,0.04,0.04,0.09,1.97,42.41,82.5,3.21,0.73,0.73,0.98,1.13,4.23,0.73,1.79,0.98,0.73,,,,,,,,,,,,,
Craig Dawson,DF,"(CB-FB,",Right,188cm,82kg,"May 6, 1990",England,Wolverhampton Wanderers,52650.0,2025.0,0.03,0.06,0.62,0.03,0.05,0.11,0.45,51.92,86.1,2.13,0.07,0.14,1.27,0.14,1.07,0.76,2.13,4.75,2.44,,,,,,,,,,,,,
Matheus Cunha,FW-MF,,Right,183cm,76kg,"May 27, 1999",Brazil,Wolverhampton Wanderers,70200.0,2027.0,0.39,0.32,2.56,0.24,0.13,0.45,2.76,28.53,79.0,2.72,3.9,2.6,4.3,4.61,1.14,0.59,0.99,0.83,0.63,,,,,,,,,,,,,
Rayan Aït-Nouri,DF-MF,,Left,179cm,69kg,"June 6, 2001",Algeria,Wolverhampton Wanderers,11700.0,2026.0,0.09,0.14,0.91,0.05,0.09,0.23,2.51,45.8,85.0,4.11,2.69,2.69,2.05,3.83,2.55,0.55,1.14,1.46,0.87,,,,,,,,,,,,,
Pablo Sarabia,FW-MF,(AM-WM),Left,176cm,69kg,"May 11, 1992",Spain,Wolverhampton Wanderers,105300.0,2025.0,0.11,0.21,2.34,0.37,0.31,0.52,4.47,49.12,70.6,5.75,2.24,0.8,2.93,7.08,0.96,0.53,0.96,0.53,0.32,,,,,,,,,,,,,
Tommy Doyle,MF,(CM),Right,172cm,73kg,"October 17, 2001",England,Wolverhampton Wanderers,11700.0,2024.0,0.0,0.03,1.02,0.0,0.03,0.06,1.8,71.2,83.6,6.03,1.57,0.08,0.47,1.33,1.88,0.94,1.72,1.41,0.0,,,,,,,,,,,,,
Jean-Ricner Bellegarde,MF,(CM),Right,170cm,68kg,"June 27, 1998",France,Wolverhampton Wanderers,40950.0,2028.0,0.28,0.16,1.85,0.22,0.2,0.36,3.15,34.16,78.6,4.44,3.26,2.36,2.98,4.33,1.8,0.84,1.63,0.84,0.39,,,,,,,,,,,,,
Matt Doherty,DF-MF,"(FB-WM,",Right,182cm,76kg,"January 16, 1992",Republic,Wolverhampton Wanderers,58500.0,2026.0,0.1,0.07,0.69,0.0,0.1,0.17,1.28,47.22,77.2,2.27,1.08,0.39,2.66,5.13,2.46,0.49,1.18,3.84,3.15,,,,,,,,,,,,,
Santiago Bueno,DF,"(CB,",Right,190cm,78kg,"November 9, 1998",Uruguay,Wolverhampton Wanderers,35100.0,2028.0,0.0,0.0,0.08,0.0,0.01,0.01,0.61,52.91,87.3,2.83,1.3,0.08,0.38,0.15,1.91,0.76,1.91,3.52,1.91,,,,,,,,,,,,,
Hugo Bueno,DF-MF,,Left,180cm,72kg,"September 18, 2002",Spain,Wolverhampton Wanderers,11700.0,2028.0,0.0,0.03,0.5,0.0,0.12,0.15,2.32,49.13,77.7,1.21,3.02,0.81,0.81,4.73,2.52,0.6,1.71,2.72,1.21,,,,,,,,,,,,,
Boubacar Traoré,MF,,Right,175cm,67kg,"August 20, 2001",Mali,Wolverhampton Wanderers,64349.99999999999,2027.0,0.0,0.02,1.11,0.0,0.03,0.05,1.59,52.0,84.4,3.02,0.64,0.95,0.32,1.59,3.66,0.8,1.75,0.8,0.8,,,,,,,,,,,,,
Daniel Bentley,GK,,Right,188cm,77kg,"July 13, 1993",England,Wolverhampton Wanderers,11700.0,2025.0,,,,,,,,,,,,,,,,,,,,0.19,1.33,72.0,0.32,,25.0,36.34,36.4,9.32,33.7,6.3,0.57,9.9
Tom King,GK,,Right,172cm,69kg,"March 9, 1995",Wales,Wolverhampton Wanderers,11700.0,2027.0,,,,,,,,,,,,,,,,,,,,,,,,,,,,,,,,
Bernd Leno,GK,,Right,190cm,78kg,"March 4, 1992",Germany,Fulham,152100.0,2027.0,,,,,,,,,,,,,,,,,,,,0.0,1.59,72.9,0.25,10.0,24.4,43.05,23.0,5.15,42.9,4.9,1.17,14.8
Antonee Robinson,DF,"(FB,",Left,179cm,72kg,"August 8, 1997",United,Fulham,58500.0,2028.0,0.0,0.02,0.36,0.15,0.11,0.12,1.93,56.52,74.6,3.63,2.92,1.09,1.62,5.28,2.44,2.16,1.4,2.94,1.27,,,,,,,,,,,,,
Andreas Pereira,MF,(AM),Right,177cm,66kg,"January 1, 1996",Brazil,Fulham,58500.0,2026.0,0.11,0.16,1.76,0.25,0.24,0.4,4.74,44.14,70.6,4.6,1.87,0.68,2.19,4.31,0.79,0.18,0.54,0.43,0.47,,,,,,,,,,,,,
João Palhinha,MF,(CM-DM),Right,190cm,77kg,"July 9, 1995",Portugal,Fulham,93600.0,2028.0,0.12,0.11,1.39,0.03,0.02,0.13,0.97,42.69,82.4,2.93,0.33,0.45,1.33,0.39,5.02,1.54,1.72,1.66,1.54,,,,,,,,,,,,,
Timothy Castagne,DF-MF,"(DM-FB,",Right,180cm,79kg,"December 5, 1995",Belgium,Fulham,76050.0,2027.0,0.03,0.05,0.47,0.06,0.05,0.1,1.55,54.27,81.3,2.61,1.33,0.53,1.77,3.88,1.67,1.27,1.27,2.64,1.27,,,,,,,,,,,,,
Willian,FW-MF,(AM),Right,175cm,69kg,"August 9, 1988",Brazil,Fulham,105300.0,2024.0,0.15,0.15,1.96,0.15,0.2,0.36,5.04,49.27,81.5,6.62,4.12,1.19,3.43,8.05,0.62,0.35,0.62,0.58,0.31,,,,,,,,,,,,,
Calvin Bassey,DF,"(CB,",Left,185cm,76kg,"December 31, 1999",Nigeria,Fulham,52650.0,2027.0,0.05,0.01,0.23,0.0,0.0,0.02,0.51,66.79,86.1,2.64,0.6,0.51,0.42,0.19,1.9,1.2,1.2,3.43,1.3,,,,,,,,,,,,,
Alex Iwobi,FW-MF,(AM-CM-WM),Right,180cm,74kg,"May 3, 1996",Nigeria,Fulham,93600.0,2028.0,0.21,0.21,2.22,0.11,0.21,0.42,4.23,41.26,76.0,5.91,4.44,1.83,3.22,6.88,1.18,0.72,0.86,0.43,0.29,,,,,,,,,,,,,
Tosin Adarabioyo,DF,(CB),Right,196cm,79kg,"September 24, 1997",England,Fulham,46800.0,2024.0,0.08,0.04,0.84,0.0,0.01,0.06,0.52,66.41,84.6,3.73,0.44,0.12,1.4,0.2,1.36,1.2,0.88,4.81,2.92,,,,,,,,,,,,,
Raúl Jiménez,FW,,Right,188cm,79kg,"May 5, 1991",Mexico,Fulham,117000.0,2025.0,0.33,0.29,2.41,0.0,0.09,0.38,1.76,23.77,67.1,1.3,0.65,0.59,4.1,5.08,1.04,0.2,0.59,0.78,2.8,,,,,,,,,,,,,
Tim Ream,DF,"(CB,",Left,185cm,73kg,"October 5, 1987",United,Fulham,35100.0,2025.0,0.06,0.06,0.06,0.0,0.0,0.06,0.47,64.35,88.9,4.2,0.77,0.3,0.41,0.18,1.12,1.48,1.42,3.49,1.54,,,,,,,,,,,,,
Harry Wilson,FW-MF,"(AM-WM,",Left,173cm,69kg,"March 22, 1997",Wales,Fulham,40950.0,2026.0,0.14,0.15,1.78,0.32,0.16,0.32,3.34,33.55,76.4,3.15,2.06,0.73,2.93,7.22,1.14,0.55,1.55,0.69,0.14,,,,,,,,,,,,,
Rodrigo Muniz,FW,,Right,178cm,67kg,"May 4, 2001",Brazil,Fulham,8775.0,2026.0,0.52,0.5,4.44,0.07,0.13,0.64,2.22,12.86,61.4,1.04,0.52,0.33,6.98,4.31,0.26,0.26,0.52,1.11,4.5,,,,,,,,,,,,,
Harrison Reed,MF,(DM),Right,176cm,74kg,"January 27, 1995",England,Fulham,58500.0,2027.0,0.0,0.03,0.5,0.17,0.14,0.17,2.05,49.18,82.4,3.54,0.78,0.33,1.16,3.43,1.88,0.72,1.72,1.38,0.66,,,,,,,,,,,,,
Issa Diop,DF,(CB),Right,194cm,89kg,"January 9, 1997",France,Fulham,81900.0,2027.0,0.0,0.01,0.22,0.0,0.02,0.03,0.33,68.6,89.5,4.17,0.76,0.11,0.38,0.11,1.52,1.08,1.3,5.15,1.46,,,,,,,,,,,,,
Saša Lukić,MF,(CM-DM),Right,183cm,73kg,"August 13, 1996",Serbia,Fulham,73710.0,2027.0,0.07,0.12,1.05,0.0,0.04,0.16,1.72,39.5,85.8,3.07,0.9,0.45,1.42,1.95,2.47,1.42,1.42,1.35,0.82,,,,,,,,,,,,,
Kenny Tete,DF,"(FB,",Right,180cm,69kg,"October 9, 1995",Netherlands,Fulham,58500.0,2024.0,0.14,0.08,0.49,0.07,0.03,0.11,1.39,52.79,78.3,4.87,2.43,0.97,1.32,3.55,2.71,2.09,1.53,3.27,0.77,,,,,,,,,,,,,
Adama Traoré,FW-MF,"(WM,",Right,178cm,72kg,"January 25, 1996",Spain,Fulham,76050.0,2025.0,,,,,,,,,,,,,,,,,,,,,,,,,,,,,,,,
Fodé Ballo-Touré,DF,"(FB,",Left,182cm,69kg,"January 3, 1997",Senegal,Fulham,38025.0,2024.0,,,,,,,,,,,,,,,,,,,,,,,,,,,,,,,,
Marek Rodák,GK,,Right,188cm,78kg,"December 13, 1996",Slovakia,Fulham,17550.0,2024.0,,,,,,,,,,,,,,,,,,,,,,,,,,,,,,,,
Dominic Solanke,FW,,Right,187cm,74kg,"September 14, 1997",England,Bournemouth,58500.0,2027.0,0.44,0.43,2.64,0.1,0.09,0.52,2.0,15.34,73.3,1.66,1.5,1.11,5.57,5.03,0.75,0.23,0.7,1.27,2.44,,,,,,,,,,,,,
Ryan Christie,FW-MF,(AM),Left,178cm,72kg,"February 22, 1995",Scotland,Bournemouth,58500.0,2027.0,0.0,0.08,1.39,0.15,0.18,0.26,3.53,39.44,76.1,4.88,1.93,1.81,2.53,2.8,2.41,1.42,1.24,1.42,0.75,,,,,,,,,,,,,
Lewis Cook,MF,(CM-DM),Right,175cm,69kg,"February 3, 1997",England,Bournemouth,46800.0,2025.0,0.0,0.01,0.4,0.11,0.13,0.14,2.57,48.0,76.6,4.67,0.62,0.65,0.33,0.54,1.85,2.03,1.05,1.48,1.19,,,,,,,,,,,,,
Marcus Tavernier,FW-MF,(AM-CM),Left,176cm,68kg,"March 22, 1999",England,Bournemouth,40950.0,2028.0,0.17,0.17,2.3,0.17,0.22,0.39,4.17,39.19,70.9,3.83,3.54,2.09,4.0,7.5,2.17,0.21,1.36,0.98,0.55,,,,,,,,,,,,,
Marcos Senesi,DF,"(CB,",Left,184cm,78kg,"May 10, 1997",Argentina,Bournemouth,58500.0,2026.0,0.12,0.04,0.36,0.16,0.04,0.08,1.65,55.8,79.6,5.1,0.92,0.44,0.6,0.16,2.09,1.53,1.65,4.38,1.28,,,,,,,,,,,,,
Adam Smith,DF-MF,"(FB,",Right,174cm,78kg,"April 29, 1991",England,Bournemouth,40950.0,2025.0,0.0,0.0,0.04,0.08,0.07,0.07,1.49,43.55,75.8,3.56,1.12,0.21,0.5,1.82,1.45,0.95,0.95,2.48,0.7,,,,,,,,,,,,,
Justin Kluivert,FW-MF,(AM),Right,171cm,68kg,"May 5, 1999",Netherlands,Bournemouth,93600.0,2028.0,0.33,0.28,2.65,0.05,0.09,0.38,2.89,19.23,68.0,2.46,2.98,1.42,5.12,5.68,1.14,0.33,0.62,0.47,0.57,,,,,,,,,,,,,
Milos Kerkez,DF,"(FB,",Left,,,"November 7, 2003",Hungary,Bournemouth,35100.0,2024.0,0.0,0.05,0.7,0.05,0.04,0.08,1.45,39.96,72.9,2.1,2.0,0.5,1.3,4.5,2.25,0.95,1.45,2.85,0.85,,,,,,,,,,,,,
Antoine Semenyo,FW-MF,,Both,180cm,69kg,"January 7, 2000",Ghana,Bournemouth,23400.0,2027.0,0.43,0.22,3.23,0.11,0.16,0.37,3.07,27.59,70.5,2.75,3.72,1.99,5.07,8.08,1.02,0.27,1.72,0.92,1.89,,,,,,,,,,,,,
Philip Billing,MF,(AM-CM-WM),Left,192cm,79kg,"June 11, 1996",Denmark,Bournemouth,52650.0,2027.0,0.1,0.18,1.81,0.1,0.17,0.36,2.85,35.44,76.0,3.21,1.24,0.88,3.83,4.09,1.97,1.04,1.66,1.81,2.23,,,,,,,,,,,,,
Dango Ouattara,FW-MF,,Left,172cm,71kg,"February 11, 2002",Burkina,Bournemouth,40950.0,2028.0,0.07,0.2,1.94,0.07,0.12,0.33,3.53,38.71,66.3,2.49,3.59,1.66,5.25,6.84,3.11,1.18,1.52,2.7,2.35,,,,,,,,,,,,,
Alex Scott,MF,,Right,,,"August 21, 2003",England,Bournemouth,46800.0,2024.0,0.12,0.06,1.31,0.12,0.12,0.18,3.93,44.05,75.9,4.05,2.26,1.31,1.9,2.74,2.26,1.31,1.43,1.55,1.31,,,,,,,,,,,,,
Luis Sinisterra,FW-MF,"(AM,",Right,172cm,64kg,"June 17, 1999",Colombia,Bournemouth,76050.0,2024.0,0.37,0.38,3.58,0.25,0.3,0.68,5.3,36.99,77.3,4.68,6.41,3.58,10.48,10.73,2.84,0.99,2.34,0.49,1.97,,,,,,,,,,,,,
Chris Mepham,DF,(CB),Right,191cm,77kg,"November 5, 1997",Wales,Bournemouth,40950.0,2025.0,0.0,0.01,0.11,0.11,0.05,0.06,1.24,51.61,82.7,3.27,0.45,0.0,0.79,0.11,2.48,0.79,1.58,4.74,4.07,,,,,,,,,,,,,
Tyler Adams,MF,(DM),Right,180cm,69kg,"February 14, 1999",United,Bournemouth,70200.0,2028.0,,,,,,,,,,,,,,,,,,,,,,,,,,,,,,,,
James Hill,DF,,Right,184cm,73kg,"January 10, 2002",England,Bournemouth,3510.0,2026.0,0.07,0.06,0.9,0.21,0.11,0.16,1.39,65.52,77.5,4.78,1.46,0.07,1.18,1.87,2.29,2.01,1.18,4.37,3.54,,,,,,,,,,,,,
Enes Ünal,FW,,Right,185cm,74kg,"May 10, 1997",Turkey,Bournemouth,19349.46,2025.0,0.14,0.41,3.99,0.28,0.23,0.65,3.72,23.81,57.8,2.06,0.96,1.1,6.47,5.5,0.55,0.28,0.55,1.38,5.92,,,,,,,,,,,,,
Romain Faivre,FW-MF,(AM-WM),Left,180cm,68kg,"July 14, 1998",France,Bournemouth,27000.09,2024.0,0.4,0.18,1.79,0.13,0.13,0.31,2.9,38.79,82.9,6.12,4.87,2.63,2.95,4.91,0.76,0.31,0.4,0.18,0.13,,,,,,,,,,,,,
Darren Randolph,GK,,Right,188cm,97kg,"May 12, 1987",Republic,Bournemouth,29250.0,2024.0,,,,,,,,,,,,,,,,,,,,,,,,,,,,,,,,
Mark Travers,GK,,Right,191cm,82kg,"May 18, 1999",Republic,Bournemouth,23400.0,2027.0,,,,,,,,,,,,,,,,,,,,-0.06,1.38,73.4,0.26,0.0,15.4,40.92,45.0,8.77,56.1,7.5,0.92,14.1
Joachim Andersen,DF,(CB),Right,190cm,74kg,"May 31, 1996",Denmark,Crystal Palace,93600.0,2026.0,0.05,0.05,0.57,0.08,0.07,0.12,1.25,59.63,79.0,4.29,0.81,0.36,1.27,0.26,1.58,1.04,0.86,5.27,2.34,,,,,,,,,,,,,
Tyrick Mitchell,DF,"(FB,",Left,175cm,66kg,"September 1, 1999",England,Crystal Palace,46800.0,2025.0,0.03,0.02,0.19,0.08,0.07,0.09,1.06,47.28,73.0,2.93,0.62,0.52,1.27,4.07,2.93,0.87,1.76,2.98,0.49,,,,,,,,,,,,,
Jordan Ayew,FW-MF,(AM),Right,182cm,81kg,"September 11, 1991",Ghana,Crystal Palace,29250.0,2025.0,0.15,0.13,1.6,0.22,0.14,0.28,2.53,30.88,75.6,2.28,2.65,1.97,3.48,6.16,2.0,0.49,1.45,0.46,1.14,,,,,,,,,,,,,
Jefferson Lerma,MF,(CM-DM),Right,179cm,69kg,"October 25, 1994",Colombia,Crystal Palace,81900.0,2026.0,0.09,0.09,1.23,0.03,0.09,0.18,1.91,46.89,81.6,3.94,0.49,0.37,1.48,1.75,1.57,1.38,1.02,2.43,2.31,,,,,,,,,,,,,
Jean-Philippe Mateta,FW,,Right,192cm,82kg,"June 28, 1997",France,Crystal Palace,58500.0,2026.0,0.32,0.3,1.66,0.18,0.12,0.42,2.63,17.53,71.1,0.97,1.25,1.06,4.11,5.44,0.83,0.14,0.55,0.6,2.03,,,,,,,,,,,,,
Eberechi Eze,FW-MF,(AM-WM),Right,173cm,69kg,"June 29, 1998",England,Crystal Palace,117000.0,2027.0,0.36,0.35,3.35,0.16,0.2,0.55,4.75,41.07,77.1,4.63,2.87,2.71,4.51,5.95,1.28,0.56,0.84,0.32,0.68,,,,,,,,,,,,,
Will Hughes,MF,(AM-CM),Left,185cm,73kg,"April 17, 1995",England,Crystal Palace,40950.0,2024.0,0.05,0.02,0.32,0.0,0.05,0.07,2.35,40.34,83.5,3.3,0.77,0.5,0.81,0.95,3.03,1.04,1.58,1.4,0.59,,,,,,,,,,,,,
Chris Richards,DF,(CB),Right,188cm,81kg,"March 28, 2000",United,Crystal Palace,64349.99999999999,2027.0,0.05,0.02,0.31,0.0,0.01,0.03,0.62,37.58,82.7,1.82,0.1,0.0,0.67,0.16,2.08,1.19,1.45,4.72,2.65,,,,,,,,,,,,,
Jeffrey Schlupp,DF-FW-MF,"(FB-WM,",Left,178cm,72kg,"December 23, 1992",Ghana,Crystal Palace,58500.0,2024.0,0.12,0.14,1.37,0.12,0.13,0.27,1.61,22.9,74.0,2.33,1.37,0.89,1.91,3.28,2.62,0.42,0.78,1.61,1.55,,,,,,,,,,,,,
Daniel Muñoz,DF-MF,"(FB,",Right,183cm,79kg,"May 26, 1996",Colombia,Crystal Palace,52650.0,2027.0,0.0,0.07,0.36,0.09,0.06,0.13,1.82,42.18,75.9,1.73,1.09,0.73,1.73,4.55,3.27,1.73,2.09,3.36,1.45,,,,,,,,,,,,,
Michael Olise,FW-MF,(AM),Left,178cm,68kg,"December 12, 2001",France,Crystal Palace,117000.0,2027.0,0.37,0.2,2.99,0.44,0.38,0.59,5.73,51.63,70.9,4.67,4.73,2.43,5.17,9.97,1.49,0.87,1.37,0.75,0.56,,,,,,,,,,,,,
Adam Wharton,MF,,Left,182cm,76kg,"June 2, 2004",England,Crystal Palace,40950.0,2029.0,0.0,0.02,0.42,0.1,0.21,0.23,2.62,38.56,79.1,4.71,1.15,0.1,0.42,0.63,3.14,1.26,1.15,1.68,0.42,,,,,,,,,,,,,
Nathaniel Clyne,DF,"(FB,",Right,175cm,67kg,"April 5, 1991",England,Crystal Palace,93600.0,2024.0,0.0,0.0,0.2,0.0,0.0,0.01,0.4,42.55,80.3,2.3,0.8,0.4,0.5,1.7,1.9,0.5,1.3,2.6,1.0,,,,,,,,,,,,,
Nathaniel Clyne,DF,"(FB,",Right,175cm,67kg,"April 5, 1991",England,Crystal Palace,93600.0,2024.0,0.0,0.0,0.2,0.0,0.0,0.01,0.4,42.55,80.3,2.3,0.8,0.4,0.5,1.7,1.9,0.5,1.3,2.6,1.0,,,,,,,,,,,,,
Naouirou Ahamada,MF,,Right,183cm,76kg,"March 29, 2002",France,Crystal Palace,23400.0,2026.0,,,,,,,,,,,,,,,,,,,,,,,,,,,,,,,,
James Tomkins,DF-MF,"(CB-DM,",Right,190cm,81kg,"March 29, 1989",England,Crystal Palace,58500.0,2024.0,,,,,,,,,,,,,,,,,,,,,,,,,,,,,,,,
Remi Matthews,GK,,Right,184cm,78kg,"February 10, 1994",England,Crystal Palace,6300.45,2024.0,,,,,,,,,,,,,,,,,,,,,,,,,,,,,,,,
Rob Holding,DF,(CB),Right,183cm,74kg,"September 20, 1995",England,Crystal Palace,52650.0,2026.0,,,,,,,,,,,,,,,,,,,,,,,,,,,,,,,,
Mark Flekken,GK,,Right,194cm,86kg,"June 13, 1993",Netherlands,Brentford,35100.0,2027.0,,,,,,,,,,,,,,,,,,,,-0.14,1.71,65.9,0.31,0.0,21.6,45.68,38.5,8.08,48.2,7.5,0.96,12.7
Vitaly Janelt,MF,(CM),Left,178cm,78kg,"May 10, 1998",Germany,Brentford,35100.0,2026.0,0.0,0.05,0.63,0.08,0.13,0.18,2.28,40.84,78.6,3.54,0.66,0.19,2.06,2.11,1.87,1.15,1.07,1.76,1.04,,,,,,,,,,,,,
Yoane Wissa,FW-MF,(AM),Right,180cm,72kg,"September 3, 1996",Congo,Brentford,29250.0,2026.0,0.41,0.4,2.35,0.07,0.12,0.52,2.22,16.25,70.6,1.6,1.6,0.75,4.44,5.12,0.96,0.27,0.75,0.44,1.54,,,,,,,,,,,,,
Nathan Collins,DF,"(CB,",Right,193cm,81kg,"April 30, 2001",Republic,Brentford,35100.0,2029.0,0.03,0.06,0.38,0.03,0.06,0.12,0.83,51.31,81.4,3.06,0.34,0.41,1.51,0.58,1.27,1.34,1.58,4.88,2.41,,,,,,,,,,,,,
Mathias Jensen,MF,(CM-WM),Right,173cm,68kg,"January 1, 1996",Denmark,Brentford,58500.0,2026.0,0.11,0.02,0.57,0.15,0.19,0.22,3.68,50.59,71.8,5.15,0.68,0.72,0.72,2.5,2.08,0.91,1.59,0.99,0.23,,,,,,,,,,,,,
Ethan Pinnock,DF,(CB),Left,188cm,78kg,"May 29, 1993",Jamaica,Brentford,35100.0,2027.0,0.1,0.09,0.73,0.0,0.03,0.12,0.97,49.65,83.6,2.27,0.37,0.23,1.7,0.57,1.47,1.4,1.5,6.06,3.73,,,,,,,,,,,,,
Mads Roerslev,DF-MF,,Right,184cm,74kg,"June 24, 1999",Denmark,Brentford,23400.0,2026.0,0.05,0.04,0.32,0.09,0.09,0.13,1.48,32.35,65.3,1.85,0.74,0.56,1.07,3.99,2.04,0.83,0.74,3.34,0.56,,,,,,,,,,,,,
Bryan Mbeumo,FW-MF,"(AM,",Left,171cm,64kg,"August 7, 1999",Cameroon,Brentford,52650.0,2026.0,0.39,0.39,2.73,0.3,0.24,0.63,3.86,34.71,68.3,3.73,3.08,1.04,5.46,8.54,0.78,0.43,1.08,0.74,0.91,,,,,,,,,,,,,
Neal Maupay,FW-MF,(AM),Right,171cm,68kg,"August 14, 1996",France,Brentford,58500.0,2024.0,0.36,0.46,2.66,0.18,0.14,0.61,2.66,26.08,72.9,2.29,1.33,0.6,4.95,6.04,0.66,0.12,0.91,0.24,0.91,,,,,,,,,,,,,
Keane Lewis-Potter,FW-MF,,Right,181cm,66kg,"February 22, 2001",England,Brentford,40950.0,2028.0,0.21,0.39,2.65,0.07,0.12,0.51,2.02,25.38,69.5,2.16,3.28,1.25,4.67,8.16,1.19,0.42,0.7,1.46,0.91,,,,,,,,,,,,,
Ivan Toney,FW,,Right,179cm,64kg,"March 16, 1996",England,Brentford,23400.0,2025.0,0.33,0.32,2.8,0.07,0.1,0.42,2.4,26.03,54.2,2.6,1.33,0.67,4.13,6.52,0.87,0.67,0.27,1.07,3.66,,,,,,,,,,,,,
Frank Onyeka,MF,(CM-DM),Right,183cm,74kg,"January 1, 1998",Nigeria,Brentford,46800.0,2027.0,0.06,0.14,1.61,0.19,0.12,0.26,2.42,29.48,76.0,2.54,1.43,1.24,2.05,3.04,2.61,1.68,1.3,1.24,0.74,,,,,,,,,,,,,
Saman Ghoddos,FW-MF,,Right,176cm,74kg,"September 6, 1993",Iran,Brentford,17550.0,2024.0,0.12,0.04,1.11,0.0,0.15,0.18,2.58,55.13,72.6,4.3,2.7,0.37,1.47,4.05,3.19,0.61,1.23,1.35,0.74,,,,,,,,,,,,,
Mikkel Damsgaard,FW-MF,,Right,176cm,68kg,"July 3, 2000",Denmark,Brentford,35100.0,2027.0,0.0,0.28,1.36,0.19,0.18,0.46,2.53,41.94,68.2,5.84,1.07,0.78,2.72,3.79,3.6,1.07,2.43,0.88,1.46,,,,,,,,,,,,,
Kevin Schade,FW-MF,,Right,183cm,72kg,"November 27, 2001",Germany,Brentford,11700.0,2028.0,0.32,0.21,1.44,0.16,0.19,0.4,3.04,23.98,63.3,2.56,2.24,0.48,4.8,6.55,0.96,0.16,0.48,1.12,4.16,,,,,,,,,,,,,
Shandon Baptiste,MF,,Right,180cm,74kg,"April 8, 1998",Grenada,Brentford,17550.0,2024.0,,,,,,,,,,,,,,,,,,,,,,,,,,,,,,,,
Thomas Strakosha,GK,,Right,192cm,79kg,"March 19, 1995",Albania,Brentford,29250.0,2026.0,,,,,,,,,,,,,,,,,,,,,,,,,,,,,,,,
Ellery Balcombe,GK,,Right,180cm,69kg,"October 15, 1999",England,Brentford,11700.0,2027.0,,,,,,,,,,,,,,,,,,,,,,,,,,,,,,,,
Jordan Pickford,GK,,Left,185cm,77kg,"March 7, 1994",England,Everton,146250.0,2027.0,,,,,,,,,,,,,,,,,,,,0.03,1.51,70.0,0.29,11.1,28.2,42.69,58.7,7.0,47.7,4.8,1.54,17.6
James Tarkowski,DF,(CB),Right,185cm,81kg,"November 19, 1992",England,Everton,117000.0,2026.0,0.03,0.08,0.74,0.03,0.07,0.15,0.95,39.81,76.7,3.44,0.38,0.44,2.18,0.56,1.64,1.62,2.08,4.8,3.59,,,,,,,,,,,,,
Jarrad Branthwaite,DF,"(CB,",Left,195cm,82kg,"June 27, 2002",England,Everton,40950.0,2027.0,0.07,0.05,0.41,0.0,0.03,0.08,0.71,40.14,79.4,2.09,0.07,0.17,1.08,0.2,1.96,1.62,1.22,4.62,2.7,,,,,,,,,,,,,
James Garner,MF,(CM-DM),Right,182cm,77kg,"March 13, 2001",England,Everton,35100.0,2026.0,0.03,0.08,1.07,0.06,0.14,0.22,3.03,37.88,76.0,3.23,1.04,0.59,1.1,2.22,2.4,1.42,1.36,1.6,0.68,,,,,,,,,,,,,
Dwight McNeil,FW-MF,"(WM,",Left,177cm,72kg,"November 22, 1999",England,Everton,29250.0,2027.0,0.18,0.15,1.86,0.18,0.29,0.44,3.92,39.07,67.3,3.51,2.61,1.2,2.37,4.58,1.44,0.87,1.5,1.32,0.6,,,,,,,,,,,,,
Vitaliy Mykolenko,DF,"(FB,",Left,180cm,73kg,"May 29, 1999",Ukraine,Everton,67860.0,2026.0,0.07,0.05,0.87,0.0,0.03,0.08,1.34,40.96,74.0,2.0,0.5,0.6,1.07,2.37,2.41,1.44,1.4,3.44,1.07,,,,,,,,,,,,,
Abdoulaye Doucouré,MF,(AM-CM-DM),Right,180cm,59kg,"January 1, 1993",Mali,Everton,152100.0,2025.0,0.29,0.25,1.55,0.03,0.12,0.36,2.49,29.28,76.7,3.01,1.85,0.91,3.4,5.05,1.75,0.62,0.94,0.58,0.74,,,,,,,,,,,,,
Ashley Young,DF-FW-MF,"(FB-WM,",Right,175cm,63kg,"July 9, 1985",England,Everton,46800.0,2024.0,0.0,0.03,0.64,0.0,0.06,0.1,2.33,41.58,69.9,3.34,1.69,0.4,0.97,2.41,1.93,0.97,0.88,1.89,0.68,,,,,,,,,,,,,
Jack Harrison,FW-MF,(AM-WM),Left,175cm,69kg,"November 20, 1996",England,Everton,105300.0,2024.0,0.15,0.14,1.16,0.15,0.17,0.3,2.44,27.83,65.0,2.89,2.74,1.09,1.95,5.85,1.16,0.6,1.16,1.05,0.34,,,,,,,,,,,,,
Dominic Calvert-Lewin,FW-MF,,Right,189cm,63kg,"March 16, 1997",England,Everton,117000.0,2025.0,0.16,0.5,2.95,0.08,0.09,0.59,2.21,18.16,54.2,1.31,1.48,0.53,5.25,5.0,0.49,0.2,0.53,1.68,6.15,,,,,,,,,,,,,
Amadou Onana,MF,(CM),Right,187cm,76kg,"August 16, 2001",Belgium,Everton,117000.0,2027.0,0.08,0.08,1.23,0.04,0.13,0.21,2.62,43.69,84.3,5.03,0.93,0.55,1.31,1.78,2.88,1.02,0.93,1.27,2.24,,,,,,,,,,,,,
Ben Godfrey,DF-MF,(CB-FB),Right,183cm,78kg,"January 15, 1998",England,Everton,87750.0,2025.0,0.0,0.13,0.96,0.0,0.03,0.16,1.63,39.26,69.3,3.73,1.15,0.57,1.44,2.39,2.49,1.05,1.05,4.02,2.01,,,,,,,,,,,,,
Beto,FW,,Right,194cm,86kg,"January 31, 1998",Guinea-Bissau,Everton,58500.0,2027.0,0.22,0.52,3.51,0.0,0.13,0.64,3.14,15.55,62.5,1.27,1.2,1.35,5.16,5.23,1.12,0.22,0.97,1.42,3.89,,,,,,,,,,,,,
Arnaut Danjuma,FW-MF,,Right,187cm,73kg,"January 31, 1997",Netherlands,Everton,61424.99999999999,2024.0,0.13,0.38,3.54,0.0,0.14,0.52,2.62,23.71,70.2,1.44,3.28,1.05,4.59,6.81,0.79,0.39,0.52,0.0,0.52,,,,,,,,,,,,,
Michael Keane,DF,(CB),Right,191cm,72kg,"January 11, 1993",England,Everton,93600.0,2025.0,0.13,0.15,1.46,0.13,0.07,0.21,1.19,47.25,72.3,3.71,0.66,0.4,2.51,0.79,1.46,1.32,1.06,3.57,4.9,,,,,,,,,,,,,
André Gomes,MF,(CM-DM),Right,188cm,83kg,"July 30, 1993",Portugal,Everton,131400.36,2024.0,0.45,0.09,1.51,0.0,0.06,0.15,2.71,57.59,81.7,7.39,1.36,1.21,1.66,4.22,1.51,0.45,1.66,0.6,0.45,,,,,,,,,,,,,
Lewis Dobbin,MF,,Right,175cm,63kg,"January 3, 2003",England,Everton,,,,,,,,,,,,,,,,,,,,,,,,,,,,,,,,,,
Tyler Onyango,MF,,Right,190cm,74kg,"March 4, 2003",England,Everton,,,,,,,,,,,,,,,,,,,,,,,,,,,,,,,,,,
Andy Lonergan,GK,,Left,192cm,87kg,"October 19, 1983",Republic,Everton,8775.0,2024.0,,,,,,,,,,,,,,,,,,,,,,,,,,,,,,,,
João Virgínia,GK,,Right,192cm,78kg,"October 10, 1999",Portugal,Everton,8775.0,2025.0,,,,,,,,,,,,,,,,,,,,,,,,,,,,,,,,
Morgan Gibbs-White,FW-MF,(AM),Right,177cm,67kg,"January 27, 2000",England,Nottingham Forest,93600.0,2027.0,0.11,0.16,1.81,0.24,0.22,0.39,3.86,39.44,68.2,4.4,2.11,1.38,2.81,4.97,1.05,0.43,0.86,0.57,1.75,,,,,,,,,,,,,
Murillo,DF,"(CB,",Left,180cm,75kg,"July 4, 2002",Brazil,Nottingham Forest,35100.0,2028.0,0.0,0.04,0.52,0.07,0.04,0.09,0.92,48.35,77.2,3.02,0.7,0.66,0.96,0.26,1.55,1.07,1.32,5.89,1.18,,,,,,,,,,,,,
Anthony Elanga,FW-MF,,Right,178cm,64kg,"April 27, 2002",Sweden,Nottingham Forest,29250.0,2028.0,0.21,0.27,2.1,0.33,0.24,0.51,2.47,26.57,69.7,1.93,3.54,1.11,4.57,7.49,1.32,0.29,0.9,0.74,0.66,,,,,,,,,,,,,
Nicolás Domínguez,MF,(CM-DM),Right,179cm,73kg,"June 28, 1998",Argentina,Nottingham Forest,40950.0,2028.0,0.13,0.08,1.4,0.09,0.08,0.16,2.36,54.52,85.5,5.85,0.96,0.39,1.79,2.62,3.45,0.92,1.79,1.31,1.31,,,,,,,,,,,,,
Ryan Yates,MF,"(CM-DM,",Right,190cm,77kg,"November 21, 1997",England,Nottingham Forest,29250.0,2025.0,0.0,0.09,1.07,0.0,0.02,0.11,1.16,36.09,78.3,3.17,0.73,0.13,1.71,1.63,2.79,0.94,1.93,1.97,1.67,,,,,,,,,,,,,
Neco Williams,DF-MF,"(FB,",Right,183cm,76kg,"April 13, 2001",Wales,Nottingham Forest,58500.0,2026.0,0.0,0.04,0.81,0.05,0.09,0.13,1.62,42.6,65.5,2.48,2.59,1.03,1.67,4.54,3.89,1.19,2.32,3.08,1.67,,,,,,,,,,,,,
Matt Turner,GK,,Right,191cm,78kg,"June 24, 1994",United,Nottingham Forest,46800.0,2027.0,,,,,,,,,,,,,,,,,,,,-0.35,1.65,67.5,0.26,0.0,11.8,36.24,42.7,8.0,47.0,10.1,1.06,13.3
Callum Hudson-Odoi,FW-MF,(AM),Right,182cm,76kg,"November 7, 2000",England,Nottingham Forest,93600.0,2026.0,0.3,0.13,1.62,0.06,0.13,0.26,3.95,35.81,77.1,2.63,5.45,2.4,3.47,8.08,0.78,0.36,0.84,0.66,0.06,,,,,,,,,,,,,
Chris Wood,FW,,Right,191cm,82kg,"December 7, 1991",New,Nottingham Forest,93600.0,2024.0,0.74,0.51,2.09,0.06,0.12,0.63,2.09,21.38,65.5,1.54,0.68,0.37,4.48,3.81,0.31,0.06,0.61,1.47,3.75,,,,,,,,,,,,,
Danilo,MF,(DM),Left,177cm,64kg,"April 29, 2001",Brazil,Nottingham Forest,35100.0,2029.0,0.24,0.13,1.29,0.1,0.07,0.2,1.95,34.79,76.1,3.57,1.19,0.86,1.38,1.81,1.38,1.71,2.05,1.81,0.57,,,,,,,,,,,,,
Harry Toffolo,DF-MF,"(FB,",Left,183cm,71kg,"August 19, 1995",England,Nottingham Forest,40950.0,2025.0,0.06,0.1,0.51,0.19,0.1,0.21,1.6,36.56,71.4,2.57,0.58,0.06,0.77,2.37,1.67,0.9,2.05,3.08,1.48,,,,,,,,,,,,,
Ibrahim Sangaré,MF,(CM-DM),Right,191cm,77kg,"December 2, 1997",Côte,Nottingham Forest,87750.0,2028.0,0.0,0.05,0.72,0.0,0.03,0.08,1.54,37.54,79.5,3.8,0.45,0.54,1.09,0.63,3.62,1.27,2.08,1.81,0.72,,,,,,,,,,,,,
Matz Sels,GK,,Right,188cm,74kg,"February 26, 1992",Belgium,Nottingham Forest,40950.0,2027.0,,,,,,,,,,,,,,,,,,,,-0.24,1.35,61.1,0.29,0.0,16.2,30.0,40.6,5.81,37.0,3.6,0.73,12.2
Taiwo Awoniyi,FW,,Right,178cm,73kg,"August 12, 1997",Nigeria,Nottingham Forest,58500.0,2027.0,0.73,0.36,1.94,0.24,0.11,0.48,2.13,14.64,66.4,1.15,0.85,0.61,3.52,3.58,0.85,0.24,0.67,1.03,1.82,,,,,,,,,,,,,
Andrew Omobamidele,DF,"(CB,",Right,188cm,76kg,"June 23, 2002",Republic,Nottingham Forest,40950.0,2028.0,0.0,0.01,0.12,0.0,0.01,0.02,0.71,35.37,87.7,0.94,0.12,0.0,0.59,0.0,1.06,1.53,1.41,4.93,0.82,,,,,,,,,,,,,
Divock Origi,FW-MF,(WM),Right,186cm,74kg,"April 18, 1995",Belgium,Nottingham Forest,140400.0,2024.0,0.0,0.19,2.0,0.11,0.23,0.42,2.33,20.73,65.2,2.44,3.1,1.66,3.55,6.32,0.89,0.22,1.0,0.55,1.55,,,,,,,,,,,,,
Gonzalo Montiel,DF,"(FB,",Right,180cm,73kg,"January 1, 1997",Argentina,Nottingham Forest,29250.0,2024.0,0.0,0.02,0.35,0.26,0.15,0.17,2.02,48.64,78.3,3.69,1.14,0.35,1.23,3.16,2.55,1.49,1.58,4.57,0.97,,,,,,,,,,,,,
Nuno Tavares,DF-MF,"(FB,",Left,184cm,78kg,"January 26, 2000",Portugal,Nottingham Forest,35100.0,2024.0,0.0,0.07,1.83,0.0,0.09,0.16,1.7,52.96,73.4,4.96,3.0,1.43,2.22,4.96,2.87,0.26,1.17,3.13,0.65,,,,,,,,,,,,,
Felipe,DF,(CB),Right,184cm,77kg,"May 16, 1989",Brazil,Nottingham Forest,93600.0,2024.0,0.0,0.09,0.89,0.0,0.06,0.14,1.0,36.2,80.1,1.55,0.22,0.22,1.66,0.22,2.55,1.55,1.22,3.99,2.55,,,,,,,,,,,,,
Cheikhou Kouyaté,DF-MF,(CB-CM-DM),Right,193cm,79kg,"December 21, 1989",Senegal,Nottingham Forest,52650.0,2024.0,,,,,,,,,,,,,,,,,,,,,,,,,,,,,,,,
Cheikhou Kouyaté,DF-MF,(CB-CM-DM),Right,193cm,79kg,"December 21, 1989",Senegal,Nottingham Forest,52650.0,2024.0,,,,,,,,,,,,,,,,,,,,,,,,,,,,,,,,
Wayne Hennessey,GK,,Right,196cm,84kg,"January 24, 1987",Wales,Nottingham Forest,17550.0,2024.0,,,,,,,,,,,,,,,,,,,,,,,,,,,,,,,,
Thomas Kaminski,GK,,Right,190cm,82kg,"October 23, 1992",Belgium,Luton Town,29250.0,2024.0,,,,,,,,,,,,,,,,,,,,-0.02,2.21,63.8,0.35,0.0,5.9,42.26,53.5,9.38,48.0,3.0,1.82,19.4
Alfie Doughty,DF-MF,,Left,195cm,79kg,"December 21, 1999",England,Luton Town,8775.0,2024.0,0.04,0.05,0.84,0.24,0.19,0.23,3.5,51.93,66.2,3.18,3.04,1.08,2.41,5.04,1.96,0.98,1.47,1.26,0.77,,,,,,,,,,,,,
Carlton Morris,FW-MF,,Left,188cm,86kg,"December 16, 1995",England,Luton Town,11700.0,2024.0,0.18,0.23,2.05,0.14,0.1,0.33,2.41,23.78,64.0,1.73,1.08,0.94,4.28,3.78,0.32,0.04,0.76,1.55,4.21,,,,,,,,,,,,,
Ross Barkley,MF,(AM-CM),Right,189cm,83kg,"December 5, 1993",England,Luton Town,35100.0,2024.0,0.21,0.17,2.47,0.14,0.17,0.34,4.05,50.71,82.0,5.71,1.83,2.22,1.48,1.44,1.73,0.95,0.74,1.76,1.44,,,,,,,,,,,,,
Teden Mengi,DF,(CB),Right,183cm,81kg,"April 30, 2002",England,Luton Town,11700.0,2024.0,0.04,0.02,0.33,0.0,0.01,0.02,0.45,34.05,77.0,2.1,0.54,0.25,0.82,0.04,1.9,2.06,1.4,5.32,2.06,,,,,,,,,,,,,
Issa Kaboré,DF-MF,"(FB,",Right,180cm,77kg,"May 12, 2001",Burkina,Luton Town,23400.0,2024.0,0.0,0.01,0.32,0.09,0.11,0.12,1.8,40.54,71.8,2.86,3.28,1.11,1.11,5.54,2.82,0.92,1.02,2.63,0.79,,,,,,,,,,,,,
Amari'i Bell,DF-MF,"(CB-FB-WM,",Left,180cm,72kg,"May 5, 1994",Jamaica,Luton Town,11700.0,2024.0,0.0,0.02,0.1,0.0,0.03,0.04,1.31,43.69,77.2,3.98,1.67,0.52,0.26,0.52,2.62,1.31,1.73,3.14,1.05,,,,,,,,,,,,,
Gabriel Osho,DF,(CB),Right,,,"August 14, 1998",Nigeria,Luton Town,11700.0,2024.0,0.12,0.06,0.48,0.0,0.01,0.07,0.3,33.73,80.6,1.64,0.24,0.36,0.91,0.0,2.0,1.88,2.06,4.6,1.64,,,,,,,,,,,,,
Reece Burke,DF,"(CB,",Right,188cm,81kg,"September 2, 1996",England,Luton Town,14625.0,2024.0,0.0,0.08,0.77,0.19,0.07,0.15,1.16,37.19,76.0,3.03,0.52,0.13,1.16,0.77,1.87,1.03,1.48,4.45,2.78,,,,,,,,,,,,,
Tahith Chong,FW-MF,(AM),Left,185cm,77kg,"December 4, 1999",Netherlands,Luton Town,35100.0,2024.0,0.22,0.14,1.61,0.0,0.03,0.17,2.21,24.69,78.5,3.43,2.38,1.0,2.71,4.54,1.55,0.33,1.33,0.44,0.5,,,,,,,,,,,,,
Andros Townsend,FW-MF,"(AM-WM,",Left,183cm,77kg,"July 16, 1991",England,Luton Town,23400.0,2026.0,0.08,0.09,1.44,0.23,0.1,0.19,2.74,32.46,70.0,2.66,3.5,1.14,1.52,5.32,1.6,0.38,0.91,0.76,0.0,,,,,,,,,,,,,
Elijah Adebayo,FW,,Right,190cm,88kg,"January 7, 1998",England,Luton Town,14625.0,2024.0,0.7,0.43,2.17,0.0,0.05,0.49,2.01,13.71,72.3,1.47,1.08,1.08,5.73,6.58,0.08,0.39,0.62,1.78,2.94,,,,,,,,,,,,,
Marvelous Nakamba,MF,(AM-CM-DM),Left,177cm,71kg,"January 19, 1994",Zimbabwe,Luton Town,35100.0,2026.0,0.0,0.02,0.4,0.0,0.03,0.05,1.04,33.69,84.2,2.87,0.08,0.24,0.24,0.4,3.19,0.88,1.83,0.88,0.32,,,,,,,,,,,,,
Jordan Clark,MF,(CM-WM),Right,183cm,76kg,"September 22, 1993",England,Luton Town,5850.0,2024.0,0.08,0.06,1.05,0.08,0.07,0.14,1.69,35.74,71.6,3.38,1.37,0.81,2.58,2.66,2.01,0.64,1.85,0.81,1.21,,,,,,,,,,,,,
Jacob Brown,FW-MF,,Right,178cm,68kg,"April 10, 1998",Scotland,Luton Town,35100.0,2027.0,0.18,0.25,2.3,0.0,0.06,0.3,1.32,21.82,55.1,1.68,2.21,0.53,4.42,4.68,1.68,0.71,1.77,1.94,3.8,,,,,,,,,,,,,
Albert Sambi Lokonga,MF,(CM-DM),Right,183cm,78kg,"October 22, 1999",Belgium,Luton Town,58500.0,2024.0,0.0,0.05,0.8,0.18,0.12,0.16,1.88,50.32,87.2,4.65,1.88,0.89,0.72,0.72,1.79,0.54,1.79,1.07,0.98,,,,,,,,,,,,,
Pelly Ruddock Mpanzu,DF-MF,(CM-DM),Right,175cm,63kg,"July 17, 1993",Congo,Luton Town,11700.0,2025.0,0.0,0.05,0.92,0.0,0.03,0.09,1.58,29.92,73.8,2.83,0.83,0.75,1.25,1.25,1.0,0.75,1.25,1.25,1.0,,,,,,,,,,,,,
Daiki Hashioka,DF-MF,"(DM,",Right,182cm,73kg,"May 17, 1999",Japan,Luton Town,17550.0,2024.0,0.12,0.1,1.62,0.12,0.1,0.2,1.86,54.46,80.9,3.9,2.76,0.36,2.88,5.58,1.68,1.08,1.62,3.0,3.0,,,,,,,,,,,,,
Cauley Woodrow,FW-MF,,Right,184cm,72kg,"December 2, 1994",England,Luton Town,23400.0,2024.0,,,,,,,,,,,,,,,,,,,,,,,,,,,,,,,,
Luke Berry,MF,,Right,175cm,72kg,"July 12, 1992",England,Luton Town,11700.0,2024.0,,,,,,,,,,,,,,,,,,,,,,,,,,,,,,,,
Fred Onyedinma,DF-FW-MF,,Right,185cm,74kg,"November 24, 1996",England,Luton Town,7020.0,2024.0,0.14,0.12,1.43,0.14,0.09,0.21,1.5,20.03,68.7,1.09,2.25,1.64,3.54,2.86,1.16,0.61,0.68,1.02,2.32,,,,,,,,,,,,,
Tim Krul,GK,,Left,193cm,86kg,"April 3, 1988",Netherlands,Luton Town,29250.0,2024.0,,,,,,,,,,,,,,,,,,,,,,,,,,,,,,,,
Dan Potts,DF,"(FB,",Left,173cm,69kg,"April 13, 1994",England,Luton Town,11700.0,2024.0,,,,,,,,,,,,,,,,,,,,,,,,,,,,,,,,
James Shea,GK,,Right,188cm,76kg,"June 16, 1991",England,Luton Town,8775.0,2024.0,,,,,,,,,,,,,,,,,,,,,,,,,,,,,,,,
Sander Berge,MF,(CM-DM),Right,190cm,87kg,"February 14, 1998",Norway,Burnley,46800.0,2027.0,0.03,0.06,0.78,0.03,0.05,0.12,1.84,44.47,86.8,4.56,1.84,0.58,1.33,0.95,2.35,0.71,1.53,1.84,2.14,,,,,,,,,,,,,
Dara O'Shea,DF,(CB),Right,183cm,74kg,"March 4, 1999",Republic,Burnley,23400.0,2027.0,0.07,0.02,0.53,0.14,0.07,0.09,1.0,55.17,79.5,3.98,0.92,0.04,1.53,0.28,1.1,0.89,1.24,4.98,3.8,,,,,,,,,,,,,
James Trafford,GK,,Right,197cm,83kg,"October 10, 2002",England,Burnley,29250.0,2027.0,,,,,,,,,,,,,,,,,,,,-0.21,2.21,65.7,0.3,0.0,7.1,58.25,33.9,7.07,54.2,7.2,1.54,15.0
Zeki Amdouni,FW-MF,,Both,183cm,79kg,"December 4, 2000",Switzerland,Burnley,35100.0,2028.0,0.2,0.22,2.01,0.05,0.07,0.28,2.25,23.09,78.8,2.3,2.89,1.32,3.04,4.12,1.27,0.39,0.98,0.49,0.69,,,,,,,,,,,,,
Charlie Taylor,DF,"(FB,",Left,175cm,69kg,"September 18, 1993",England,Burnley,35100.0,2024.0,0.04,0.01,0.42,0.04,0.05,0.06,1.29,51.38,75.7,3.2,1.45,0.37,0.75,3.2,1.41,0.75,1.04,3.2,1.66,,,,,,,,,,,,,
Vitinho,DF-MF,(FB),Right,175cm,72kg,"July 23, 1999",Brazil,Burnley,29250.0,2027.0,0.0,0.06,0.89,0.04,0.05,0.11,1.87,39.83,71.4,2.81,2.54,1.07,2.05,4.33,2.63,0.49,1.65,1.78,0.71,,,,,,,,,,,,,
Josh Brownhill,MF,(CM),Right,177cm,73kg,"December 19, 1995",England,Burnley,52650.0,2024.0,0.17,0.08,1.17,0.08,0.08,0.16,2.68,44.16,76.8,3.55,0.71,0.29,1.46,1.34,2.3,1.38,1.34,1.63,1.3,,,,,,,,,,,,,
Wilson Odobert,MF,,Right,180cm,74kg,"November 28, 2004",France,Burnley,11700.0,2028.0,0.14,0.11,1.85,0.09,0.14,0.25,3.38,24.01,76.9,2.75,4.14,2.3,3.74,5.05,0.63,0.27,1.17,0.45,0.36,,,,,,,,,,,,,
Josh Cullen,DF-MF,(CM-DM),Right,180cm,74kg,"April 7, 1996",Republic,Burnley,46800.0,2026.0,0.05,0.02,0.58,0.16,0.08,0.1,2.74,60.18,85.5,5.01,0.95,0.16,0.74,0.9,1.69,0.63,1.42,1.16,0.84,,,,,,,,,,,,,
Lyle Foster,FW,,Right,185cm,78kg,"September 3, 2000",South,Burnley,38025.0,2028.0,0.29,0.19,1.57,0.17,0.09,0.28,1.8,21.34,65.4,1.57,2.56,0.99,4.53,5.0,1.1,0.17,0.7,1.74,2.73,,,,,,,,,,,,,
Ameen Al-Dakhil,DF,(CB),Right,187cm,69kg,"March 6, 2002",Belgium,Burnley,17550.0,2026.0,0.09,0.11,0.68,0.0,0.01,0.12,0.68,54.29,84.3,2.98,0.6,0.26,0.85,0.77,1.02,1.02,1.11,3.24,1.19,,,,,,,,,,,,,
Jacob Bruun Larsen,FW-MF,,Right,183cm,74kg,"September 19, 1998",Denmark,Burnley,40950.0,2024.0,0.35,0.32,2.89,0.0,0.09,0.4,3.33,37.72,72.8,2.54,4.39,1.49,6.49,10.53,0.61,0.44,1.23,1.4,0.88,,,,,,,,,,,,,
Maxime Estève,DF,"(CB,",Left,192cm,82kg,"May 26, 2002",France,Burnley,5850.0,2024.0,0.04,0.02,0.47,0.04,0.01,0.04,0.59,44.21,81.2,2.26,0.67,0.12,0.75,0.47,1.46,1.58,1.23,4.35,1.82,,,,,,,,,,,,,
Lorenz Assignon,DF,,Right,179cm,67kg,"June 22, 2000",Togo,Burnley,12375.09,2027.0,0.11,0.04,0.76,0.11,0.2,0.24,2.67,45.57,80.5,3.7,2.52,0.88,1.95,5.53,2.1,0.92,1.15,2.67,1.07,,,,,,,,,,,,,
David Datro Fofana,FW,,Right,181cm,82kg,"December 22, 2002",Côte,Burnley,35100.0,2024.0,0.32,0.43,2.75,0.05,0.13,0.55,2.64,18.43,69.3,1.8,2.22,2.06,5.07,6.07,1.16,0.0,0.53,0.69,1.64,,,,,,,,,,,,,
Arijanet Muric,GK,,Right,198cm,79kg,"November 7, 1998",Kosovo,Burnley,29250.0,2026.0,,,,,,,,,,,,,,,,,,,,0.77,1.17,85.7,0.23,0.0,0.0,65.17,37.3,3.17,49.3,16.5,3.5,17.4
Hannes Delcroix,DF,"(CB,",Left,183cm,73kg,"February 28, 1999",Belgium,Burnley,17550.0,2026.0,0.0,0.06,0.61,0.0,0.03,0.09,1.07,53.48,85.7,2.75,0.31,0.46,0.61,0.92,1.53,1.38,1.38,3.97,1.22,,,,,,,,,,,,,
Aaron Ramsey,MF,,Right,178cm,76kg,"January 21, 2003",England,Burnley,29250.0,2028.0,0.0,0.05,1.02,0.0,0.07,0.12,0.85,25.79,78.1,1.37,1.37,0.51,1.54,2.9,2.9,0.17,1.88,1.71,0.68,,,,,,,,,,,,,
Hjalmar Ekdal,DF,(CB),Right,187cm,76kg,"October 21, 1998",Sweden,Burnley,,,,,,,,,,,,,,,,,,,,,,,,,,,,,,,,,,
Mike Trésor,FW-MF,(AM),Right,173cm,68kg,"May 28, 1999",Belgium,Burnley,,,,,,,,,,,,,,,,,,,,,,,,,,,,,,,,,,
Benson Manuel,FW-MF,,Left,166cm,63kg,"March 28, 1997",Belgium,Burnley,29250.0,2027.0,,,,,,,,,,,,,,,,,,,,,,,,,,,,,,,,
Nathan Redmond,FW-MF,"(AM-WM,",Right,173cm,74kg,"March 6, 1994",England,Burnley,40950.0,2025.0,,,,,,,,,,,,,,,,,,,,,,,,,,,,,,,,
Han-Noah Massengo,MF,(CM),,175cm,63kg,"July 7, 2001",France,Burnley,17550.0,2027.0,,,,,,,,,,,,,,,,,,,,,,,,,,,,,,,,
Lawrence Vigouroux,GK,,Right,194cm,89kg,"November 19, 1993",Chile,Burnley,8189.999999999999,2026.0,,,,,,,,,,,,,,,,,,,,,,,,,,,,,,,,
Gustavo Hamer,MF,(CM-DM),Right,169cm,60kg,"June 24, 1997",Netherlands,Sheffield United,35100.0,2027.0,0.15,0.09,1.46,0.18,0.15,0.24,3.2,34.3,67.7,3.82,1.02,0.84,1.31,2.48,1.31,1.02,0.87,1.13,0.18,,,,,,,,,,,,,
Jack Robinson,DF,"(CB-FB,",Left,180cm,68kg,"September 1, 1993",England,Sheffield United,29250.0,2025.0,0.03,0.04,0.38,0.03,0.04,0.08,0.73,37.17,71.4,1.7,0.21,0.14,0.94,0.38,1.32,1.04,1.6,4.52,2.08,,,,,,,,,,,,,
Jayden Bogle,DF-MF,"(FB,",Right,178cm,68kg,"July 27, 2000",England,Sheffield United,23400.0,2024.0,0.08,0.07,1.03,0.0,0.03,0.11,1.0,30.66,69.0,1.8,1.07,0.8,1.8,2.79,2.07,1.11,1.45,3.18,1.61,,,,,,,,,,,,,
Wes Foderingham,GK,,Right,185cm,74kg,"January 14, 1991",England,Sheffield United,14625.0,2024.0,,,,,,,,,,,,,,,,,,,,-0.06,2.58,63.6,0.34,0.0,4.2,38.72,55.1,8.76,53.2,4.2,1.39,15.4
Auston Trusty,DF,"(CB,",Left,191cm,83kg,"August 12, 1998",United,Sheffield United,29250.0,2027.0,0.0,0.02,0.34,0.0,0.03,0.04,0.51,30.96,74.1,1.4,0.38,0.13,1.06,0.51,1.7,1.02,1.44,5.43,2.12,,,,,,,,,,,,,
Oliver Norwood,MF,(CM-DM),Right,180cm,74kg,"April 12, 1991",Northern,Sheffield United,23400.0,2024.0,0.0,0.02,0.88,0.0,0.04,0.06,1.96,56.45,69.7,4.54,0.19,0.06,0.38,0.63,2.59,1.32,1.51,2.46,0.88,,,,,,,,,,,,,
George Baldock,DF-MF,"(FB-WM,",Right,175cm,69kg,"March 9, 1993",Greece,Sheffield United,11700.0,2024.0,0.0,0.0,0.09,0.09,0.07,0.07,1.49,36.87,73.3,2.88,0.84,0.56,0.84,2.23,1.67,0.93,1.3,3.07,1.21,,,,,,,,,,,,,
Ben Osborn,DF-FW-MF,"(AM,",Left,176cm,74kg,"August 5, 1994",England,Sheffield United,23400.0,2024.0,0.0,0.19,2.37,0.0,0.01,0.2,1.31,10.21,48.8,0.24,0.71,0.24,3.21,4.51,0.24,0.24,0.36,1.07,2.85,,,,,,,,,,,,,
Ben Osborn,DF-FW-MF,"(AM,",Left,176cm,74kg,"August 5, 1994",England,Sheffield United,23400.0,2024.0,0.0,0.19,2.37,0.0,0.01,0.2,1.31,10.21,48.8,0.24,0.71,0.24,3.21,4.51,0.24,0.24,0.36,1.07,2.85,,,,,,,,,,,,,
Andre Brooks,MF,,Left,180cm,70kg,"August 20, 2003",England,Sheffield United,17550.0,2027.0,0.0,0.03,0.67,0.0,0.01,0.04,0.67,23.83,72.6,1.73,0.8,1.46,1.46,2.26,1.6,1.2,1.46,1.86,1.2,,,,,,,,,,,,,
Mason Holgate,DF,(CB),Right,184cm,73kg,"October 22, 1996",England,Sheffield United,81900.0,2025.0,0.0,0.17,0.45,0.0,0.08,0.24,0.76,26.47,61.7,1.82,0.0,0.15,0.45,0.15,1.36,1.06,1.51,5.45,1.06,,,,,,,,,,,,,
Max Lowe,DF-MF,"(FB,",Right,168cm,69kg,"May 11, 1997",England,Sheffield United,11700.0,2024.0,,,,,,,,,,,,,,,,,,,,,,,,,,,,,,,,
Rhian Brewster,FW,,Right,177cm,73kg,"April 1, 2000",England,Sheffield United,40950.0,2025.0,,,,,,,,,,,,,,,,,,,,,,,,,,,,,,,,
Tom Davies,MF,(CM),Right,180cm,69kg,"June 30, 1998",England,Sheffield United,35100.0,2026.0,,,,,,,,,,,,,,,,,,,,,,,,,,,,,,,,
Rhys Norrington-Davies,DF-MF,"(FB,",Left,170cm,62kg,"April 22, 1999",Wales,Sheffield United,4680.0,2024.0,,,,,,,,,,,,,,,,,,,,,,,,,,,,,,,,
Jordan Amissah,GK,,Right,197cm,(6-5½),"August 2, 2001",Ghana,Sheffield United,,,,,,,,,,,,,,,,,,,,,,,,,,,,,,,,,,
Adam Davies,GK,,Right,191cm,74kg,"July 17, 1992",Wales,Sheffield United,29250.0,2024.0,,,,,,,,,,,,,,,,,,,,,,,,,,,,,,,,
Matheus Nunes,MF,(CM),Right,183cm,78kg,"August 27, 1998",Portugal,Manchester City,152100.0,2028.0,0.0,0.16,1.42,0.16,0.14,0.29,3.38,53.93,86.0,4.85,3.65,1.96,4.41,6.81,1.36,0.82,0.82,1.09,0.82,,,,,,,,,,,,,
Aaron Cresswell,DF-MF,"(CB-FB,",Left,170cm,68kg,"December 15, 1989",England,West,58500.0,2024.0,80.0,6.0,1.0,6.0,12.0,9.0,38.0,77.0,68.0,73.0,8.0,1.0,1.0,7.0,1.0,19.0,6.0,35.0,70.0,,,,,,,,,,,,,
Maxwel Cornet,DF-FW-MF,,Left,179cm,68kg,"September 27, 1996",Côte,West,76050.0,2027.0,,,,,,,,,,,,,,,,,,,,,,,,,,,,,,,,
Conor Gallagher,MF,(AM-CM-WM),Right,182cm,73kg,"February 6, 2000",England,Chelsea,58500.0,2025.0,75.0,75.0,76.0,81.0,78.0,75.0,72.0,65.0,86.0,58.0,63.0,69.0,86.0,84.0,75.0,73.0,74.0,10.0,39.0,,,,,,,,,,,,,
Axel Disasi,DF,"(CB,",Right,190cm,86kg,"March 11, 1998",France,Chelsea,93600.0,2029.0,65.0,78.0,79.0,28.0,22.0,55.0,7.0,83.0,74.0,74.0,86.0,95.0,66.0,85.0,13.0,10.0,15.0,23.0,75.0,,,,,,,,,,,,,
Moisés Caicedo,MF,(CM-DM),Right,178cm,74kg,"November 2, 2001",Ecuador,Chelsea,175500.0,2031.0,13.0,7.0,11.0,22.0,31.0,14.0,25.0,82.0,91.0,65.0,26.0,57.0,12.0,30.0,70.0,73.0,86.0,50.0,62.0,,,,,,,,,,,,,
Enzo Fernández,MF,(CM-DM),Right,178cm,78kg,"January 17, 2001",Argentina,Chelsea,210600.0,2031.0,52.0,85.0,84.0,40.0,79.0,83.0,84.0,94.0,69.0,97.0,78.0,71.0,63.0,47.0,49.0,24.0,70.0,37.0,43.0,,,,,,,,,,,,,
Nicolas Jackson,FW,,,186cm,78kg,"June 20, 2001",Senegal,Chelsea,76050.0,2031.0,88.0,90.0,36.0,68.0,74.0,91.0,72.0,36.0,84.0,58.0,76.0,87.0,59.0,56.0,48.0,19.0,64.0,30.0,28.0,,,,,,,,,,,,,
Thiago Silva,DF,(CB),Right,183cm,78kg,"September 22, 1984",Brazil,Chelsea,128699.99999999999,2024.0,89.0,37.0,47.0,28.0,51.0,40.0,65.0,90.0,98.0,54.0,10.0,27.0,40.0,27.0,21.0,38.0,41.0,78.0,52.0,,,,,,,,,,,,,
Raheem Sterling,FW-MF,(AM-WM),Right,170cm,69kg,"December 8, 1994",England,Chelsea,380250.0,2027.0,73.0,82.0,62.0,59.0,54.0,72.0,45.0,29.0,42.0,37.0,87.0,69.0,97.0,88.0,28.0,62.0,22.0,31.0,14.0,,,,,,,,,,,,,
Marc Cucurella,DF-MF,"(FB-WM,",Left,175cm,68kg,"July 22, 1998",Spain,Chelsea,204750.0,2028.0,20.0,72.0,28.0,42.0,6.0,28.0,30.0,76.0,94.0,7.0,32.0,2.0,41.0,32.0,91.0,69.0,93.0,50.0,74.0,,,,,,,,,,,,,
Benoît Badiashile,DF,"(CB,",Left,194cm,67kg,"March 26, 2001",France,Chelsea,105300.0,2030.0,83.0,51.0,25.0,94.0,82.0,75.0,82.0,89.0,86.0,58.0,18.0,23.0,44.0,38.0,35.0,29.0,58.0,38.0,64.0,,,,,,,,,,,,,
Armando Broja,FW,,Right,191cm,83kg,"September 10, 2001",Albania,Fulham,46800.0,2024.0,8.0,65.0,24.0,65.0,48.0,58.0,5.0,36.0,99.0,31.0,80.0,98.0,92.0,84.0,35.0,2.0,93.0,35.0,53.0,,,,,,,,,,,,,
Trevoh Chalobah,DF-MF,(CB),Right,190cm,74kg,"July 5, 1999",England,Chelsea,58500.0,2028.0,17.0,42.0,31.0,28.0,62.0,49.0,83.0,89.0,55.0,70.0,80.0,95.0,79.0,97.0,27.0,66.0,38.0,42.0,26.0,,,,,,,,,,,,,
Carney Chukwuemeka,MF,,,182cm,69kg,"October 20, 2003",England,Chelsea,117000.0,2028.0,,,,,,,,,,,,,,,,,,,,,,,,,,,,,,,,
Marcus Bettinelli,GK,,Right,193cm,82kg,"May 24, 1992",England,Chelsea,40950.0,2026.0,,,,,,,,,,,,,,,,,,,,,,,,,,,,,,,,
Pascal Groß,DF-FW-MF,(AM-CM-DM),Right,181cm,72kg,"June 15, 1991",Germany,Brighton,76050.0,2025.0,83.0,82.0,77.0,98.0,96.0,96.0,98.0,98.0,68.0,96.0,83.0,35.0,82.0,92.0,44.0,8.0,38.0,24.0,13.0,,,,,,,,,,,,,
Jan Paul van Hecke,DF,(CB),Right,189cm,78kg,"June 8, 2000",Netherlands,Brighton,35100.0,2027.0,17.0,52.0,61.0,28.0,76.0,67.0,89.0,97.0,95.0,97.0,83.0,47.0,38.0,58.0,64.0,43.0,94.0,12.0,71.0,,,,,,,,,,,,,
Billy Gilmour,MF,(CM-DM),Right,170cm,59kg,"June 11, 2001",Scotland,Brighton,23400.0,2026.0,13.0,28.0,46.0,42.0,44.0,33.0,63.0,96.0,95.0,89.0,58.0,16.0,14.0,39.0,2.0,13.0,17.0,16.0,34.0,,,,,,,,,,,,,
Simon Adingra,FW-MF,,Right,175cm,(5-9),"January 1, 2002",Côte,Brighton,14625.0,2026.0,61.0,53.0,56.0,29.0,37.0,40.0,22.0,37.0,53.0,11.0,72.0,71.0,89.0,90.0,70.0,62.0,71.0,78.0,47.0,,,,,,,,,,,,,
Bart Verbruggen,GK,,Right,193cm,82kg,"August 18, 2002",Netherlands,Brighton,40950.0,2028.0,,,,,,,,,,,,,,,,,,,,52.0,79.0,85.0,9.0,25.0,71.0,82.0,5.0,5.0,1.0,83.0,39.0,45.0
Danny Welbeck,FW-MF,(WM),Right,185cm,72kg,"November 26, 1990",England,Brighton,64349.99999999999,2024.0,42.0,34.0,57.0,34.0,72.0,50.0,93.0,80.0,99.0,75.0,73.0,17.0,42.0,55.0,83.0,94.0,78.0,81.0,23.0,,,,,,,,,,,,,
Evan Ferguson,FW,,,183cm,(6-0),"October 19, 2004",Republic,Brighton,35100.0,2029.0,52.0,31.0,29.0,3.0,3.0,14.0,7.0,31.0,92.0,12.0,29.0,21.0,3.0,13.0,66.0,63.0,58.0,33.0,21.0,,,,,,,,,,,,,
Jason Steele,GK,,Right,190cm,78kg,"August 18, 1990",England,Brighton,23400.0,2026.0,,,,,,,,,,,,,,,,,,,,15.0,14.0,1.0,94.0,67.0,50.0,70.0,7.0,1.0,1.0,15.0,97.0,98.0
Pervis Estupiñán,DF-MF,"(FB,",Left,175cm,78kg,"January 21, 1998",Ecuador,Brighton,58500.0,2027.0,91.0,85.0,82.0,94.0,94.0,94.0,83.0,87.0,81.0,91.0,89.0,45.0,92.0,80.0,33.0,64.0,37.0,8.0,59.0,,,,,,,,,,,,,
João Pedro,FW-MF,,Right,182cm,69kg,"September 26, 2001",Brazil,Brighton,58500.0,2028.0,25.0,41.0,74.0,32.0,63.0,47.0,89.0,95.0,91.0,89.0,94.0,92.0,96.0,96.0,93.0,88.0,59.0,78.0,47.0,,,,,,,,,,,,,
Joël Veltman,DF,"(CB-FB,",Right,182cm,74kg,"January 15, 1992",Netherlands,Brighton,58500.0,2025.0,20.0,11.0,8.0,22.0,15.0,8.0,5.0,43.0,85.0,82.0,12.0,1.0,19.0,15.0,86.0,66.0,18.0,82.0,85.0,,,,,,,,,,,,,
Igor,DF,"(CB,",Left,185cm,79kg,"February 7, 1998",br,Brighton,52650.0,2027.0,17.0,8.0,12.0,28.0,35.0,6.0,95.0,93.0,94.0,93.0,97.0,99.0,5.0,83.0,50.0,30.0,22.0,9.0,16.0,,,,,,,,,,,,,
James Milner,DF-MF,(CM-FB-WM),Right,176cm,69kg,"January 4, 1986",England,Brighton,70200.0,2024.0,20.0,41.0,45.0,80.0,86.0,71.0,68.0,89.0,86.0,98.0,16.0,8.0,69.0,95.0,74.0,19.0,28.0,41.0,71.0,,,,,,,,,,,,,
Adam Lallana,FW-MF,(AM-CM-WM),Right,173cm,67kg,"May 10, 1988",England,Brighton,105300.0,2024.0,2.0,1.0,1.0,23.0,50.0,7.0,26.0,94.0,99.0,66.0,3.0,1.0,62.0,38.0,26.0,28.0,1.0,3.0,34.0,,,,,,,,,,,,,
Tariq Lamptey,DF-MF,,Right,175cm,68kg,"September 30, 2000",Ghana,Brighton,40950.0,2025.0,20.0,62.0,66.0,95.0,32.0,42.0,12.0,18.0,81.0,3.0,93.0,55.0,87.0,83.0,38.0,73.0,5.0,1.0,12.0,,,,,,,,,,,,,
Adam Webster,DF,(CB),Right,192cm,79kg,"January 4, 1995",England,Brighton,64349.99999999999,2026.0,17.0,34.0,63.0,28.0,40.0,30.0,80.0,99.0,90.0,99.0,86.0,3.0,80.0,65.0,37.0,35.0,16.0,23.0,85.0,,,,,,,,,,,,,
Jakub Moder,MF,(CM),Right,188cm,78kg,"April 7, 1999",Poland,Brighton,11700.0,2025.0,,,,,,,,,,,,,,,,,,,,,,,,,,,,,,,,
Ansu Fati,FW,,Right,178cm,68kg,"October 31, 2002",Spain,Brighton,60974.549999999996,2027.0,98.0,99.0,99.0,11.0,17.0,97.0,56.0,58.0,97.0,67.0,42.0,21.0,95.0,85.0,5.0,64.0,74.0,43.0,37.0,,,,,,,,,,,,,
Julio Enciso,FW-MF,,,168cm,63kg,"January 23, 2004",Paraguay,Brighton,11700.0,2026.0,46.0,77.0,97.0,96.0,74.0,78.0,69.0,13.0,11.0,21.0,75.0,94.0,64.0,48.0,48.0,23.0,93.0,21.0,51.0,,,,,,,,,,,,,
Valentín Barco,DF,,Left,168cm,(5-6),"July 23, 2004",Argentina,Brighton,29250.0,2028.0,25.0,14.0,9.0,14.0,50.0,22.0,24.0,82.0,32.0,71.0,65.0,87.0,6.0,28.0,76.0,91.0,51.0,91.0,9.0,,,,,,,,,,,,,
Nélson Semedo,DF-MF,"(FB,",Right,177cm,64kg,"November 16, 1993",Portugal,Wolverhampton,93600.0,2025.0,20.0,32.0,35.0,13.0,16.0,14.0,17.0,51.0,59.0,55.0,83.0,90.0,40.0,50.0,58.0,57.0,65.0,69.0,30.0,,,,,,,,,,,,,
José Sá,GK,,Right,192cm,86kg,"January 17, 1993",Portugal,Wolverhampton,46800.0,2027.0,,,,,,,,,,,,,,,,,,,,75.0,16.0,35.0,88.0,25.0,24.0,24.0,49.0,72.0,51.0,86.0,31.0,23.0
Mario Lemina,DF-MF,(CM-DM-FB),Right,183cm,83kg,"September 1, 1993",Gabon,Wolverhampton,52650.0,2025.0,75.0,79.0,68.0,10.0,7.0,48.0,8.0,30.0,66.0,2.0,35.0,53.0,58.0,36.0,82.0,68.0,48.0,85.0,58.0,,,,,,,,,,,,,
João Gomes,MF,(CM),Right,176cm,73kg,"February 12, 2001",Brazil,Wolverhampton,35100.0,2028.0,58.0,34.0,33.0,25.0,16.0,21.0,35.0,34.0,49.0,13.0,21.0,55.0,40.0,25.0,99.0,29.0,91.0,33.0,42.0,,,,,,,,,,,,,
Craig Dawson,DF,"(CB-FB,",Right,188cm,82kg,"May 6, 1990",England,Wolverhampton,52650.0,2025.0,46.0,68.0,67.0,68.0,87.0,80.0,10.0,40.0,54.0,14.0,3.0,37.0,85.0,29.0,19.0,16.0,99.0,79.0,72.0,,,,,,,,,,,,,
Matheus Cunha,FW-MF,,Right,183cm,76kg,"May 27, 1999",Brazil,Wolverhampton,70200.0,2027.0,55.0,32.0,48.0,85.0,61.0,36.0,70.0,82.0,91.0,82.0,97.0,98.0,30.0,21.0,87.0,96.0,91.0,56.0,12.0,,,,,,,,,,,,,
