Player,Role,Position,Foot,Height,Weight,Birth,Nationality,Club,Wage,Expiration,2019-2020,2020-2021,2021-2022,2022-2023,2023-2024,6Seasons*,Non-PenaltyGoals,npxG:Non-PenaltyxG,ShotsTotal,Assists,xAG:Exp.AssistedGoals,npxG+xAG,Shot-CreatingActions,PassesAttempted,PassCompletion%,ProgressivePasses,ProgressiveCarries,SuccessfulTake-Ons,Touches(AttPen),ProgressivePassesRec,Tackles,Interceptions,Blocks,Clearances,AerialsWon,PSxG-GA,GoalsAgainst,SavePercentage,PSxG/SoT,Save%(PenaltyKicks),CleanSheetPercentage,Touches,Launch%,GoalKicks,Avg.LengthofGoalKicks,CrossesStopped%,Def.ActionsOutsidePen.Area,Avg.DistanceofDef.Actions,3Seasons*
Niklas Klinger,GK,,Right,186cm,82kg,"October 13, 1995",Germany,Wolfsburg,"5,769",2025.0,,,,,,,,,,,,,,,,,,,,,,,,,,,,,,,,,,,,,,,
Diogo Leite,DF,"(CB,",Left,184cm,82kg,"January 23, 1999",Portugal,Union Berlin,"6,538",2024.0,,,,,,,0.0,0.03,0.45,0.0,0.01,0.04,0.81,52.34,80.2,3.85,0.61,0.22,0.84,0.28,1.81,1.48,1.65,4.69,2.32,,,,,,,,,,,,,,
Danilho Doekhi,DF,"(CB,",Right,190cm,84kg,"June 30, 1998",Netherlands,Union Berlin,"11,538",2025.0,,,,,,,0.11,0.05,0.72,0.0,0.01,0.06,1.15,38.2,81.1,2.19,0.14,0.07,1.26,0.32,1.47,1.4,1.69,4.34,2.22,,,,,,,,,,,,,,
Robin Knoche,DF,(CB),Right,190cm,77kg,"May 22, 1992",Germany,Union Berlin,"28,846",2024.0,,,,,,,0.0,0.01,0.19,0.08,0.02,0.03,0.78,55.51,82.5,3.92,0.39,0.16,0.66,0.12,1.59,0.93,1.16,3.41,1.71,,,,,,,,,,,,,,
Lucas Tousart,MF,(CM-DM),Right,185cm,83kg,"April 29, 1997",France,Union Berlin,"50,000",2024.0,,,,,,,0.09,0.12,1.39,0.09,0.09,0.2,1.3,27.51,70.4,2.47,0.85,0.72,2.61,1.84,2.2,1.57,1.84,2.11,1.84,,,,,,,,,,,,,,
Rani Khedira,DF-MF,(CM-DM),Right,185cm,78kg,"January 27, 1994",Germany,Union Berlin,"16,346",2024.0,,,,,,,0.05,0.02,0.34,0.0,0.03,0.05,0.82,32.85,75.8,1.94,0.48,0.19,0.48,0.92,2.08,1.02,1.02,1.89,1.16,,,,,,,,,,,,,,
Alex Král,MF,(DM),Right,186cm,79kg,"May 19, 1998",Czech,Union Berlin,"34,423",2024.0,,,,,,,0.04,0.09,1.19,0.04,0.04,0.13,1.89,33.1,73.6,3.69,1.27,0.7,1.19,2.41,1.32,0.66,0.88,1.8,1.23,,,,,,,,,,,,,,
Jérôme Roussillon,DF-MF,"(FB,",Left,175cm,79kg,"January 6, 1993",France,Union Berlin,"28,846",2024.0,,,,,,,0.0,0.03,0.71,0.13,0.1,0.13,2.21,40.43,73.7,3.5,1.56,0.78,0.84,3.89,2.08,0.45,1.17,2.79,0.97,,,,,,,,,,,,,,
Paul Jaeckel,DF,"(CB,",Right,188cm,79kg,"July 22, 1998",Germany,Union Berlin,"8,077",2024.0,,,,,,,0.0,0.0,0.0,0.0,0.02,0.02,0.65,48.87,86.5,4.35,0.65,0.65,0.32,1.13,1.61,1.77,1.45,3.06,1.77,,,,,,,,,,,,,,
Alexander Schwolow,GK,,Right,189cm,83kg,"June 2, 1992",Germany,Union Berlin,"17,308",2024.0,,,,,,,,,,,,,,,,,,,,,,,,,,-0.8,2.6,53.8,0.31,0.0,0.0,38.2,53.1,6.8,44.9,2.0,0.6,12.6,
Jakob Busk,GK,,Right,189cm,87kg,"September 12, 1993",Denmark,Union Berlin,"8,077",2024.0,,,,,,,,,,,,,,,,,,,,,,,,,,,,,,,,,,,,,,,
Sepp van den Berg,DF-MF,"(CB,",Right,189cm,79kg,"December 20, 2001",Netherlands,Mainz 05,"10,385",2024.0,,,,,,,0.09,0.06,0.63,0.0,0.01,0.07,0.73,48.58,81.5,2.87,0.22,0.16,1.04,0.28,1.23,1.36,1.92,4.83,5.11,,,,,,,,,,,,,,
Robin Zentner,GK,,Right,194cm,96kg,"October 28, 1994",Germany,Mainz 05,"28,846",2025.0,,,,,,,,,,,,,,,,,,,,,,,,,,0.0,1.86,62.1,0.38,0.0,20.7,38.48,42.7,5.97,43.7,10.9,1.69,16.2,
Anthony Caci,DF-MF,"(CB-FB,",Right,184cm,69kg,"July 1, 1997",France,Mainz 05,"32,308",2026.0,,,,,,,0.07,0.05,0.99,0.07,0.11,0.16,2.09,55.15,73.2,4.83,1.31,0.92,1.35,2.2,2.2,1.24,1.53,1.74,1.06,,,,,,,,,,,,,,
Dominik Kohr,MF,(CM-DM),Right,193cm,74kg,"January 31, 1994",Germany,Mainz 05,"34,615",2026.0,,,,,,,0.04,0.1,1.36,0.0,0.05,0.15,1.32,48.38,76.6,4.24,1.07,0.41,1.48,1.11,2.27,1.77,1.4,2.18,1.81,,,,,,,,,,,,,,
Phillipp Mwene,DF-MF,(FB),Right,170cm,68kg,"January 29, 1994",Austria,Mainz 05,"17,308",2026.0,,,,,,,0.05,0.06,1.09,0.1,0.09,0.15,2.63,43.98,70.3,3.37,2.43,0.69,1.39,4.36,1.34,0.79,1.24,2.03,0.74,,,,,,,,,,,,,,
Karim Onisiwo,FW-MF,,Right,188cm,76kg,"March 17, 1992",Austria,Mainz 05,"32,692",2026.0,,,,,,,0.1,0.23,1.96,0.14,0.1,0.32,2.91,20.71,59.0,1.53,1.67,1.29,4.87,6.78,0.95,0.05,1.05,0.38,1.72,,,,,,,,,,,,,,
,,,,,,,,,,,,,,,,,0.2,0.18,1.69,0.13,0.17,0.34,5.6,37.48,65.1,4.16,5.66,3.64,5.14,9.44,1.3,0.33,0.91,0.26,0.78,,,,,,,,,,,,,,
Ludovic Ajorque,FW,,Left,197cm,82kg,"February 25, 1994",France,Mainz 05,"41,538",2026.0,,,,,,,0.12,0.22,1.81,0.0,0.06,0.28,2.29,29.34,70.6,1.63,0.24,0.18,4.89,5.19,0.3,0.18,0.36,0.78,4.95,,,,,,,,,,,,,,
Jonathan Burkardt,FW-MF,,Right,181cm,76kg,"July 11, 2000",Germany,Mainz 05,"36,346",2027.0,,,,,,,0.38,0.27,2.37,0.15,0.13,0.4,1.91,22.9,65.0,1.91,2.21,1.22,4.27,5.65,0.76,0.23,0.84,0.15,0.69,,,,,,,,,,,,,,
Edimilson Fernandes,DF-MF,(CB),Right,190cm,69kg,"April 15, 1996",Switzerland,Mainz 05,"38,077",2026.0,,,,,,,0.0,0.03,1.03,0.17,0.05,0.09,2.46,54.72,76.7,3.2,0.69,0.63,0.29,0.69,1.72,1.72,0.74,3.49,1.26,,,,,,,,,,,,,,
Danny da Costa,DF-FW-MF,"(DM-FB,",Right,185cm,84kg,"July 13, 1993",Germany,Mainz 05,"18,462",2025.0,,,,,,,0.0,0.05,0.69,0.09,0.07,0.12,1.63,48.26,66.5,4.38,1.89,0.77,1.03,5.15,1.89,1.37,1.55,2.32,1.12,,,,,,,,,,,,,,
Andreas Hanche-Olsen,DF,"(CB,",Right,185cm,82kg,"January 17, 1997",Norway,Mainz 05,"23,077",2026.0,,,,,,,0.18,0.08,0.54,0.09,0.09,0.17,0.54,47.81,79.5,1.81,0.27,0.18,0.91,0.27,2.0,1.09,0.91,4.72,3.81,,,,,,,,,,,,,,
Marco Richter,FW-MF,(AM),Right,176cm,73kg,"November 24, 1997",Germany,Mainz 05,"15,385",2027.0,,,,,,,0.17,0.18,3.85,0.17,0.19,0.38,3.67,34.29,64.3,3.67,2.36,2.01,4.29,6.65,1.4,0.35,1.14,0.52,0.44,,,,,,,,,,,,,,
Josuha Guilavogui,DF-MF,(CM-DM),Right,188cm,83kg,"September 19, 1990",France,Mainz 05,"23,077",2024.0,,,,,,,0.0,0.03,0.33,0.11,0.01,0.04,0.89,59.45,88.6,3.76,0.33,0.11,0.89,0.22,2.1,2.55,1.55,4.21,2.1,,,,,,,,,,,,,,
Maxim Leitsch,DF,"(CB,",Left,186cm,79kg,"May 18, 1998",Germany,Mainz 05,"18,462",2026.0,,,,,,,,,,,,,,,,,,,,,,,,,,,,,,,,,,,,,,,
Daniel Batz,GK,,Right,189cm,83kg,"January 12, 1991",Germany,Mainz 05,"4,231",2025.0,,,,,,,,,,,,,,,,,,,,,,,,,,,,,,,,,,,,,,,
Nelson Weiper,FW,,,192cm,81kg,"March 17, 2005",Germany,Mainz 05,"6,923",2025.0,,,,,,,,,,,,,,,,,,,,,,,,,,,,,,,,,,,,,,,
,,,,,,,,,,,,,,,,,,,,,,,,,,,,,,,,,,,,,,,,,,,,,,,,,
Lasse Rieß,GK,,,191cm,87kg,"July 27, 2001",Germany,Mainz 05,"4,615",2025.0,,,,,,,,,,,,,,,,,,,,,,,,,,,,,,,,,,,,,,,
Manuel Riemann,GK,,Right,186cm,83kg,"September 9, 1988",Germany,Bochum,"16,154",2025.0,,,,,,,,,,,,,,,,,,,,,,,,,,-0.08,1.82,69.3,0.27,20.0,14.7,55.29,62.2,6.59,47.0,7.0,3.12,19.8,
Bernardo,DF,"(FB,",Left,186cm,76kg,"May 14, 1995",Brazil,Bochum,"23,077",2025.0,,,,,,,0.03,0.06,0.86,0.0,0.01,0.07,1.24,49.19,71.6,3.59,0.79,0.35,1.35,1.21,3.0,1.79,2.1,3.83,4.31,,,,,,,,,,,,,,
Kevin Stöger,MF,(AM-CM),Left,175cm,69kg,"August 27, 1993",Austria,Bochum,"13,846",2024.0,,,,,,,0.07,0.08,2.22,0.38,0.29,0.37,6.98,66.12,66.3,9.71,2.7,0.75,1.4,4.52,1.92,0.72,1.54,0.58,0.21,,,,,,,,,,,,,,
Takuma Asano,FW-MF,(AM),Right,171cm,69kg,"November 10, 1994",Japan,Bochum,"8,654",2024.0,,,,,,,0.27,0.35,2.93,0.08,0.08,0.42,2.97,17.37,66.7,1.62,2.36,0.62,4.4,7.1,0.77,0.15,0.81,0.62,0.77,,,,,,,,,,,,,,
Ivan Ordets,DF,(CB),Right,187cm,87kg,"July 8, 1992",Ukraine,Bochum,"36,346",2024.0,,,,,,,0.05,0.03,0.64,0.0,0.03,0.07,0.64,32.53,71.3,1.96,0.27,0.05,2.47,0.37,0.73,1.74,1.78,6.3,6.12,,,,,,,,,,,,,,
Philipp Hofmann,FW,,Right,194cm,68kg,"March 30, 1993",Germany,Bochum,"15,000",2026.0,,,,,,,0.16,0.25,1.99,0.16,0.09,0.34,2.42,23.86,60.8,2.26,0.21,0.48,4.67,4.73,0.54,0.21,0.43,1.61,6.82,,,,,,,,,,,,,,
Cristian Gamboa,DF-MF,"(DM-FB,",Right,175cm,67kg,"October 24, 1989",Costa,Bochum,"11,538",2025.0,,,,,,,0.0,0.01,0.49,0.07,0.03,0.04,1.46,35.18,73.3,2.58,0.91,0.42,0.07,1.18,1.88,1.11,1.46,2.37,0.84,,,,,,,,,,,,,,
,,,,,,,,,,,,,,,,,0.17,0.14,1.68,0.08,0.12,0.27,2.35,15.94,59.5,0.84,1.09,0.75,3.61,5.7,0.75,0.0,0.92,0.67,2.26,,,,,,,,,,,,,,
Felix Passlack,DF-MF,,Right,170cm,73kg,"May 29, 1998",Germany,Bochum,"19,231",2025.0,,,,,,,0.11,0.07,1.26,0.0,0.13,0.18,3.21,39.95,64.1,3.1,0.57,0.69,1.15,4.13,2.18,0.92,1.38,2.3,0.57,,,,,,,,,,,,,,
Maximilian Wittek,DF-MF,"(CB-FB,",Left,170cm,72kg,"August 21, 1995",Germany,Bochum,"15,385",2026.0,,,,,,,0.12,0.05,2.01,0.12,0.14,0.18,4.02,47.83,63.5,5.2,1.42,0.59,0.59,4.96,2.13,1.89,1.06,2.36,1.3,,,,,,,,,,,,,,
Tim Oermann,DF,,Right,187cm,76kg,"October 6, 2003",Germany,Bochum,"5,192",2026.0,,,,,,,0.0,0.02,0.66,0.0,0.05,0.07,1.16,34.08,68.9,3.31,0.99,0.33,0.33,0.99,1.99,0.33,2.32,2.81,0.99,,,,,,,,,,,,,,
Gonçalo Paciência,FW,,Right,184cm,78kg,"August 1, 1994",Portugal,Bochum,"13,846",2024.0,,,,,,,0.35,0.37,4.38,0.12,0.16,0.52,3.58,24.23,60.5,3.0,1.38,1.62,5.65,6.12,1.15,0.0,0.81,1.04,3.12,,,,,,,,,,,,,,
Lukas Daschner,FW-MF,,Both,177cm,76kg,"October 1, 1998",Germany,Bochum,"9,615",2026.0,,,,,,,0.18,0.42,2.38,0.18,0.16,0.59,3.48,30.18,60.6,3.11,1.83,2.2,4.02,6.4,1.28,0.37,1.28,0.37,0.73,,,,,,,,,,,,,,
Philipp Förster,FW-MF,(AM),Left,188cm,82kg,"February 4, 1995",Germany,Bochum,"11,538",2024.0,,,,,,,0.14,0.17,1.58,0.14,0.12,0.29,4.61,44.5,73.8,4.9,1.44,0.29,2.16,3.46,2.16,1.3,0.72,0.72,0.43,,,,,,,,,,,,,,
Danilo Soares,DF,"(FB,",Left,170cm,72kg,"October 29, 1991",Brazil,Bochum,"8,269",2024.0,,,,,,,0.0,0.0,0.75,0.0,0.04,0.04,2.25,43.13,70.4,3.38,0.75,1.13,0.19,1.5,3.38,2.06,1.88,3.19,0.75,,,,,,,,,,,,,,
Noah Loosli,DF,,,185cm,74kg,"January 23, 1997",Switzerland,Bochum,"7,115",2026.0,,,,,,,,,,,,,,,,,,,,,,,,,,,,,,,,,,,,,,,
Andreas Luthe,GK,,Right,195cm,89kg,"March 10, 1987",Germany,Bochum,"5,769",2024.0,,,,,,,,,,,,,,,,,,,,,,,,,,-0.57,2.03,63.0,0.25,0.0,0.0,49.98,22.1,6.64,36.1,4.3,2.95,18.7,
Agon Elezi,MF,,,178cm,(5-10),"March 1, 2001",North,Bochum,,,,,,,,,,,,,,,,,,,,,,,,,,,,,,,,,,,,,,,,,
Moritz Römling,FW,,,Born:,April,Germany de,Bochum,"€ 2,308 Weekly Expires June 2024. Via Capology.",,,,,,,,,,,,,,,,,,,,,,,,,,,,,,,,,,,,,,,,,
Marvin Schwäbe,GK,,Right,189cm,86kg,"April 25, 1995",Germany,Köln,"23,077",2027.0,,,,,,,,,,,,,,,,,,,,,,,,,,0.09,1.71,66.5,0.36,0.0,8.6,41.09,27.7,4.63,34.5,3.2,0.63,12.7,
Timo Hübers,DF,(CB),Right,190cm,82kg,"July 20, 1996",Germany,Köln,"21,731",2026.0,,,,,,,0.06,0.09,0.78,0.0,0.01,0.1,0.69,56.42,84.6,3.17,0.6,0.19,1.16,0.09,1.95,2.2,1.66,5.3,3.11,,,,,,,,,,,,,,
Linton Maina,FW-MF,(AM),Right,173cm,69kg,"June 23, 1999",Germany,Köln,"6,923",2025.0,,,,,,,0.04,0.09,1.42,0.18,0.15,0.24,2.61,28.89,73.4,2.61,4.82,1.06,3.81,7.17,0.84,0.27,0.62,0.49,0.0,,,,,,,,,,,,,,
Rasmus Carstensen,DF,"(FB,",Right,187cm,76kg,"October 11, 2000",Denmark,Köln,"5,769",2024,,,,,,,0.0,0.04,0.5,0.0,0.09,0.14,1.89,44.7,71.7,2.77,1.77,0.72,1.89,4.71,2.5,1.11,2.11,2.77,0.83,,,,,,,,,,,,,,
Jan Thielmann,FW-MF,,Right,178cm,66kg,"May 26, 2002",Germany,Köln,"23,077",2026.0,,,,,,,0.05,0.13,1.81,0.05,0.09,0.23,2.86,30.55,65.6,3.02,2.91,1.21,2.25,4.67,1.54,0.55,1.87,1.59,1.26,,,,,,,,,,,,,,
,,,,,,,,,,,,,,,,,0.06,0.06,0.61,0.0,0.07,0.13,1.94,42.58,71.1,2.36,2.6,2.0,1.27,2.85,3.39,1.21,1.94,2.18,1.03,,,,,,,,,,,,,,
Denis Huseinbasic,MF,,Right,178cm,73kg,"July 3, 2001",Germany,Köln,"4,615",2025.0,,,,,,,0.06,0.03,0.56,0.19,0.03,0.06,1.92,41.97,85.3,4.89,1.61,0.5,0.5,1.42,1.86,0.68,1.55,0.62,0.5,,,,,,,,,,,,,,
Luca Waldschmidt,FW-MF,,Left,177cm,60kg,"May 19, 1996",Germany,Köln,"65,385",2024.0,,,,,,,0.34,0.24,3.53,0.0,0.09,0.33,3.36,34.03,71.6,3.7,2.27,1.34,2.44,4.87,1.34,0.5,1.51,0.67,0.42,,,,,,,,,,,,,,
Faride Alidou,FW,,Right,186cm,83kg,"July 18, 2001",Germany,Köln,"9,231",2024.0,,,,,,,0.35,0.17,2.11,0.0,0.05,0.21,2.64,23.29,66.4,3.08,3.87,1.93,3.43,7.47,0.88,0.7,1.76,1.32,1.14,,,,,,,,,,,,,,
Benno Schmitz,DF,"(FB,",Right,182cm,74kg,"November 17, 1994",Germany,Köln,"17,308",2024.0,,,,,,,0.0,0.01,0.59,0.07,0.01,0.04,1.99,55.5,69.6,5.9,1.84,0.37,0.59,3.54,1.84,0.74,1.55,2.29,1.18,,,,,,,,,,,,,,
Sargis Adamyan,FW-MF,,Right,184cm,76kg,"May 23, 1993",Armenia,Köln,"11,538",2026.0,,,,,,,0.12,0.48,3.62,0.24,0.21,0.69,3.62,21.47,71.9,2.17,1.93,0.84,5.31,4.71,1.69,0.72,1.57,0.84,1.45,,,,,,,,,,,,,,
Dominique Heintz,DF,"(CB,",Left,189cm,87kg,"August 15, 1993",Germany,Köln,"19,231",2026.0,,,,,,,0.0,0.01,0.28,0.0,0.06,0.07,1.67,57.21,80.2,3.63,0.98,0.56,0.28,1.95,2.51,0.7,0.98,3.35,1.67,,,,,,,,,,,,,,
Steffen Tigges,FW,,Left,195cm,82kg,"July 31, 1998",Germany,Köln,"12,692",2026.0,,,,,,,0.27,0.32,3.22,0.0,0.11,0.43,2.28,24.28,55.2,1.21,0.67,0.54,4.83,5.37,1.21,0.27,0.4,0.8,4.56,,,,,,,,,,,,,,
Mark Uth,FW-MF,(AM),Left,185cm,68kg,"August 24, 1991",Germany,Köln,"34,615",2025.0,,,,,,,,,,,,,,,,,,,,,,,,,,,,,,,,,,,,,,,
,,,,,,,,,,,,,,,,,,,,,,,,,,,,,,,,,,,,,,,,,,,,,,,,,
,,,,,,,,,,,,,,,,,,,,,,,,,,,,,,,,,,,,,,,,,,,,,,,,,
Philipp Pentke,GK,,Right,190cm,83kg,"May 1, 1985",Germany,Köln,"6,538",2025.0,,,,,,,,,,,,,,,,,,,,,,,,,,,,,,,,,,,,,,,
,,,,,,,,,,,,,,,,,,,,,,,,,,,,,,,,,,,,,,,,,,,,,,,,,
Matthias Köbbing,GK,,Both,194cm,93kg,"May 28, 1997",Germany,Köln,"2,308",2025.0,,,,,,,,,,,,,,,,,,,,,,,,,,,,,,,,,,,,,,,
Marcel Schuhen,GK,,Both,188cm,84kg,"January 13, 1993",Germany,Darmstadt 98,"14,423",2025.0,,,,,,,,,,,,,,,,,,,,,,,,,,-0.18,2.45,62.0,0.34,50.0,10.3,51.28,35.9,9.24,48.3,5.1,1.72,16.7,
Alexander Brunst,GK,,Right,195cm,87kg,"July 7, 1995",Germany,Darmstadt 98,"4,615",2024.0,,,,,,,,,,,,,,,,,,,,,,,,,,,,,,,,,,,,,,,
Morten Behrens,GK,,Right,193cm,89kg,"April 1, 1997",Germany,Darmstadt 98,"2,692",2024.0,,,,,,,,,,,,,,,,,,,,,,,,,,,,,,,,,,,,,,,
Jonathan Tah,DF,(CB),Right,193cm,97kg,"February 11, 1996",Germany,Leverkusen,"54,423",2025.0,,,,,,,0.1,0.06,0.76,0.02,0.01,0.07,0.69,75.93,94.3,4.5,0.49,0.17,1.1,0.12,0.86,0.56,0.83,3.23,2.2,,,,,,,,,,,,,,
Edmond Tapsoba,DF,(CB),Right,190cm,79kg,"February 2, 1999",Burkina,Leverkusen,"96,154",2028.0,,,,,,,0.06,0.06,0.7,0.03,0.03,0.1,1.35,84.66,90.2,7.14,1.94,0.68,0.97,0.62,1.26,0.79,1.15,2.58,2.14,,,,,,,,,,,,,,
Piero Hincapié,DF,"(CB,",Left,182cm,64kg,"January 9, 2002",Ecuador,Leverkusen,"40,000",2027.0,,,,,,,0.04,0.11,0.91,0.07,0.04,0.14,1.33,83.73,90.0,5.6,2.28,0.28,1.47,2.45,1.89,0.88,0.91,2.14,1.89,,,,,,,,,,,,,,
Matej Kovar,GK,,Right,184cm,77kg,"May 17, 2000",Czech,Leverkusen,"14,423",2027.0,,,,,,,,,,,,,,,,,,,,,,,,,,0.44,0.7,85.0,0.27,0.0,50.0,33.6,12.6,5.2,27.5,10.3,1.3,15.8,
Nadiem Amiri,MF,(AM-CM),Right,178cm,72kg,"October 27, 1996",Germany,Mainz 05,"54,423",2024.0,,,,,,,0.07,0.1,2.5,0.21,0.25,0.35,5.91,61.62,74.2,6.19,1.67,1.53,1.39,1.88,1.74,1.04,0.97,0.9,0.63,,,,,,,,,,,,,,
Niklas Lomb,GK,,Right,188cm,83kg,"July 28, 1993",Germany,Leverkusen,"10,962",2027.0,,,,,,,,,,,,,,,,,,,,,,,,,,,,,,,,,,,,,,,
Odilon Kossounou,DF,,Right,188cm,72kg,"January 4, 2001",Côte d'Ivoire,Leverkusen,"31,346",2026.0,,,,,,,0.05,0.03,0.19,0.00,0.03,0.06,1.52,68.68,88.3,6.23,1.95,1.05,0.57,1.19,1.52,1.43,1.38,2.09,1.09,,,,,,,,,,,,,,
Josip Stanisic,DF,,Right,186cm,73kg,"April 2, 2000",Croatia,Leverkusen,"36.346",2024.0,,,,,,,0.09,0.03,0.47,0.19,0.10,0.14,1.75,70.82,90.2,5.49,3.08,0.71,1.14,3.60,2.32,0.62,1.04,1.71,0.66,,,,,,,,,,,,,,
Alejandro Grimaldo,DF,,Left,170cm,69kg,"September 20, 1995",Spain,Leverkusen,"115,385",2027.0,,,,,,,0.29,0.16,2.15,0.45,0.28,0.44,4.20,67.97,82.2,5.05,2.87,0.69,3.27,8.17,1.52,0.67,0.98,1.17,0.35,,,,,,,,,,,,,,
Granit Xhaka,MF,,Left,185cm,82kg,"September 27, 1992",Switzerland,Leverkusen,"79,808",2028.0,,,,,,,0.10,0.07,1.28,0.02,0.09,0.16,3.68,97.28,91.7,11.11,1.93,0.42,0.64,1.58,1.18,0.52,0.89,1.36,0.74,,,,,,,,,,,,,,
Robert Andrich,MF,,Right,185cm,78kg,"September 22, 1994",Germany,Leverkusen,"30,769",2026.0,,,,,,,0.12,0.07,1.11,0.12,0.07,0.13,1.88,74.76,89.4,4.84,0.96,0.27,0.88,0.50,1.54,1.11,0.81,0.84,1.19,,,,,,,,,,,,,,
Exequiel Palacios,DF,,Right,177cm,69kg,"October 5, 1998",Argentina,Leverkusen,"96,154",2028.0,,,,,,,0.07,0.08,1.16,0.18,0.16,0.23,2.80,95.79,90.9,7.75,1.23,0.84,1.16,2.31,3.19,1.44,1.19,0.88,0.39,,,,,,,,,,,,,,
Florian Wirtz,FW,,Right,175cm,68kg,"May 3, 2003",Germany,Leverkusen,"86,538",2027.0,,,,,,,0.37,0.28,2.32,0.40,0.29,0.58,6.50,68.59,81.7,8.11,4.95,2.95,6.06,10.82,0.92,0.37,1.34,0.13,0.29,,,,,,,,,,,,,,
Jonas Hofmann,FW,,Right,176cm,69kg,"July 14, 1992",Germany,Leverkusen,"76,923",2027.0,,,,,,,0.35,0.24,2.35,0.32,0.35,0.59,6.78,64.92,80.1,5.27,2.99,0.70,4.85,9.03,1.12,0.39,0.88,0.28,0.14,,,,,,,,,,,,,,
Amine Adli,FW,,Left,174cm,59kg,"May 10, 2000",Morocco,Leverkusen,"21,923",2026.0,,,,,,,0.28,0.29,2.61,0.33,0.16,0.45,4.32,44.79,80.2,2.89,2.89,1.33,5.69,11.81,1.57,0.43,1.23,0.47,1.95,,,,,,,,,,,,,,
Nathan Tella,FW,,Right,173cm,69kg,"July 5, 1999",Nigeria,Leverkusen,"34,615",2028.0,,,,,,,0.44,0.29,2.42,0.22,0.35,0.64,3.88,36.35,79.6,2.79,4.25,0.73,6.16,10.99,1.10,0.51,1.39,0.95,0.51,,,,,,,,,,,,,,
Victor Boniface,FW,,Right,189cm,84kg,"December 23, 2000",Nigeria,Leverkusen,"38,462",2028.0,,,,,,,0.68,0.79,4.81,0.52,0.26,1.05,3.66,22.66,70.9,2.15,2.88,2.56,7.74,8.42,0.47,0.10,0.31,0.68,1.67,,,,,,,,,,,,,,
Patrik Schick,FW,,Left,186cm,73kg,"January 24, 1996",Czech Republic,Leverkusen,"115,385",2027.0,,,,,,,0.68,0.52,3.50,0.00,0.10,0.62,3.19,20.22,79.3,1.44,0.91,0.68,8.36,7.22,0.68,0.08,0.38,0.53,2.36,,,,,,,,,,,,,,
Harry Kane,FW,,Right,188cm,73kg,"July 28, 1993",England,Bayern Munich,"480,769",2027.0,,,,,,,0.88,0.7,3.81,0.26,0.2,0.9,2.64,21.82,70.6,3.7,1.12,0.57,4.78,4.49,0.53,0.15,0.48,0.51,1.34,,,,,,,,,,,,,,
Joshua Kimmich,DF-MF,"(DM-FB,",Right,176cm,69kg,"February 8, 1995",Germany,Bayern Munich,"375,000",2025.0,,,,,,,0.06,0.05,0.93,0.28,0.3,0.35,5.16,92.34,85.8,9.72,1.86,0.51,0.96,3.52,1.83,0.73,1.27,1.21,0.39,,,,,,,,,,,,,,
Leon Goretzka,MF,(AM-DM),Right,189cm,78kg,"February 6, 1995",Germany,Bayern Munich,"346,154",2026.0,,,,,,,0.16,0.18,2.01,0.26,0.22,0.4,2.69,67.0,89.6,6.48,2.62,0.36,2.3,2.3,1.72,1.46,1.68,1.91,1.46,,,,,,,,,,,,,,
Alphonso Davies,DF-FW-MF,"(FB,",Left,178cm,68kg,"November 2, 2000",Canada,Bayern Munich,"216,346",2025.0,,,,,,,0.04,0.02,0.45,0.15,0.1,0.12,2.87,72.64,87.7,4.89,4.67,3.02,2.35,5.79,2.05,1.05,1.34,1.9,0.6,,,,,,,,,,,,,,
Jamal Musiala,FW-MF,(AM),Right,184cm,72kg,"February 26, 2003",Germany,Bayern Munich,"96,154",2026.0,,,,,,,0.42,0.35,2.9,0.23,0.28,0.63,5.07,39.3,82.9,5.13,5.26,4.23,6.0,7.58,1.71,0.94,1.29,0.16,0.29,,,,,,,,,,,,,,
Dayot Upamecano,DF,(CB),Right,188cm,78kg,"October 27, 1998",France,Bayern Munich,"192,308",2026.0,,,,,,,0.04,0.08,0.67,0.0,0.02,0.1,1.26,95.05,92.6,6.95,1.22,0.21,0.93,0.38,2.02,1.01,0.76,2.65,2.23,,,,,,,,,,,,,,
Thomas Müller,FW-MF,(AM-WM),Right,186cm,74kg,"September 13, 1989",Germany,Bayern Munich,"394,231",2025.0,,,,,,,0.31,0.37,2.05,0.4,0.41,0.79,5.61,42.51,73.5,4.18,1.78,0.62,6.14,10.19,1.34,0.13,1.51,0.62,1.38,,,,,,,,,,,,,,
Konrad Laimer,DF-MF,(CM-DM-WM),Right,179cm,68kg,"May 27, 1997",Austria,Bayern Munich,"173,077",2027.0,,,,,,,0.07,0.08,0.85,0.07,0.13,0.2,2.8,64.67,87.0,5.73,3.14,1.43,2.35,4.53,3.34,0.95,2.05,0.72,0.58,,,,,,,,,,,,,,
Matthijs de Ligt,DF,(CB),Right,189cm,88kg,"August 12, 1999",Netherlands,Bayern Munich,"307,692",2027.0,,,,,,,0.09,0.09,1.0,0.04,0.03,0.12,0.87,74.8,92.8,5.63,0.79,0.09,1.35,0.48,1.0,1.05,0.96,3.28,2.88,,,,,,,,,,,,,,
Noussair Mazraoui,DF-MF,"(FB,",Right,183cm,73kg,"November 14, 1997",Morocco,Bayern Munich,"153,846",2026.0,,,,,,,0.05,0.08,0.81,0.23,0.12,0.19,2.8,71.69,87.2,8.5,2.94,0.95,2.35,6.42,2.31,1.31,1.22,1.72,1.4,,,,,,,,,,,,,,
Raphaël Guerreiro,DF-MF,"(FB-WM,",Left,170cm,67kg,"December 22, 1993",Portugal,Bayern Munich,"153,846",2026.0,,,,,,,0.21,0.15,1.56,0.1,0.19,0.33,4.06,75.47,84.7,7.55,3.33,0.83,3.28,7.24,1.35,1.15,0.63,0.63,0.21,,,,,,,,,,,,,,
Sven Ulreich,GK,,Right,192cm,83kg,"August 3, 1988",Germany,Bayern Munich,"38,462",2025.0,,,,,,,,,,,,,,,,,,,,,,,,,,0.01,1.21,65.1,0.36,0.0,28.6,39.43,22.5,4.71,25.3,4.2,1.29,18.2,
Aleksandar Pavlovic,MF,,Both,188cm,75kg,"May 3, 2004",Germany,Bayern Munich,"9,615",2027.0,,,,,,,0.17,0.1,0.67,0.17,0.08,0.19,3.29,72.71,91.9,8.6,1.18,0.59,0.76,1.18,1.94,1.18,1.27,1.1,0.93,,,,,,,,,,,,,,
Eric Dier,DF-MF,(CB-DM),Right,188cm,87kg,"January 15, 1994",England,Bayern Munich,"85,000",2024.0,,,,,,,0.0,0.06,0.56,0.0,0.01,0.07,0.73,79.22,89.4,3.22,0.45,0.0,0.79,0.11,0.9,1.02,1.35,4.06,2.09,,,,,,,,,,,,,,
Mathys Tel,FW,,Right,183cm,74kg,"April 27, 2005",France,Bayern Munich,"96,154",2029.0,,,,,,,0.82,0.42,4.49,0.46,0.25,0.67,4.95,39.13,82.0,3.12,4.67,4.03,8.43,11.73,0.82,0.73,1.37,0.55,1.1,,,,,,,,,,,,,,
,,,,,,,,,,,,,,,,,0.26,0.17,2.0,0.11,0.18,0.35,3.79,25.58,57.2,2.05,5.74,3.0,4.37,7.42,1.05,0.26,0.47,0.16,0.26,,,,,,,,,,,,,,
Min-jae Kim,DF,,Right,188cm,78kg,"November 15, 1996",Korea Republic,Bayern Munich,"230,769",2028.0,,,,,,,0.03,0.03,0.32,0.03,0.02,0.04,1.04,93.24,92.7,5.44,0.71,0.10,0.58,0.06,1.55,2.01,1.36,3.20,2.85,,,,,,,,,,,,,,
Leroy Sané,FW,,Left,184cm,73kg,"January 11, 1996",Germany,Bayern Munich,"384,615",2025.0,,,,,,,0.31,0.39,3.02,0.39,0.38,0.77,5.44,42.03,80.1,4.37,5.05,3.72,5.72,11.27,0.96,0.25,0.54,0.11,0.08,,,,,,,,,,,,,,
Serge Gnabry,FW,,Right,173cm,73kg,"July 14, 1995",Germany,Bayern Munich,"362,885",2026.0,,,,,,,0.94,0.53,2.93,0.21,0.18,0.71,2.72,36.27,81.6,2.93,3.66,0.84,5.75,9.09,1.57,0.42,1.57,0.52,0.94,,,,,,,,,,,,,,
Kingsley Coman,FW,,Right,178cm,71kg,"June 13, 1996",France,Bayern Munich,"326,923",2027.0,,,,,,,0.29,0.26,2.70,0.15,0.25,0.51,4.47,49.99,80.5,5.31,5.85,2.70,6.93,16.42,0.79,0.15,1.13,0.39,0.74,,,,,,,,,,,,,,
Daniel Peretz,GK,,Right,187cm,74kg,"July 10, 2000",Israel,Bayern Munich,,,,,,,,,,,,,,,,,,,,,,,,,,,,,,,,,,,,,,,,,
Chris Führich,FW-MF,,Right,178cm,69kg,"January 9, 1998",Germany,Stuttgart,"48,077",2028.0,,,,,,,0.29,0.21,1.9,0.33,0.35,0.56,5.08,47.78,81.0,4.93,5.48,2.56,4.42,9.5,1.06,0.22,0.95,0.26,0.18,,,,,,,,,,,,,,
Atakan Karazor,MF,(CM-DM),Right,190cm,78kg,"October 13, 1996",Germany,Stuttgart,"9,038",2026.0,,,,,,,0.0,0.03,0.63,0.1,0.08,0.11,1.68,61.29,88.8,4.52,0.79,0.26,0.46,1.12,2.31,0.89,1.32,1.52,1.45,,,,,,,,,,,,,,
Alexander Nübel,GK,,Right,193cm,74kg,"September 30, 1996",Germany,Stuttgart,"28,846",2025.0,,,,,,,,,,,,,,,,,,,,,,,,,,-0.16,1.41,67.7,0.28,0.0,31.3,39.97,25.9,4.72,35.3,8.8,1.81,16.8,
Enzo Millot,MF,,Left,175cm,72kg,"July 17, 2002",France,Stuttgart,"36,346",2028.0,,,,,,,0.16,0.19,1.72,0.08,0.14,0.33,3.32,53.92,83.3,4.8,1.93,1.85,2.99,6.93,1.72,0.7,1.07,0.29,0.37,,,,,,,,,,,,,,
Hiroki Ito,DF,"(CB,",Left,186cm,78kg,"May 12, 1999",Japan,Stuttgart,"48,077",2027.0,,,,,,,0.0,0.04,0.8,0.08,0.08,0.12,1.53,85.26,87.6,5.19,1.09,0.28,0.8,1.29,0.8,1.17,1.0,3.22,1.57,,,,,,,,,,,,,,
Serhou Guirassy,FW,,Right,187cm,83kg,"March 12, 1996",Guinea,Stuttgart,"41,538",2026.0,,,,,,,0.95,0.72,3.42,0.04,0.24,0.95,3.42,30.28,79.4,2.3,1.11,0.68,6.08,6.83,0.24,0.2,0.32,0.99,2.34,,,,,,,,,,,,,,
Maximilian Mittelstädt,DF-MF,"(FB,",Left,178cm,68kg,"March 18, 1997",Germany,Stuttgart,"19,231",2026.0,,,,,,,0.09,0.04,0.84,0.18,0.17,0.21,2.34,68.99,84.1,5.3,3.31,1.63,1.41,5.16,3.84,2.16,1.63,2.78,1.37,,,,,,,,,,,,,,
Deniz Undav,FW,,Both,178cm,86kg,"July 19, 1996",Germany,Stuttgart,"23,077",2024.0,,,,,,,0.93,0.64,4.07,0.38,0.26,0.91,3.81,32.67,72.9,4.07,2.12,1.19,6.27,7.03,1.1,0.25,0.81,0.21,0.72,,,,,,,,,,,,,,
Pascal Stenzel,DF-MF,"(DM-FB,",Right,183cm,72kg,"March 20, 1996",Germany,Stuttgart,"18,077",2026.0,,,,,,,0.0,0.03,1.22,0.44,0.27,0.3,3.13,70.07,86.3,7.31,2.87,0.52,0.35,3.92,1.57,1.22,1.91,2.26,0.78,,,,,,,,,,,,,,
Jamie Leweling,FW-MF,,Right,184cm,86kg,"February 26, 2001",Germany,Stuttgart,"19,615",2024.0,,,,,,,0.28,0.4,2.6,0.28,0.21,0.61,3.52,33.49,76.7,1.83,4.15,1.69,5.56,10.27,1.27,0.14,1.41,0.84,0.28,,,,,,,,,,,,,,
Anthony Rouault,DF,"(CB,",Right,186cm,76kg,"May 29, 2001",France,Stuttgart,"2,308",2024.0,,,,,,,0.0,0.02,0.33,0.13,0.05,0.07,1.06,76.77,89.0,5.22,0.4,0.13,0.53,0.53,1.79,0.73,1.19,2.45,1.98,,,,,,,,,,,,,,
Fabian Bredlow,GK,,Left,191cm,89kg,"March 2, 1995",Germany,Stuttgart,"21,731",2026.0,,,,,,,,,,,,,,,,,,,,,,,,,,0.22,1.0,82.1,0.24,0.0,11.1,42.89,25.4,5.0,38.1,2.9,0.78,15.0,
Leonidas Stergiou,DF,(CB),,180cm,69kg,"March 3, 2002",Switzerland,Stuttgart,"3,654",2024.0,,,,,,,,,,,,,,,,,,,,,,,,,,,,,,,,,,,,,,,
Mahmoud Dahoud,MF,(CM-DM),Right,176cm,67kg,"January 1, 1996",Germany,Stuttgart,"55,000",2027.0,,,,,,,0.11,0.09,1.01,0.11,0.16,0.25,2.92,70.11,87.5,3.71,0.56,0.34,1.01,1.24,1.8,0.22,1.01,0.9,0.22,,,,,,,,,,,,,,
Lilian Egloff,MF,,Right,183cm,79kg,"August 20, 2002",Germany,Stuttgart,"2,308",2024.0,,,,,,,,,,,,,,,,,,,,,,,,,,,,,,,,,,,,,,,
Roberto Massimo,FW-MF,,Right,184cm,74kg,"October 12, 2000",Germany,Stuttgart,"3,654",2024.0,,,,,,,,,,,,,,,,,,,,,,,,,,,,,,,,,,,,,,,
,,,,,,,,,,,,,,,,,,,,,,,,,,,,,,,,,,,,,,,,,,,,,,,,,
Genki Haraguchi,FW-MF,(AM-CM-WM),Right,177cm,68kg,"May 9, 1991",Japan,Stuttgart,"28,846",2024.0,,,,,,,,,,,,,,,,,,,,,,,,,,,,,,,,,,,,,,,
Florian Schock,GK,,Right,199cm,84kg,"May 22, 2001",Germany,Stuttgart,"2,308",2024.0,,,,,,,,,,,,,,,,,,,,,,,,,,,,,,,,,,,,,,,
,,,,,,,,,,,,,,,,,,,,,,,,,,,,,,,,,,,,,,,,,,,,,,,,,
Mohamed Simakan,DF,"(CB,",Right,187cm,82kg,"May 3, 2000",France,RB Leipzig,"38,462",2027.0,,,,,,,0.06,0.12,1.06,0.06,0.08,0.21,1.69,62.21,83.9,4.17,1.45,0.48,2.09,3.02,2.0,1.3,1.51,3.11,2.45,,,,,,,,,,,,,,
Castello Lukeba,DF,"(CB,",Left,184cm,73kg,"December 17, 2002",France,RB Leipzig,"57,692",2028.0,,,,,,,0.06,0.04,0.31,0.0,0.0,0.04,0.43,71.99,91.2,3.79,0.96,0.56,0.62,0.31,0.93,1.4,1.33,3.85,1.33,,,,,,,,,,,,,,
Janis Blaswich,GK,,Right,193cm,87kg,"May 2, 1991",Germany,RB Leipzig,"28,846",2026.0,,,,,,,,,,,,,,,,,,,,,,,,,,-0.16,1.34,64.0,0.31,0.0,24.1,47.66,15.7,7.14,31.4,4.5,1.76,18.3,
Lukas Klostermann,DF-MF,"(CB-FB,",Right,189cm,83kg,"June 3, 1996",Germany,RB Leipzig,"126,923",2028.0,,,,,,,0.05,0.04,0.32,0.0,0.02,0.05,0.82,70.87,91.0,4.71,0.78,0.0,0.32,0.41,1.05,1.05,1.33,4.58,1.05,,,,,,,,,,,,,,
Péter Gulácsi,GK,,Right,191cm,74kg,"May 6, 1990",Hungary,RB Leipzig,"107,692",2025.0,,,,,,,,,,,,,,,,,,,,,,,,,,-0.05,0.69,74.3,0.24,,38.5,38.38,9.7,7.08,29.1,2.5,1.23,16.2,
El Chadaille Bitshiabu,DF,,Left,195cm,96kg,"May 16, 2005",France,RB Leipzig,"34,615",2028.0,,,,,,,,,,,,,,,,,,,,,,,,,,,,,,,,,,,,,,,
Leopold Zingerle,GK,,Right,188cm,78kg,"April 10, 1994",Germany,RB Leipzig,"9,615",2024.0,,,,,,,,,,,,,,,,,,,,,,,,,,,,,,,,,,,,,,,
Nico Schlotterbeck,DF,"(CB,",Left,191cm,84kg,"December 1, 1999",Germany,Dortmund,"90,769",2027.0,,,,,,,0.06,0.09,0.8,0.08,0.06,0.15,1.27,79.95,87.6,5.43,1.51,0.19,1.18,0.3,2.18,1.35,1.68,3.22,1.62,,,,,,,,,,,,,,
Niclas Füllkrug,FW,,Right,188cm,82kg,"February 9, 1993",Germany,Dortmund,"115,385",2026.0,,,,,,,0.31,0.35,2.2,0.28,0.15,0.5,2.6,24.36,65.8,2.34,0.73,0.23,4.12,4.88,0.28,0.08,0.73,0.9,3.64,,,,,,,,,,,,,,
Julian Brandt,FW-MF,"(AM-CM-WM,",Right,185cm,82kg,"May 2, 1996",Germany,Dortmund,"134,615",2026.0,,,,,,,0.27,0.19,1.71,0.46,0.37,0.56,5.64,51.5,77.0,4.0,2.93,1.1,2.68,7.02,1.1,0.37,0.98,0.82,0.49,,,,,,,,,,,,,,
Gregor Kobel,GK,,Right,194cm,87kg,"December 6, 1997",Switzerland,Dortmund,"173,077",2028.0,,,,,,,,,,,,,,,,,,,,,,,,,,0.32,1.13,79.2,0.27,25.0,32.4,45.17,21.7,6.71,37.7,2.8,0.59,12.3,
Marcel Sabitzer,FW-MF,(AM-CM-DM-WM),Right,176cm,69kg,"March 17, 1994",Austria,Dortmund,"144,231",2027.0,,,,,,,0.14,0.12,1.78,0.27,0.11,0.23,3.01,42.64,79.6,4.42,1.71,0.48,2.67,3.49,1.64,0.62,1.23,1.68,0.27,,,,,,,,,,,,,,
Julian Ryerson,DF-MF,(FB),Right,183cm,83kg,"November 17, 1997",Norway,Dortmund,"39,231",2026.0,,,,,,,0.14,0.06,0.75,0.07,0.12,0.18,1.63,57.87,84.9,3.4,2.42,0.99,1.23,5.28,2.14,0.44,1.46,1.74,0.58,,,,,,,,,,,,,,
Mats Hummels,DF,(CB),Right,192cm,89kg,"December 16, 1988",Germany,Dortmund,"134,615",2024.0,,,,,,,0.1,0.14,0.89,0.03,0.04,0.18,1.55,73.61,88.3,5.34,0.96,0.26,1.29,0.1,3.2,1.98,1.68,4.62,2.14,,,,,,,,,,,,,,
Marco Reus,FW-MF,(AM-WM),Right,180cm,71kg,"May 31, 1989",Germany,Dortmund,"134,615",2024.0,,,,,,,0.24,0.32,2.21,0.29,0.22,0.54,3.69,36.41,80.1,3.21,1.54,0.58,3.98,4.51,2.16,0.48,0.96,0.96,0.72,,,,,,,,,,,,,,
Niklas Süle,DF,"(CB,",Right,195cm,92kg,"September 3, 1995",Germany,Dortmund,"192,308",2026.0,,,,,,,0.09,0.05,0.81,0.0,0.03,0.08,1.49,80.01,91.8,5.65,1.57,0.21,1.1,0.89,1.36,1.15,1.19,3.31,0.98,,,,,,,,,,,,,,
Jamie Bynoe-Gittens,FW,,Right,175cm,69kg,"August 8, 2004",England,Dortmund,"57,692",2028.0,,,,,,,0.17,0.2,3.52,0.26,0.2,0.4,4.04,29.97,77.1,2.32,5.07,3.44,5.32,8.33,0.94,0.43,0.94,0.77,0.34,,,,,,,,,,,,,,
Salih Özcan,MF,(CM-DM),Right,180cm,73kg,"January 11, 1998",Turkey,Dortmund,"72,692",2026.0,,,,,,,0.0,0.04,0.52,0.0,0.07,0.11,1.89,57.23,85.8,4.18,1.03,0.29,0.34,1.37,1.72,1.43,2.01,1.37,1.2,,,,,,,,,,,,,,
Marius Wolf,DF-FW-MF,"(AM-FB,",Right,187cm,81kg,"May 27, 1995",Germany,Dortmund,"63,462",2024.0,,,,,,,0.0,0.05,0.72,0.06,0.1,0.16,2.75,60.16,75.8,4.72,3.05,1.08,2.15,7.3,1.97,0.72,1.14,1.67,0.48,,,,,,,,,,,,,,
Jadon Sancho,FW-MF,(AM),Right,180cm,73kg,"March 25, 2000",England,Dortmund,"67,308",2024.0,,,,,,,0.22,0.11,0.88,0.11,0.3,0.41,4.68,45.19,80.9,4.85,5.79,2.81,5.29,10.42,0.94,0.28,1.49,0.44,0.0,,,,,,,,,,,,,,
Karim Adeyemi,FW-MF,,Left,180cm,68kg,"January 18, 2002",Germany,Dortmund,"96,154",2027.0,,,,,,,0.44,0.3,2.21,0.17,0.21,0.51,3.26,27.49,73.0,2.27,4.09,1.83,5.2,8.24,1.27,0.5,1.0,0.44,1.05,,,,,,,,,,,,,,
Felix Nmecha,MF,,Right,185cm,74kg,"October 10, 2000",Germany,Dortmund,"115,385",2028.0,,,,,,,0.06,0.13,1.94,0.18,0.11,0.24,2.89,36.11,80.6,4.24,1.59,1.0,1.94,2.53,1.88,1.18,1.24,1.3,1.59,,,,,,,,,,,,,,
Alexander Meyer,GK,,Right,196cm,78kg,"April 13, 1991",Germany,Dortmund,"10,962",2025.0,,,,,,,,,,,,,,,,,,,,,,,,,,0.04,0.91,76.0,0.21,0.0,42.9,48.82,20.8,4.92,42.3,6.8,0.91,14.8,
Youssoufa Moukoko,FW,,Left,179cm,74kg,"November 20, 2004",Germany,Dortmund,"57,692",2026.0,,,,,,,0.49,0.48,2.47,0.0,0.15,0.63,2.63,20.07,77.9,2.3,2.8,2.47,4.61,4.77,0.82,0.33,1.15,0.33,0.82,,,,,,,,,,,,,,
Ole Pohlmann,FW-MF,,,Born:,April,National Team: Germany,Dortmund,"€ 4,808 Weekly Expires June 2025. Via Capology.",,,,,,,,,,,,,,,,,,,,,,,,,,,,,,,,,,,,,,,,,
Antonios Papadopoulos,DF-MF,,Right,186cm,83kg,"September 10, 1999",Germany,Dortmund,,,,,,,,,,,,,,,,,,,,,,,,,,,,,,,,,,,,,,,,,
,,,,,,,,,,,,,,,,,,,,,,,,,,,,,,,,,,,,,,,,,,,,,,,,,
Mateu Morey,DF,,Right,173cm,67kg,"March 2, 2000",Spain,Dortmund,"18,846",2024.0,,,,,,,,,,,,,,,,,,,,,,,,,,,,,,,,,,,,,,,
Marcel Lotka,GK,,Right,190cm,84kg,"May 25, 2001",Poland,Dortmund,"4,615",2025.0,,,,,,,,,,,,,,,,,,,,,,,,,,,,,,,,,,,,,,,
Willian Pacho,DF,"(CB,",Left,186cm,81kg,"October 16, 2001",Ecuador,Eintracht Frankfurt,"15,385",2028,,,,,,,0.0,0.04,0.34,0.07,0.03,0.08,0.86,70.28,84.4,4.38,0.72,0.34,0.55,0.14,1.97,1.48,1.62,4.93,1.79,,,,,,,,,,,,,,
Kevin Trapp,GK,,Right,189cm,83kg,"July 8, 1990",Germany,Eintracht Frankfurt,"67,308",2026.0,,,,,,,,,,,,,,,,,,,,,,,,,,0.0,1.36,71.3,0.28,25.0,24.2,38.21,28.7,6.85,35.3,3.8,0.97,15.4,
Robin Koch,DF-MF,(CB),Right,192cm,82kg,"July 17, 1996",Germany,Eintracht Frankfurt,"47,308",2024.0,,,,,,,0.06,0.11,0.83,0.0,0.01,0.12,0.6,66.42,86.9,4.01,0.48,0.06,1.34,0.29,1.3,0.95,1.15,4.39,2.93,,,,,,,,,,,,,,
Tuta,DF,"(CB,",Right,184cm,78kg,"July 4, 1999",Brazil,Eintracht Frankfurt,"28,846",2026.0,,,,,,,0.07,0.07,0.69,0.1,0.08,0.15,1.18,66.25,83.3,4.47,0.76,0.42,1.07,1.49,2.18,1.25,1.11,3.88,1.87,,,,,,,,,,,,,,
Omar Marmoush,FW,,Right,177cm,73kg,"February 7, 1999",Egypt,Eintracht Frankfurt,"30,769",2027.0,,,,,,,0.45,0.41,3.12,0.27,0.2,0.61,2.99,22.61,70.4,2.32,3.3,1.43,6.15,6.73,0.89,0.36,0.49,0.31,1.29,,,,,,,,,,,,,,
Junior Dina Ebimbe,FW-MF,,Right,182cm,76kg,"November 21, 2000",France,Eintracht Frankfurt,"13,846",2027.0,,,,,,,0.24,0.24,2.41,0.14,0.14,0.38,2.41,45.75,76.1,4.23,2.79,1.88,4.18,6.73,2.02,0.43,1.3,1.97,2.12,,,,,,,,,,,,,,
,,,,,,,,,,,,,,,,,0.1,0.06,0.49,0.05,0.07,0.13,1.09,44.53,86.3,3.11,1.28,0.35,0.79,1.93,1.53,1.38,1.63,1.38,0.44,,,,,,,,,,,,,,
Ansgar Knauff,DF-MF,,Right,180cm,69kg,"January 10, 2002",Germany,Eintracht Frankfurt,"10,385",2028.0,,,,,,,0.33,0.26,1.59,0.05,0.07,0.33,2.34,31.22,63.6,2.29,3.18,1.08,4.35,6.79,1.83,0.61,1.73,0.7,0.89,,,,,,,,,,,,,,
Ellyes Skhiri,MF,(CM-DM),Right,184cm,68kg,"May 10, 1995",Tunisia,Eintracht Frankfurt,"53,846",2027.0,,,,,,,0.12,0.12,0.82,0.08,0.05,0.16,1.83,57.23,84.7,4.32,0.62,0.7,1.52,1.64,1.75,1.6,1.32,1.79,1.48,,,,,,,,,,,,,,
Mario Götze,FW-MF,(AM-CM),Right,176cm,71kg,"June 3, 1992",Germany,Eintracht Frankfurt,"67,308",2026.0,,,,,,,0.17,0.15,0.66,0.08,0.12,0.27,3.35,57.28,77.2,5.05,1.12,0.83,2.15,6.21,1.74,0.33,0.87,0.62,0.29,,,,,,,,,,,,,,
Aurélio Buta,DF-MF,"(FB,",Right,172cm,69kg,"February 10, 1997",Portugal,Eintracht Frankfurt,"9,231",2026.0,,,,,,,0.09,0.02,0.73,0.05,0.08,0.11,1.83,54.95,78.1,4.07,2.56,0.5,2.52,5.9,2.01,0.73,1.33,2.1,1.6,,,,,,,,,,,,,,
Philipp Max,DF-MF,"(FB,",Left,178cm,74kg,"September 30, 1993",Germany,Eintracht Frankfurt,"38,269",2026.0,,,,,,,0.06,0.01,0.52,0.13,0.19,0.2,2.32,59.87,82.7,4.32,1.68,0.45,1.29,3.87,1.74,0.52,1.16,1.29,0.77,,,,,,,,,,,,,,
Niels Nkounkou,DF-MF,,Left,182cm,78kg,"November 1, 2000",France,Eintracht Frankfurt,"13,462",2028.0,,,,,,,0.0,0.08,1.49,0.07,0.15,0.23,2.2,54.01,72.0,3.97,3.34,1.99,2.27,6.74,2.84,1.35,1.21,1.35,1.49,,,,,,,,,,,,,,
Donny van de Beek,MF,(CM),Right,181cm,76kg,"April 18, 1997",Netherlands,Eintracht Frankfurt,"34,615",2024.0,,,,,,,,,,,,,,,,,,,,,,,,,,,,,,,,,,,,,,,
Makoto Hasebe,DF-MF,(CB-DM-WM),Right,180cm,72kg,"January 18, 1984",Japan,Eintracht Frankfurt,"26,923",2024.0,,,,,,,0.0,0.0,0.0,0.0,0.02,0.02,0.94,83.03,87.8,4.52,1.51,0.0,0.0,0.94,1.51,0.94,1.32,2.07,1.13,,,,,,,,,,,,,,
Jens Grahl,GK,,Both,193cm,86kg,"September 22, 1988",Germany,Eintracht Frankfurt,"6,731",2026.0,,,,,,,,,,,,,,,,,,,,,,,,,,,,,,,,,,,,,,,
,,,,,,,,,,,,,,,,,,,,,,,,,,,,,,,,,,,,,,,,,,,,,,,,,
,,,,,,,,,,,,,,,,,,,,,,,,,,,,,,,,,,,,,,,,,,,,,,,,,
,,,,,,,,,,,,,,,,,,,,,,,,,,,,,,,,,,,,,,,,,,,,,,,,,
Timothy Chandler,DF-MF,"(FB-WM,",Right,186cm,79kg,"March 29, 1990",United,Eintracht Frankfurt,"23,077",2025.0,,,,,,,,,,,,,,,,,,,,,,,,,,,,,,,,,,,,,,,
,,,,,,,,,,,,,,,,,,,,,,,,,,,,,,,,,,,,,,,,,,,,,,,,,
,,,,,,,,,,,,,,,,,,,,,,,,,,,,,,,,,,,,,,,,,,,,,,,,,
Noah Atubolu,GK,,Right,190cm,78kg,"May 25, 2002",Germany,Freiburg,"2,308",2024.0,,,,,,,,,,,,,,,,,,,,,,,,,,-0.19,1.68,63.6,0.32,0.0,32.5,44.98,33.5,6.9,50.8,5.2,0.75,13.3,
Maximilian Eggestein,MF,"(AM-CM-DM-WM,",Right,181cm,74kg,"December 8, 1996",Germany,Freiburg,"18,462",2025.0,,,,,,,0.05,0.07,1.26,0.12,0.1,0.17,2.34,41.97,82.4,5.17,1.41,0.55,0.98,1.93,1.5,0.91,1.45,1.07,1.45,,,,,,,,,,,,,,
Vincenzo Grifo,FW-MF,"(AM-WM,",Right,181cm,74kg,"April 7, 1993",Italy,Freiburg,"18,269",2024.0,,,,,,,0.15,0.12,1.52,0.3,0.3,0.42,3.99,50.99,72.1,4.05,1.7,1.1,2.44,5.63,1.13,0.63,0.8,0.75,0.39,,,,,,,,,,,,,,
Lucas Höler,FW-MF,,Right,184cm,79kg,"July 10, 1994",Germany,Freiburg,"10,000",2024.0,,,,,,,0.16,0.24,1.33,0.11,0.12,0.36,2.61,28.81,67.3,2.01,1.03,0.52,3.91,5.81,1.22,0.43,0.87,1.03,3.42,,,,,,,,,,,,,,
Nicolas Höfler,MF,"(CM-DM,",Right,181cm,78kg,"March 9, 1990",Germany,Freiburg,"17,308",2024.0,,,,,,,0.03,0.04,0.73,0.03,0.02,0.06,1.3,47.24,86.2,3.8,0.54,0.38,0.81,0.49,2.47,1.41,1.25,1.71,1.79,,,,,,,,,,,,,,
Ritsu Doan,FW-MF,"(AM-WM,",Left,172cm,69kg,"June 16, 1998",Japan,Freiburg,"16,154",2024.0,,,,,,,0.24,0.2,1.5,0.12,0.16,0.36,3.06,29.19,71.2,3.03,2.37,1.77,2.64,5.49,2.16,0.42,1.26,1.02,0.84,,,,,,,,,,,,,,
Manuel Gulde,DF,(CB),Right,179cm,74kg,"February 12, 1991",Germany,Freiburg,"9,231",2024.0,,,,,,,0.07,0.05,0.41,0.0,0.02,0.07,0.72,53.07,86.8,3.5,0.51,0.07,0.62,0.17,1.65,1.27,0.86,3.36,2.06,,,,,,,,,,,,,,
Kiliann Sildillia,DF,,Right,186cm,71kg,"May 16, 2002",France,Freiburg,"6,154",2026.0,,,,,,,0.04,0.08,0.52,0.04,0.04,0.12,1.79,59.11,73.6,3.88,1.42,0.75,1.19,3.76,2.05,0.89,1.53,2.83,1.49,,,,,,,,,,,,,,
Roland Sallai,FW-MF,(AM),Right,183cm,77kg,"May 22, 1997",Hungary,Freiburg,"13,846",2025.0,,,,,,,0.27,0.34,2.99,0.19,0.19,0.53,3.67,29.24,69.6,2.27,2.35,0.8,3.86,6.74,0.87,0.3,0.83,1.1,1.48,,,,,,,,,,,,,,
Merlin Röhl,MF,,Both,191cm,73kg,"July 5, 2002",Germany,Freiburg,"2,308",2024.0,,,,,,,0.15,0.15,1.76,0.2,0.13,0.28,2.64,28.73,79.4,2.2,2.84,1.13,2.74,5.38,1.71,0.64,1.71,1.17,1.22,,,,,,,,,,,,,,
Michael Gregoritsch,FW-MF,(AM-WM),Left,193cm,74kg,"April 18, 1994",Austria,Freiburg,"21,923",2024.0,,,,,,,0.55,0.57,4.21,0.23,0.06,0.63,2.33,22.67,60.3,1.78,0.82,0.27,5.53,4.85,0.82,0.46,0.82,1.23,5.12,,,,,,,,,,,,,,
Jordy Makengo,DF,,Left,183cm,78kg,"August 3, 2001",France,Freiburg,"3,077",2024,,,,,,,0.0,0.02,0.3,0.08,0.04,0.07,1.51,42.01,82.0,3.78,2.12,1.14,0.76,3.1,1.21,1.14,1.29,2.65,1.21,,,,,,,,,,,,,,
Yannik Keitel,MF,,Right,185cm,82kg,"February 15, 2000",Germany,Freiburg,"2,308",2024.0,,,,,,,0.11,0.08,0.79,0.0,0.06,0.14,1.24,46.92,76.6,4.3,0.45,0.34,1.24,1.02,1.36,1.47,1.47,3.51,2.37,,,,,,,,,,,,,,
Noah Weißhaupt,MF,,Right,181cm,73kg,"September 20, 2001",Germany,Freiburg,"2,308",2024.0,,,,,,,0.14,0.08,0.78,0.14,0.13,0.21,3.75,46.59,73.1,2.9,5.17,1.27,2.41,8.5,0.99,0.92,0.64,1.27,0.28,,,,,,,,,,,,,,
Maximilian Philipp,FW-MF,(AM),Right,184cm,77kg,"March 1, 1994",Germany,Freiburg,"40,385",2024.0,,,,,,,0.32,0.14,2.21,0.0,0.08,0.24,3.47,30.63,77.3,1.74,0.47,0.63,3.47,6.16,1.42,0.63,1.58,0.63,1.42,,,,,,,,,,,,,,
Attila Szalai,DF-MF,"(CB,",Left,192cm,84kg,"January 20, 1998",Hungary,Freiburg,"38,462",2024.0,,,,,,,,,,,,,,,,,,,,,,,,,,,,,,,,,,,,,,,
Junior Adamu,FW,,Right,182cm,74kg,"June 6, 2001",Austria,Freiburg,,2028,,,,,,,,,,,,,,,,,,,,,,,,,,,,,,,,,,,,,,,
Florent Muslija,FW-MF,(AM),Right,172cm,64kg,"July 6, 1998",Kosovo,Freiburg,"10,577",2028.0,,,,,,,0.39,0.2,2.97,0.34,0.34,0.54,5.94,45.64,75.2,5.94,4.26,2.07,2.69,6.38,1.34,0.22,0.67,0.5,0.28,,,,,,,,,,,,,,
,,,,,,,,,,,,,,,,,,,,,,,,,,,,,,,,,,,,,,,,,,,,,,,,,
Florian Müller,GK,,Left,192cm,82kg,"November 13, 1997",Germany,Freiburg,"9,615",2024.0,,,,,,,,,,,,,,,,,,,,,,,,,,,,,,,,,,,,,,,
Keven Schlotterbeck,DF,(CB),Left,189cm,83kg,"April 28, 1997",Germany,Bochum,"10,385",2024.0,,,,,,,0.23,0.09,1.06,0.05,0.04,0.13,0.96,43.23,77.6,3.86,0.46,0.09,2.62,0.6,1.56,1.19,1.38,4.41,4.73,,,,,,,,,,,,,,
Finn Dahmen,GK,,Right,186cm,79kg,"March 27, 1998",Germany,Augsburg,"16,154",2026.0,,,,,,,,,,,,,,,,,,,,,,,,,,-0.07,1.72,70.8,0.25,33.3,9.4,46.22,31.4,5.94,45.3,6.3,1.47,14.1,
Phillip Tietz,FW,,Right,190cm,71kg,"July 9, 1997",Germany,Augsburg,"14,423",2027.0,,,,,,,0.34,0.33,2.06,0.17,0.09,0.42,2.06,20.54,61.6,1.72,0.77,0.51,4.97,4.5,0.86,0.26,0.69,1.46,3.94,,,,,,,,,,,,,,
Jeffrey Gouweleeuw,DF,(CB),Right,187cm,78kg,"July 10, 1991",Netherlands,Augsburg,"23,654",2025.0,,,,,,,0.03,0.04,0.6,0.0,0.03,0.07,1.04,51.59,76.7,4.5,1.07,0.5,1.11,0.64,1.07,1.07,1.41,4.06,1.98,,,,,,,,,,,,,,
Kevin Mbabu,DF,"(FB,",Right,184cm,79kg,"April 19, 1995",Switzerland,Augsburg,"46,538",2024.0,,,,,,,0.0,0.01,0.15,0.1,0.08,0.08,2.38,45.43,62.9,3.75,2.99,1.37,1.37,4.31,2.38,1.16,1.32,2.28,1.16,,,,,,,,,,,,,,
Mads Pedersen,DF-MF,"(FB,",Left,180cm,73kg,"September 1, 1996",Denmark,Augsburg,"15,385",2027.0,,,,,,,0.05,0.03,0.56,0.05,0.08,0.11,2.11,41.84,73.0,3.09,2.81,1.22,0.66,3.65,2.53,0.94,1.22,2.25,0.47,,,,,,,,,,,,,,
Iago,DF-MF,"(FB,",Left,182cm,68kg,"March 23, 1997",Brazil,Augsburg,"19,231",2024.0,,,,,,,0.06,0.09,1.0,0.06,0.1,0.18,2.5,42.63,72.8,3.0,1.44,1.12,2.0,2.87,1.69,0.87,2.06,2.5,1.19,,,,,,,,,,,,,,
Arne Engels,MF,,Right,184cm,71kg,"September 8, 2003",Belgium,Augsburg,"2,308",2027,,,,,,,0.17,0.1,1.25,0.11,0.09,0.19,2.73,37.65,65.7,3.36,1.37,0.4,1.08,3.7,1.71,0.74,1.59,1.42,0.68,,,,,,,,,,,,,,
Maximilian Bauer,DF,(CB),Right,189cm,83kg,"February 9, 2000",Germany,Augsburg,"5,769",2027.0,,,,,,,0.09,0.13,0.36,0.0,0.0,0.13,0.63,48.48,83.1,2.53,0.45,0.18,0.54,0.09,2.08,0.9,1.53,3.43,2.17,,,,,,,,,,,,,,
Arne Maier,MF,(CM),Right,183cm,78kg,"January 8, 1999",Germany,Augsburg,"19,231",2025.0,,,,,,,0.26,0.13,1.85,0.18,0.12,0.26,4.15,48.35,71.0,5.12,1.59,1.24,2.21,5.56,1.41,0.71,1.5,1.41,0.53,,,,,,,,,,,,,,
Sven Michel,FW-MF,,Left,178cm,74kg,"July 15, 1990",Germany,Augsburg,"13,269",2025.0,,,,,,,0.16,0.14,2.04,0.31,0.11,0.24,2.04,26.81,56.7,1.88,1.25,1.57,5.33,6.59,0.94,0.0,0.16,0.63,2.98,,,,,,,,,,,,,,
Patric Pfeiffer,DF,"(CB,",Both,196cm,91kg,"August 20, 1999",Germany,Augsburg,"11,538",2027.0,,,,,,,,,,,,,,,,,,,,,,,,,,,,,,,,,,,,,,,
Tim Breithaupt,MF,,Right,192cm,78kg,"February 7, 2002",Germany,Augsburg,"9,615",2028.0,,,,,,,,,,,,,,,,,,,,,,,,,,,,,,,,,,,,,,,
Pep Biel,FW-MF,(AM),Left,167cm,63kg,"September 5, 1996",Spain,Augsburg,,,,,,,,,,,,,,,,,,,,,,,,,,,,,,,,,,,,,,,,,
,,,,,,,,,,,,,,,,,,,,,,,,,,,,,,,,,,,,,,,,,,,,,,,,,
Maximilian Beier,FW-MF,,Both,183cm,71kg,"October 17, 2002",Germany,Hoffenheim,"19,231",2027.0,,,,,,,0.55,0.42,3.13,0.04,0.09,0.51,2.96,20.24,67.4,1.1,2.37,1.27,5.46,8.38,0.76,0.17,0.76,0.51,0.85,,,,,,,,,,,,,,
Ozan Kabak,DF,"(CB,",Right,186cm,86kg,"March 25, 2000",Turkey,Hoffenheim,"60,577",2026.0,,,,,,,0.11,0.05,0.64,0.0,0.04,0.09,0.79,50.03,84.2,3.94,0.94,0.34,0.98,0.34,1.88,1.62,1.84,4.28,2.33,,,,,,,,,,,,,,
Anton Stach,MF,(CM),Right,193cm,86kg,"November 15, 1998",Germany,Hoffenheim,"36,538",2027.0,,,,,,,0.07,0.07,1.46,0.11,0.12,0.19,2.59,48.3,77.4,5.18,1.99,1.17,1.17,2.2,2.56,2.59,1.42,2.38,2.09,,,,,,,,,,,,,,
Wout Weghorst,FW,,Right,197cm,83kg,"August 7, 1992",Netherlands,Hoffenheim,"40,769",2024.0,,,,,,,0.26,0.3,1.75,0.13,0.17,0.47,3.37,26.76,72.5,2.63,0.7,0.22,4.82,5.91,0.79,0.26,1.14,1.01,2.89,,,,,,,,,,,,,,
Grischa Prömel,MF,(CM-DM),Right,180cm,74kg,"January 9, 1995",Germany,Hoffenheim,"16,154",2026.0,,,,,,,0.16,0.15,1.01,0.2,0.11,0.26,1.69,36.77,78.6,3.74,1.53,0.48,1.61,2.49,1.37,0.84,1.09,1.61,0.93,,,,,,,,,,,,,,
Florian Grillitsch,DF-MF,(CM-DM),Right,186cm,73kg,"August 7, 1995",Austria,Hoffenheim,"48,077",2026.0,,,,,,,0.05,0.06,0.93,0.14,0.05,0.11,2.28,64.33,85.4,5.53,1.35,0.51,0.37,0.88,2.0,1.95,1.53,3.72,1.35,,,,,,,,,,,,,,
John Brooks,DF,"(CB,",Left,193cm,78kg,"January 28, 1993",United,Hoffenheim,"28,846",2024.0,,,,,,,0.09,0.13,0.63,0.0,0.0,0.13,0.41,51.99,83.4,3.08,0.23,0.14,0.77,0.05,1.54,1.31,1.63,6.88,2.81,,,,,,,,,,,,,,
Kevin Vogt,DF-MF,(CB-DM),Right,194cm,84kg,"September 23, 1991",Germany,Union Berlin,"21,154",2024.0,,,,,,,0.0,0.02,0.11,0.0,0.0,0.03,1.16,57.06,87.5,4.34,0.6,0.21,0.28,0.46,0.78,0.53,1.23,4.27,0.71,,,,,,,,,,,,,,
Ihlas Bebou,FW-MF,(AM),Right,183cm,72kg,"April 23, 1994",Togo,Hoffenheim,"51,923",2026.0,,,,,,,0.4,0.26,2.02,0.15,0.11,0.36,2.62,28.24,69.6,1.92,2.07,1.31,4.13,7.56,1.41,0.71,0.55,1.21,1.82,,,,,,,,,,,,,,
Robert Skov,DF-FW-MF,(WM),Left,183cm,78kg,"May 20, 1996",Denmark,Hoffenheim,"34,615",2024.0,,,,,,,0.21,0.12,2.21,0.28,0.13,0.26,3.11,52.09,73.8,5.12,1.87,0.62,3.04,6.78,1.94,0.69,1.18,1.52,1.11,,,,,,,,,,,,,,
Marius Bülter,DF-FW-MF,"(AM,",Right,188cm,82kg,"March 29, 1993",Germany,Hoffenheim,"40,385",2026.0,,,,,,,0.13,0.18,1.75,0.19,0.23,0.4,3.38,40.52,68.2,3.32,2.63,1.13,3.88,7.33,0.88,0.63,1.13,1.32,1.63,,,,,,,,,,,,,,
,,,,,,,,,,,,,,,,,0.0,0.04,1.27,0.2,0.12,0.16,2.35,35.94,87.2,4.11,1.66,0.2,0.78,2.55,1.18,0.59,0.98,1.27,0.2,,,,,,,,,,,,,,
Kevin Akpoguma,DF,(CB),Right,192cm,83kg,"April 19, 1995",Nigeria,Hoffenheim,"28,846",2026.0,,,,,,,0.0,0.0,0.17,0.0,0.01,0.02,0.67,55.62,83.9,4.43,0.67,0.42,0.33,0.67,2.59,1.42,1.76,3.6,2.01,,,,,,,,,,,,,,
Finn Ole Becker,MF,(CM),Left,177cm,73kg,"June 8, 2000",Germany,Hoffenheim,"6,923",2026.0,,,,,,,0.0,0.04,0.91,0.0,0.04,0.08,2.2,47.72,75.1,4.66,1.81,0.78,0.91,3.75,1.55,0.26,1.16,1.42,0.78,,,,,,,,,,,,,,
,,,,,,,,,,,,,,,,,,,,,,,,,,,,,,,,,,,,,,,,,,,,,,,,,
,,,,,,,,,,,,,,,,,0.0,0.02,0.52,0.0,0.09,0.1,1.39,50.14,60.4,2.26,1.57,0.7,1.04,4.53,3.13,0.7,1.39,4.0,0.52,,,,,,,,,,,,,,
Tom Bischof,MF,,,176cm,66kg,"June 28, 2005",Germany,Hoffenheim,"2,308",2025.0,,,,,,,,,,,,,,,,,,,,,,,,,,,,,,,,,,,,,,,
Dennis Geiger,MF,(CM),Right,172cm,64kg,"June 10, 1998",Germany,Hoffenheim,"41,538",2027.0,,,,,,,,,,,,,,,,,,,,,,,,,,,,,,,,,,,,,,,
Bambasé Conté,FW,,,178cm,76kg,"July 7, 2003",Germany,Hoffenheim,,,,,,,,,,,,,,,,,,,,,,,,,,,,,,,,,,,,,,,,,
Luca Philipp,GK,,Right,192cm,83kg,"November 28, 2000",Germany,Hoffenheim,"3,462",2024.0,,,,,,,,,,,,,,,,,,,,,,,,,,,,,,,,,,,,,,,
Nahuel Noll,GK,,,188cm,74kg,"March 17, 2003",Germany,Hoffenheim,769,2025.0,,,,,,,,,,,,,,,,,,,,,,,,,,,,,,,,,,,,,,,
Kevin Müller,GK,,Right,190cm,89kg,"March 15, 1991",Germany,Heidenheim,"21,154",2025.0,,,,,,,,,,,,,,,,,,,,,,,,,,-0.03,1.73,71.0,0.26,12.5,16.7,45.4,37.4,9.43,46.0,5.0,0.53,13.3,
Vitus Eicher,GK,,Left,191cm,79kg,"November 5, 1990",Germany,Heidenheim,"5,192",2025.0,,,,,,,,,,,,,,,,,,,,,,,,,,,,,,,,,,,,,,,
Marvin Ducksch,FW,,Right,188cm,72kg,"March 7, 1994",Germany,Werder Bremen,"43,462",2026.0,,,,,,,0.26,0.26,2.37,0.19,0.22,0.48,3.41,31.54,59.2,2.83,0.49,0.45,3.41,4.84,0.26,0.16,0.16,0.88,0.65,,,,,,,,,,,,,,
Mitchell Weiser,DF-FW-MF,"(FB-WM,",Right,176cm,67kg,"April 21, 1994",Germany,Werder Bremen,"38,077",2024.0,,,,,,,0.1,0.11,1.35,0.24,0.16,0.27,2.85,48.49,73.8,3.58,2.71,1.8,2.78,5.97,2.36,0.59,1.35,1.42,0.66,,,,,,,,,,,,,,
Romano Schmid,MF,(CM),Right,174cm,64kg,"January 27, 2000",Austria,Werder Bremen,"6,923",2024.0,,,,,,,0.11,0.17,1.2,0.18,0.2,0.38,3.63,41.01,77.1,4.8,2.33,1.34,2.15,5.64,1.06,0.32,1.23,0.6,0.88,,,,,,,,,,,,,,
Anthony Jung,DF-MF,"(FB,",Left,186cm,83kg,"November 3, 1991",Germany,Werder Bremen,"22,115",2025.0,,,,,,,0.0,0.0,0.14,0.0,0.01,0.02,0.98,60.0,84.5,3.52,0.94,0.14,0.31,1.19,1.29,0.77,1.29,3.56,1.53,,,,,,,,,,,,,,
Michael Zetterer,GK,,Right,187cm,78kg,"July 12, 1995",Germany,Werder Bremen,"3,462",2025.0,,,,,,,,,,,,,,,,,,,,,,,,,,0.14,1.43,72.5,0.31,0.0,21.7,43.57,28.7,4.83,37.7,8.3,0.96,14.2,
Senne Lynen,MF,(CM),Right,Born:,February,National Team: Belgium,Werder,"€ 21,154 Weekly Expires June 2024. Via Capology.",,,,,,,,,0.0,0.02,0.55,0.18,0.1,0.12,1.27,42.6,81.3,3.03,0.49,0.49,0.49,1.34,3.4,2.12,2.18,2.79,0.55,,,,,,,,,,,,,,
Felix Agu,DF-MF,,Right,180cm,73kg,"September 27, 1999",Germany,Werder Bremen,"11,538",2025.0,,,,,,,0.0,0.04,0.49,0.0,0.02,0.07,1.19,35.21,70.5,1.68,1.89,0.7,1.26,4.63,2.67,0.77,1.33,2.39,0.91,,,,,,,,,,,,,,
Leonardo Bittencourt,FW-MF,(AM-CM),Right,171cm,63kg,"December 19, 1993",Germany,Werder Bremen,"48,077",2024.0,,,,,,,0.11,0.14,1.88,0.06,0.12,0.26,2.27,43.81,80.0,4.87,3.27,1.05,1.77,3.93,3.21,0.66,1.16,0.55,0.5,,,,,,,,,,,,,,
Olivier Deman,DF-FW-MF,,Left,181cm,73kg,"April 6, 2000",Belgium,Werder Bremen,"14,423",2024.0,,,,,,,0.07,0.06,1.02,0.07,0.05,0.11,1.9,47.92,74.4,2.65,1.7,0.68,1.76,3.39,1.9,0.88,1.63,2.99,0.95,,,,,,,,,,,,,,
Niklas Stark,DF-MF,(CB-DM),Right,189cm,73kg,"April 14, 1995",Germany,Werder Bremen,"27,692",2026.0,,,,,,,0.12,0.01,0.24,0.0,0.0,0.01,0.55,46.0,80.1,2.48,0.36,0.06,0.18,0.06,2.18,1.39,1.45,5.15,2.61,,,,,,,,,,,,,,
Nick Woltemade,FW,,Right,187cm,79kg,"February 14, 2002",Germany,Werder Bremen,"3,654",2024.0,,,,,,,0.0,0.15,1.32,0.0,0.14,0.28,4.26,31.42,73.9,2.74,1.72,2.33,3.85,5.78,2.64,0.2,0.71,1.62,2.43,,,,,,,,,,,,,,
Christian Groß,DF-MF,(CM-DM),Right,183cm,74kg,"February 8, 1989",Germany,Werder Bremen,"15,000",2024.0,,,,,,,0.0,0.04,0.46,0.09,0.04,0.07,0.83,50.4,85.2,4.25,1.66,0.37,0.83,0.46,2.22,1.29,1.48,2.58,1.48,,,,,,,,,,,,,,
Julián Malatini,DF,,,Born:,May,Argentina ar,Werder,"€ 8,654 Weekly Expires June 2024. Via Capology.",,,,,,,,,0.15,0.15,0.45,0.0,0.03,0.18,0.9,54.42,81.0,4.04,1.35,0.9,0.9,1.05,2.69,1.94,1.2,3.89,1.35,,,,,,,,,,,,,,
Dawid Kownacki,FW-MF,,Right,185cm,74kg,"March 14, 1997",Poland,Werder Bremen,"30,769",2024.0,,,,,,,,,,,,,,,,,,,,,,,,,,,,,,,,,,,,,,,
,,,,,,,,,,,,,,,,,,,,,,,,,,,,,,,,,,,,,,,,,,,,,,,,,
Moritz Nicolas,GK,,Right,190cm,87kg,"October 21, 1997",Germany,Mönchengladbach,"20,000",2029.0,,,,,,,,,,,,,,,,,,,,,,,,,,-0.15,1.88,70.7,0.27,0.0,12.0,41.0,25.4,5.76,41.4,4.7,0.76,12.8,
Nico Elvedi,DF,(CB-FB),Right,188cm,73kg,"September 30, 1996",Switzerland,Mönchengladbach,"67,308",2027.0,,,,,,,0.07,0.06,0.68,0.03,0.0,0.06,0.74,62.41,89.0,3.96,1.22,0.17,0.98,0.24,1.12,1.35,1.42,4.81,2.74,,,,,,,,,,,,,,
Luca Netz,DF-MF,,Left,180cm,72kg,"May 15, 2003",Germany,Mönchengladbach,"46,154",2026.0,,,,,,,0.04,0.08,0.8,0.19,0.11,0.19,2.79,47.51,78.1,3.02,1.84,1.03,1.8,4.25,1.72,0.92,1.26,2.95,1.34,,,,,,,,,,,,,,
Joe Scally,DF,"(FB,",Right,179cm,74kg,"December 31, 2002",United,Mönchengladbach,"23,077",2027.0,,,,,,,0.05,0.02,0.46,0.14,0.05,0.07,1.14,55.18,79.9,3.34,1.56,0.46,0.59,2.88,1.65,0.78,1.14,3.2,0.87,,,,,,,,,,,,,,
Rocco Reitz,MF,,Both,165cm,63kg,"May 29, 2002",Germany,Mönchengladbach,"13,846",2028.0,,,,,,,0.3,0.16,1.31,0.1,0.1,0.26,2.82,41.68,74.4,4.83,1.91,0.96,1.96,2.56,2.36,1.71,2.66,1.46,0.35,,,,,,,,,,,,,,
Florian Neuhaus,MF,(CM-DM),Right,182cm,73kg,"March 16, 1997",Germany,Mönchengladbach,"76,923",2027.0,,,,,,,0.18,0.22,2.72,0.12,0.14,0.37,3.72,43.52,83.7,5.67,2.19,0.71,2.6,3.48,1.24,1.12,0.53,0.47,0.35,,,,,,,,,,,,,,
Ko Itakura,DF,(CB),Right,186cm,82kg,"January 27, 1997",Japan,Mönchengladbach,"36,346",2026.0,,,,,,,0.18,0.07,1.11,0.0,0.02,0.09,0.88,55.51,88.7,2.28,0.76,0.18,1.52,0.47,2.22,1.4,1.75,3.5,2.1,,,,,,,,,,,,,,
Marvin Friedrich,DF,"(CB,",Right,193cm,78kg,"December 13, 1995",Germany,Mönchengladbach,"38,462",2026.0,,,,,,,0.0,0.04,0.72,0.0,0.01,0.05,0.84,56.07,84.7,1.8,0.06,0.18,1.14,0.18,1.32,0.6,1.74,5.03,2.39,,,,,,,,,,,,,,
Robin Hack,FW-MF,(AM),Right,176cm,68kg,"August 27, 1998",Germany,Mönchengladbach,"11,538",2027.0,,,,,,,0.66,0.27,2.97,0.16,0.16,0.42,3.21,35.03,73.9,2.8,2.97,1.65,4.2,7.01,0.82,1.07,1.07,1.57,1.15,,,,,,,,,,,,,,
Stefan Lainer,DF-MF,"(FB,",Right,176cm,69kg,"August 27, 1992",Austria,Mönchengladbach,"44,231",2024.0,,,,,,,0.0,0.08,0.53,0.09,0.11,0.19,2.31,59.94,79.4,5.14,1.77,0.18,1.95,4.79,2.57,1.15,1.51,3.46,0.89,,,,,,,,,,,,,,
Patrick Herrmann,FW-MF,"(AM,",Right,177cm,60kg,"February 12, 1991",Germany,Mönchengladbach,"32,692",2024.0,,,,,,,,,,,,,,,,,,,,,,,,,,,,,,,,,,,,,,,
Fabio Chiarodia,DF,,,186cm,79kg,"June 5, 2005",Italy,Mönchengladbach,"5,385",2027.0,,,,,,,,,,,,,,,,,,,,,,,,,,,,,,,,,,,,,,,
,,,,,,,,,,,,,,,,,,,,,,,,,,,,,,,,,,,,,,,,,,,,,,,,,
Jan Olschowsky,GK,,Right,182cm,77kg,"November 18, 2001",Germany,Mönchengladbach,"6,923",2027.0,,,,,,,,,,,,,,,,,,,,,,,,,,,,,,,,,,,,,,,
Tobias Sippel,GK,,Right,180cm,77kg,"March 22, 1988",Germany,Mönchengladbach,"11,538",2024.0,,,,,,,,,,,,,,,,,,,,,,,,,,,,,,,,,,,,,,,
Jonas Wind,FW-MF,,Right,190cm,82kg,"February 7, 1999",Denmark,Wolfsburg,"39,231",2026.0,,,,,,,0.4,0.33,2.31,0.23,0.17,0.51,2.51,23.44,69.0,2.98,0.47,0.5,3.72,4.19,0.5,0.1,0.54,0.7,3.18,,,,,,,,,,,,,,
Maxence Lacroix,DF,"(CB,",Right,190cm,88kg,"April 6, 2000",France,Wolfsburg,"69,615",2025.0,,,,,,,0.13,0.03,0.4,0.04,0.03,0.06,0.88,56.54,84.8,3.3,0.22,0.22,0.75,0.18,1.76,0.97,1.41,4.66,2.37,,,,,,,,,,,,,,
Lovro Majer,MF,,Left,176cm,74kg,"January 17, 1998",Croatia,Wolfsburg,"90,769",2028.0,,,,,,,0.15,0.18,1.62,0.23,0.17,0.35,3.66,43.94,72.9,5.55,2.93,1.27,3.05,6.24,1.73,0.39,0.93,0.46,0.42,,,,,,,,,,,,,,
Mattias Svanberg,MF,(CM-DM),Right,185cm,74kg,"January 5, 1999",Sweden,Wolfsburg,"54,423",2027.0,,,,,,,0.05,0.18,2.12,0.18,0.14,0.32,2.95,40.81,70.8,4.15,1.43,0.83,1.89,3.36,2.07,1.06,1.34,1.43,1.01,,,,,,,,,,,,,,
Moritz Jenz,DF,"(CB,",Right,189cm,78kg,"April 30, 1999",Germany,Wolfsburg,"26,923",2027.0,,,,,,,0.0,0.02,0.48,0.05,0.02,0.04,0.64,53.41,86.7,2.49,0.05,0.0,0.48,0.16,1.54,1.38,1.54,5.09,2.44,,,,,,,,,,,,,,
Ridle Baku,DF-FW-MF,"(FB,",Right,176cm,68kg,"April 8, 1998",Germany,Wolfsburg,"34,615",2025.0,,,,,,,0.04,0.07,1.02,0.09,0.16,0.23,2.6,49.56,75.9,3.88,1.75,0.9,2.35,6.27,1.79,0.9,1.15,2.3,1.02,,,,,,,,,,,,,,
Yannick Gerhardt,DF-MF,(AM-CM-WM),Left,184cm,81kg,"March 13, 1994",Germany,Wolfsburg,"69,231",2025.0,,,,,,,0.11,0.11,0.96,0.11,0.06,0.17,1.87,40.43,76.9,2.73,0.86,0.05,2.46,4.65,1.66,0.37,0.86,1.66,1.55,,,,,,,,,,,,,,
Sebastiaan Bornauw,DF,(CB),Right,191cm,81kg,"March 22, 1999",Belgium,Wolfsburg,"54,231",2026.0,,,,,,,0.06,0.05,0.67,0.0,0.02,0.07,0.5,55.53,88.4,3.63,0.28,0.34,1.17,0.06,1.51,1.34,1.4,4.58,1.51,,,,,,,,,,,,,,
Kevin Paredes,MF,,Left,168cm,63kg,"May 7, 2003",United,Wolfsburg,"17,308",2026.0,,,,,,,0.14,0.19,1.21,0.0,0.11,0.3,3.0,34.16,75.6,2.71,2.28,1.07,2.5,7.27,2.92,1.5,1.85,1.93,0.5,,,,,,,,,,,,,,
Aster Vranckx,MF,,Right,183cm,78kg,"October 4, 2002",Belgium,Wolfsburg,"54,423",2025.0,,,,,,,0.0,0.01,0.31,0.0,0.02,0.03,0.93,47.76,85.0,3.81,0.23,1.32,0.54,0.7,2.41,1.09,1.32,2.17,1.16,,,,,,,,,,,,,,
Tiago Tomás,FW,,Right,180cm,76kg,"June 16, 2002",Portugal,Wolfsburg,"28,846",2027.0,,,,,,,0.15,0.24,2.6,0.07,0.07,0.31,2.75,23.67,62.7,1.78,1.93,2.0,4.82,10.09,0.52,0.22,1.04,0.74,1.26,,,,,,,,,,,,,,
Pavao Pervan,GK,,Right,194cm,87kg,"November 13, 1987",Austria,Wolfsburg,"23,077",2025.0,,,,,,,,,,,,,,,,,,,,,,,,,,-0.5,1.89,52.8,0.32,,22.2,34.89,33.5,4.11,39.6,0.8,0.33,12.1,
Kevin Behrens,FW,,Right,184cm,83kg,"February 3, 1991",Germany,Wolfsburg,"13,846",2024.0,,,,,,,0.22,0.34,2.42,0.04,0.08,0.42,2.31,24.58,62.8,3.12,0.84,0.33,4.85,6.24,0.66,0.4,0.84,1.4,6.36,,,,,,,,,,,,,,
Patrick Wimmer,FW-MF,,Right,182cm,76kg,"May 30, 2001",Austria,Wolfsburg,"38,462",2027.0,,,,,,,0.12,0.27,1.52,0.12,0.08,0.35,2.57,29.22,60.4,2.69,1.87,1.52,3.16,6.55,1.99,0.47,2.1,1.05,1.52,,,,,,,,,,,,,,
Amin Sarr,FW,,Right,188cm,83kg,"March 11, 2001",Sweden,Wolfsburg,"28,846",2024.0,,,,,,,0.0,0.15,1.99,0.15,0.08,0.23,1.53,28.06,72.1,2.3,1.38,0.77,3.53,7.21,1.07,0.31,1.07,0.61,2.91,,,,,,,,,,,,,,
Kilian Fischer,DF-MF,,Both,182cm,78kg,"October 12, 2000",Germany,Wolfsburg,"16,731",2027.0,,,,,,,,,,,,,,,,,,,,,,,,,,,,,,,,,,,,,,,
,,,,,,,,,,,,,,,,,,,,,,,,,,,,,,,,,,,,,,,,,,,,,,,,,
