Player,Role,Position,Foot,Height,Weight,Birth,Nationality,Club,Wage,Expiration,Non-PenaltyGoals,npxG:Non-PenaltyxG,ShotsTotal,Assists,xAG:Exp.AssistedGoals,npxG+xAG,Shot-CreatingActions,PassesAttempted,PassCompletion%,ProgressivePasses,ProgressiveCarries,SuccessfulTake-Ons,Touches(AttPen),ProgressivePassesRec,Tackles,Interceptions,Blocks,Clearances,AerialsWon,PSxG-GA,GoalsAgainst,SavePercentage,PSxG/SoT,Save%(PenaltyKicks),CleanSheetPercentage,Touches,Launch%,GoalKicks,Avg.LengthofGoalKicks,CrossesStopped%,Def.ActionsOutsidePen.Area,Avg.DistanceofDef.Actions,2023-2024,1Seasons*,2022-2023,2024-2025,2025-2026,2Seasons*,3Seasons*
Henrikh Mkhitaryan,FW-MF,(AM-CM),Right,178cm,72kg,"January 21, 1989",Armenia,Internazionale,"93,654",2026,0.08,0.13,1.39,0.21,0.13,0.26,3.51,51.77,86.1,5.95,2.88,0.76,2.05,3.75,2.05,1.02,0.89,1.42,0.5,,,,,,,,,,,,,,,,,,,,
Yann Sommer,GK,,Right,183cm,77kg,"December 17, 1988",Switzerland,Internazionale,"61,731",2026,,,,,,,,,,,,,,,,,,,,0.2,0.63,82.7,0.24,16.7,53.5,38.38,17.8,5.74,27.2,4.4,0.53,12.6,,,,,,,
Nicolò Barella,MF,(CM-DM),Right,172cm,68kg,"February 7, 1997",Italy,Internazionale,"178,077",2026,0.08,0.16,1.33,0.1,0.15,0.31,4.23,62.9,84.5,8.08,2.1,0.75,1.98,4.53,1.75,0.43,1.08,0.5,0.73,,,,,,,,,,,,,,,,,,,,
Marcus Thuram,FW-MF,(AM),Right,189cm,78kg,"August 6, 1997",France,Internazionale,"147,885",2028,0.39,0.49,2.6,0.24,0.15,0.64,2.88,21.44,71.9,1.67,2.45,1.33,5.84,6.42,0.79,0.15,0.82,0.67,2.33,,,,,,,,,,,,,,,,,,,,
Hakan Çalhanoğlu,FW-MF,(AM-CM),Right,176cm,73kg,"February 8, 1994",Turkey,Internazionale,"213,654",2027,0.08,0.07,1.76,0.11,0.18,0.26,3.95,75.58,86.8,6.0,1.53,0.29,0.76,1.47,2.13,0.79,0.97,0.79,0.79,,,,,,,,,,,,,,,,,,,,
Federico Dimarco,DF-MF,"(WM,",Left,175cm,74kg,"November 10, 1997",Italy,Internazionale,"124,615",2027,0.22,0.14,2.23,0.25,0.36,0.5,4.27,54.99,75.7,4.11,2.42,0.29,3.06,8.32,1.56,0.51,0.8,1.24,0.22,,,,,,,,,,,,,,,,,,,,
Alessandro Bastoni,DF,"(CB,",Left,190cm,83kg,"April 13, 1999",Italy,Internazionale,"195,962",2028,0.03,0.04,0.53,0.08,0.12,0.16,2.25,71.38,85.5,4.78,1.86,0.45,1.15,2.36,1.46,0.93,0.96,2.25,1.55,,,,,,,,,,,,,,,,,,,,
Francesco Acerbi,DF,(CB),Left,192cm,87kg,"February 10, 1988",Italy,Internazionale,"53,462",2025,0.08,0.06,0.55,0.08,0.06,0.11,0.77,62.74,89.5,2.96,0.82,0.18,0.87,0.79,0.9,1.24,0.84,3.3,2.48,,,,,,,,,,,,,,,,,,,,
Matteo Darmian,DF-MF,"(CB-FB-WM,",Right,182cm,69kg,"December 2, 1989",Italy,Internazionale,"61,731",2025,0.06,0.04,0.42,0.03,0.06,0.1,1.83,54.08,85.0,2.62,0.62,0.25,0.93,2.98,1.86,0.56,1.21,2.19,0.82,,,,,,,,,,,,,,,,,,,,
Benjamin Pavard,DF,"(CB-FB,",Right,182cm,64kg,"March 28, 1996",France,Internazionale,"123,269",2028,0.0,0.05,0.85,0.08,0.05,0.1,1.43,72.86,89.8,5.36,1.24,0.08,1.47,2.01,1.93,1.54,1.35,2.97,1.81,,,,,,,,,,,,,,,,,,,,
Stefan de Vrij,DF,(CB-FB),Right,189cm,78kg,"February 5, 1992",Netherlands,Internazionale,"135,385",2025,0.04,0.05,0.49,0.0,0.01,0.07,0.49,57.44,92.3,1.79,0.53,0.12,0.73,0.12,1.26,1.34,1.14,3.83,2.4,,,,,,,,,,,,,,,,,,,,
Carlos Augusto,DF-MF,"(FB,",Left,184cm,77kg,"January 7, 1999",Brazil,Internazionale,"54,231",2024,0.04,0.11,1.36,0.11,0.11,0.22,1.62,52.35,80.5,2.8,2.76,0.7,2.87,4.97,1.92,0.7,1.03,2.54,2.51,,,,,,,,,,,,,,,,,,,,
Alexis Sánchez,FW-MF,(AM-WM),Right,168cm,62kg,"December 19, 1988",Chile,Internazionale,"89,038",2024,0.26,0.28,1.56,0.33,0.24,0.52,3.58,31.45,72.9,4.43,1.24,1.17,4.04,6.06,0.85,0.26,0.52,0.2,0.98,,,,,,,,,,,,,,,,,,,,
Kristjan Asllani,MF,,Right,179cm,68kg,"March 9, 2002",Albania,Internazionale,"19,808",2027,0.1,0.08,1.76,0.2,0.11,0.18,1.85,73.8,88.1,4.0,0.29,0.68,0.39,1.17,0.88,1.07,0.98,1.07,0.39,,,,,,,,,,,,,,,,,,,,
Davide Frattesi,MF,"(CM-DM-WM,",Right,184cm,73kg,"October 22, 1999",Italy,Internazionale,"99,808",2024,0.41,0.47,2.56,0.17,0.16,0.63,2.27,27.13,80.1,4.01,2.56,0.7,4.53,3.49,1.45,0.64,0.99,1.57,0.81,,,,,,,,,,,,,,,,,,,,
Emil Audero,GK,,Right,190cm,78kg,"January 18, 1997",Italy,Internazionale,"28,462",2024,,,,,,,,,,,,,,,,,,,,,,,,,,,,,,,,,,,,,,,
Davy Klaassen,MF,(AM-CM-WM),Right,185cm,78kg,"February 21, 1993",Netherlands,Internazionale,"36,923",2024,,,,,,,,,,,,,,,,,,,,,,,,,,,,,,,,,,,,,,,
Tajon Buchanan,DF-FW-MF,,Right,182cm,68kg,"February 8, 1999",Canada,Internazionale,"53,462",2028,0.17,0.12,0.78,0.26,0.19,0.3,2.42,52.69,76.9,3.71,4.23,0.69,3.11,6.39,1.12,0.69,1.3,0.95,0.43,,,,,,,,,,,,,,,,,,,,
Stefano Sensi,MF,(CM),Right,168cm,62kg,"August 5, 1995",Italy,Internazionale,"71,154",2024,,,,,,,,,,,,,,,,,,,,,,,,,,,,,,,,,,,,,,,
Raffaele Di Gennaro,GK,,,186cm,79kg,"October 3, 1993",Italy,Internazionale,"5,385",2024,,,,,,,,,,,,,,,,,,,,,,,,,,,,,,,,,,,,,,,
Mike Maignan,GK,,Right,187cm,79kg,"July 3, 1995",France,Milan,"69,038",2026,,,,,,,,,,,,,,,,,,,,-0.16,1.2,73.9,0.22,0.0,30.4,41.08,20.9,5.13,37.4,9.3,1.24,14.9,,,,,,,
Tijjani Reijnders,MF,(CM-DM-WM),Right,185cm,79kg,"July 29, 1998",Netherlands,Milan,"41,923",2028,0.08,0.1,1.49,0.08,0.11,0.21,4.03,51.74,90.3,6.02,2.57,1.21,1.66,2.76,1.52,0.66,0.88,0.77,0.19,,,,,,,,,,,,,,,,,,,,
Christian Pulisic,FW-MF,(AM),Right,172cm,68kg,"September 18, 1998",United,Milan,"98,654",2027,0.38,0.29,2.17,0.21,0.14,0.42,3.13,37.17,77.1,2.81,4.1,1.55,4.22,10.37,1.38,0.29,0.91,0.38,0.5,,,,,,,,,,,,,,,,,,,,
Rafael Leão,FW-MF,(AM),Right,189cm,78kg,"June 10, 1999",Portugal,Milan,"123,269",2028,0.35,0.32,2.47,0.35,0.31,0.64,4.44,34.11,72.9,3.69,5.48,2.92,6.1,10.02,0.72,0.35,0.5,0.42,0.87,,,,,,,,,,,,,,,,,,,,
Ruben Loftus-Cheek,MF,(WM),Right,191cm,83kg,"January 23, 1996",England,Milan,"98,654",2027,0.31,0.19,1.73,0.06,0.12,0.31,2.81,32.52,85.3,3.74,3.37,1.64,2.97,4.67,0.99,0.34,0.87,0.4,1.67,,,,,,,,,,,,,,,,,,,,
Olivier Giroud,FW,,Left,192cm,87kg,"September 30, 1986",France,Milan,"86,346",2024,0.34,0.35,2.44,0.27,0.15,0.5,1.89,19.04,67.6,1.01,0.37,0.17,4.45,3.81,0.54,0.17,0.52,1.03,2.41,,,,,,,,,,,,,,,,,,,,
Malick Thiaw,DF-MF,(CB),Right,185cm,79kg,"August 8, 2001",Germany,Milan,"19,808",2027,0.0,0.04,0.41,0.04,0.01,0.05,1.22,68.89,91.8,4.49,0.7,0.3,0.63,0.0,1.63,0.82,1.22,3.38,1.97,,,,,,,,,,,,,,,,,,,,
Yacine Adli,MF,,Right,186cm,73kg,"July 29, 2000",France,Milan,"19,808",2026,0.05,0.03,0.43,0.11,0.13,0.16,3.83,81.42,86.2,7.93,2.0,1.51,0.59,1.62,2.27,1.3,1.3,0.97,1.03,,,,,,,,,,,,,,,,,,,,
Alessandro Florenzi,DF-FW-MF,"(AM-FB,",Right,172cm,67kg,"March 11, 1991",Italy,Milan,"106,923",2025,0.0,0.05,1.58,0.25,0.15,0.2,3.97,66.7,81.8,5.29,1.58,0.15,0.76,2.34,2.49,1.02,1.02,1.53,0.46,,,,,,,,,,,,,,,,,,,,
Yunus Musah,MF,(CM-WM),Right,178cm,74kg,"November 29, 2002",United,Milan,"49,231",2028,0.0,0.06,0.8,0.08,0.09,0.15,2.03,35.86,83.9,3.43,2.88,1.48,1.23,4.32,1.52,0.51,1.23,1.02,0.68,,,,,,,,,,,,,,,,,,,,
Matteo Gabbia,DF,(CB),Right,185cm,81kg,"October 21, 1999",Italy,Milan,"28,462",2026,0.07,0.07,0.55,0.04,0.02,0.08,0.77,63.88,90.7,2.74,0.66,0.04,0.8,0.11,1.65,0.84,0.91,3.88,2.34,,,,,,,,,,,,,,,,,,,,
Samuel Chukwueze,FW-MF,"(AM-WM,",Left,172cm,69kg,"May 22, 1999",Nigeria,Milan,"98,654",2028,0.16,0.19,2.64,0.11,0.17,0.36,4.21,36.61,77.6,4.37,4.85,2.37,5.5,10.3,1.13,0.49,0.32,0.43,0.65,,,,,,,,,,,,,,,,,,,,
Ismaël Bennacer,MF,(CM-DM),Left,175cm,69kg,"December 1, 1997",Algeria,Milan,"135,385",2027,0.08,0.07,1.05,0.08,0.09,0.16,2.48,63.6,86.6,5.55,1.95,1.05,0.83,2.78,2.25,0.75,0.9,0.68,0.9,,,,,,,,,,,,,,,,,,,,
Luka Jović,FW,,Right,181cm,74kg,"December 23, 1997",Serbia,Milan,"61,731",2024,0.61,0.57,3.0,0.27,0.18,0.76,2.87,18.22,79.4,2.73,1.02,1.09,4.09,4.64,0.48,0.07,0.34,0.89,1.77,,,,,,,,,,,,,,,,,,,,
Noah Okafor,FW-MF,,Right,185cm,84kg,"May 24, 2000",Switzerland,Milan,"49,231",2028,0.62,0.42,2.46,0.21,0.08,0.51,1.85,18.45,60.6,1.74,2.97,1.33,4.61,6.46,0.62,0.0,0.51,1.03,0.82,,,,,,,,,,,,,,,,,,,,
Tommaso Pobega,MF,"(DM-WM,",Left,188cm,78kg,"July 15, 1999",Italy,Milan,"35,577",2027,0.0,0.17,2.61,0.0,0.02,0.18,1.38,33.17,72.2,2.76,1.23,0.46,2.61,2.61,3.69,1.23,2.15,2.0,1.23,,,,,,,,,,,,,,,,,,,,
Marco Sportiello,GK,,Right,192cm,87kg,"May 10, 1992",Italy,Milan,"17,885",2027,,,,,,,,,,,,,,,,,,,,-0.23,1.52,66.7,0.28,,25.0,32.61,18.8,4.67,37.3,6.1,0.91,13.2,,,,,,,
Antonio Mirante,GK,,Right,194cm,78kg,"July 8, 1983",Italy,Milan,"25,000",2024,,,,,,,,,,,,,,,,,,,,,,,,,,,,,,,,,,,,,,,
,,,,,,,,,,,0.0,0.02,0.49,0.0,0.0,0.02,0.33,45.41,86.0,1.14,0.16,0.16,0.98,0.16,1.14,1.31,1.63,4.57,1.63,,,,,,,,,,,,,,,,,,,,
Filippo Terracciano,DF,,Right,181cm,68kg,"February 8, 2003",Italy,Milan,"28,462",2028,0.0,0.02,0.54,0.12,0.08,0.1,2.45,48.92,71.0,3.65,1.79,0.96,0.6,1.97,2.33,1.32,1.79,1.26,1.26,,,,,,,,,,,,,,,,,,,,
Mattia Caldara,DF,(CB),Right,187cm,79kg,"May 5, 1994",Italy,Milan,"78,269",2024,,,,,,,,,,,,,,,,,,,,,,,,,,,,,,,,,,,,,,,
Lorenzo Colombo,FW,,Left,183cm,74kg,"March 8, 2002",Italy,AC Monza Brianza 1912,"10,769",2024,0.23,0.25,2.51,0.06,0.04,0.29,2.04,16.94,68.3,1.52,0.99,0.58,4.5,5.02,1.23,0.0,1.23,0.93,1.58,,,,,,,,,,,,,,,,,,,,
Lapo Nava,GK,,,189cm,69kg,"January 22, 2004",Italy,Milan,,,,,,,,,,,,,,,,,,,,,,,,,,,,,,,,,,,,,,,,,
Wojciech Szczęsny,GK,,Right,195cm,87kg,"April 18, 1990",Poland,Juventus,"231,538",2025,,,,,,,,,,,,,,,,,,,,0.08,0.9,77.9,0.23,16.7,41.0,31.35,32.6,5.64,38.0,4.2,0.62,11.7,,,,,,,
Manuel Locatelli,MF,(CM-DM),Right,186cm,74kg,"January 8, 1998",Italy,Juventus,"117,500",2028,0.03,0.03,0.64,0.11,0.04,0.07,2.09,57.43,84.8,6.45,0.61,0.36,0.61,0.97,2.06,0.75,1.34,2.0,0.86,,,,,,,,,,,,,,,,,,,,
Weston McKennie,MF,(CM-WM),Right,185cm,78kg,"August 28, 1998",United,Juventus,"61,731",2025,0.0,0.1,0.86,0.25,0.13,0.22,2.77,39.47,75.7,3.36,2.03,0.59,2.25,5.39,1.69,0.62,0.92,2.22,1.26,,,,,,,,,,,,,,,,,,,,
Federico Gatti,DF,"(CB,",Right,190cm,74kg,"June 24, 1998",Italy,Juventus,"49,808",2028,0.15,0.18,1.11,0.0,0.06,0.23,0.9,47.73,85.1,4.04,1.67,0.4,1.61,1.33,1.08,0.71,0.83,2.99,1.88,,,,,,,,,,,,,,,,,,,,
Adrien Rabiot,MF,"(CM-DM-WM,",Left,188cm,71kg,"April 3, 1995",France,Juventus,"172,500",2024,0.12,0.12,1.47,0.15,0.14,0.25,2.32,42.05,82.7,4.15,2.62,1.03,2.82,4.0,1.97,0.76,0.91,1.32,1.68,,,,,,,,,,,,,,,,,,,,
Andrea Cambiaso,DF-MF,,Left,181cm,73kg,"February 20, 2000",Italy,Juventus,"35,577",2027,0.07,0.08,1.1,0.14,0.14,0.22,2.62,50.53,85.9,2.48,2.93,1.0,2.24,6.2,1.83,0.55,1.03,1.03,0.38,,,,,,,,,,,,,,,,,,,,
Filip Kostić,DF-FW-MF,"(AM-DM-WM,",Left,176cm,73kg,"November 1, 1992",Serbia,Juventus,"61,731",2026,0.0,0.04,1.07,0.17,0.28,0.32,3.54,48.41,72.2,4.05,3.11,0.47,1.75,5.84,1.75,0.6,1.45,1.92,0.51,,,,,,,,,,,,,,,,,,,,
Danilo,DF-MF,"(CB-FB,",Right,184cm,77kg,"July 15, 1991",Brazil,Juventus,"98,654",2025,0.03,0.05,0.73,0.03,0.03,0.09,2.22,68.15,85.7,5.92,0.79,0.29,0.89,0.82,2.57,1.52,1.11,3.8,1.43,,,,,,,,,,,,,,,,,,,,
Dušan Vlahović,FW,,Left,190cm,83kg,"January 28, 2000",Serbia,Juventus,"249,231",2026,0.63,0.54,4.18,0.15,0.09,0.63,2.58,20.08,69.5,1.83,1.38,0.67,5.94,6.46,0.37,0.04,0.15,0.45,1.57,,,,,,,,,,,,,,,,,,,,
Federico Chiesa,DF-FW-MF,(WM),Right,175cm,69kg,"October 25, 1997",Italy,Juventus,"178,077",2025,0.31,0.21,2.92,0.12,0.23,0.44,4.45,30.63,70.8,2.99,4.53,1.5,5.3,8.71,0.92,0.23,0.81,0.15,0.08,,,,,,,,,,,,,,,,,,,,
Fabio Miretti,MF,,Right,180cm,72kg,"August 3, 2003",Italy,Juventus,"35,577",2027,0.07,0.13,1.34,0.07,0.08,0.21,3.87,36.17,74.5,3.8,1.9,1.83,2.81,4.71,1.62,0.63,0.91,0.63,0.42,,,,,,,,,,,,,,,,,,,,
Daniele Rugani,DF,(CB),Right,190cm,82kg,"July 29, 1994",Italy,Juventus,"124,615",2024,0.16,0.13,0.63,0.0,0.03,0.16,0.79,47.76,88.1,2.92,0.16,0.08,0.79,0.16,0.79,0.71,0.95,3.47,1.89,,,,,,,,,,,,,,,,,,,,
Timothy Weah,DF-FW-MF,,Right,185cm,67kg,"February 22, 2000",United,Juventus,"49,231",2028,0.0,0.13,1.15,0.07,0.09,0.22,2.03,45.03,80.0,3.11,2.3,0.61,2.37,7.24,1.76,0.74,1.01,0.88,0.81,,,,,,,,,,,,,,,,,,,,
,,,,,,,,,,,0.12,0.16,1.71,0.0,0.1,0.26,3.54,34.8,82.1,4.15,3.05,2.32,3.79,7.2,1.34,0.0,0.49,0.49,1.95,,,,,,,,,,,,,,,,,,,,
Alex Sandro,DF-MF,"(FB,",Left,180cm,78kg,"January 26, 1991",Brazil,Juventus,"213,654",2024,0.0,0.02,0.46,0.0,0.08,0.1,1.38,69.06,85.1,5.05,2.39,0.55,0.73,1.47,2.11,1.56,1.74,2.76,1.38,,,,,,,,,,,,,,,,,,,,
Arkadiusz Milik,FW,,Left,186cm,78kg,"February 28, 1994",Poland,Juventus,"86,346",2026,0.31,0.41,3.06,0.08,0.24,0.65,3.06,26.17,77.2,2.07,0.92,0.69,5.59,5.05,0.92,0.31,0.69,0.31,2.3,,,,,,,,,,,,,,,,,,,,
Hans Nicolussi Caviglia,MF,,Right,180cm,68kg,"June 18, 2000",Italy,Juventus,"7,115",2026,,,,,,,,,,,,,,,,,,,,,,,,,,,,,,,,,,,,,,,
Samuel Iling-Junior,MF,,Left,182cm,71kg,"October 4, 2003",England,Juventus,"12,308",2025,0.2,0.15,1.18,0.2,0.09,0.24,3.04,44.9,73.1,3.33,2.94,0.98,3.14,8.53,2.84,0.69,1.67,1.96,0.88,,,,,,,,,,,,,,,,,,,,
Carlos Alcaraz,MF,,Right,176cm,68kg,"November 30, 2002",Argentina,Juventus,"29,050",2024,0.13,0.15,1.9,0.25,0.04,0.19,1.52,28.44,78.7,4.04,2.15,1.14,1.9,2.02,1.14,0.25,0.63,0.38,0.25,,,,,,,,,,,,,,,,,,,,
Mattia Perin,GK,,Right,188cm,73kg,"November 10, 1992",Italy,Juventus,"53,462",2025,,,,,,,,,,,,,,,,,,,,,,,,,,,,,,,,,,,,,,,
,,,,,,,,,,,0.38,0.08,1.15,0.0,0.02,0.1,1.53,76.79,86.5,3.06,0.77,0.19,1.34,2.49,1.53,0.77,1.34,4.79,1.53,,,,,,,,,,,,,,,,,,,,
Tiago Djaló,DF,(CB),Right,190cm,84kg,"April 9, 2000",Portugal,Juventus,"71,154",2026,,,,,,,,,,,,,,,,,,,,,,,,,,,,,,,,,,,,,,,
Carlo Pinsoglio,GK,,Left,192cm,72kg,"March 16, 1990",Italy,Juventus,"10,769",2025,,,,,,,,,,,,,,,,,,,,,,,,,,,,,,,,,,,,,,,
Joshua Zirkzee,FW,,Right,193cm,83kg,"May 22, 2001",Netherlands,Bologna,"22,115",2026,0.34,0.26,2.85,0.14,0.18,0.44,3.23,29.41,76.4,2.62,1.7,1.7,4.42,6.08,1.09,0.1,0.78,1.22,1.02,,,,,,,,,,,,,,,,,,,,
Remo Freuler,MF,(CM-DM),Right,180cm,79kg,"April 15, 1992",Switzerland,Bologna,"35,577",2026,0.04,0.03,0.47,0.04,0.04,0.07,1.97,64.9,90.2,5.86,1.1,0.31,1.18,1.73,2.67,1.34,1.14,1.85,0.75,,,,,,,,,,,,,,,,,,,,
Stefan Posch,DF,"(CB-FB,",Right,187cm,83kg,"May 14, 1997",Austria,Bologna,"19,231",2026,0.04,0.07,0.74,0.07,0.07,0.14,1.7,76.68,82.1,4.7,1.52,0.42,1.2,2.47,2.69,0.67,1.17,2.44,1.24,,,,,,,,,,,,,,,,,,,,
Riccardo Calafiori,DF,,Left,183cm,74kg,"May 19, 2002",Italy,Bologna,"14,231",2027,0.0,0.03,0.56,0.17,0.04,0.06,1.8,70.84,89.3,3.82,1.16,0.47,0.77,0.82,1.68,1.89,1.59,2.84,2.49,,,,,,,,,,,,,,,,,,,,
Michel Aebischer,MF,(CM),Right,178cm,69kg,"January 6, 1997",Switzerland,Bologna,"12,308",2026,0.0,0.05,0.6,0.04,0.06,0.1,1.57,57.28,91.4,4.91,0.89,0.44,1.17,2.58,1.09,0.44,0.93,0.81,0.52,,,,,,,,,,,,,,,,,,,,
Jhon Lucumí,DF,"(CB,",Left,185cm,83kg,"June 26, 1998",Colombia,Bologna,"18,462",2026,0.0,0.02,0.39,0.0,0.02,0.04,1.09,74.9,92.5,3.55,1.05,0.23,0.39,0.23,1.91,0.59,1.33,2.54,1.05,,,,,,,,,,,,,,,,,,,,
Riccardo Orsolini,FW-MF,"(AM,",Left,183cm,73kg,"January 24, 1997",Italy,Bologna,"71,154",2027,0.39,0.29,3.16,0.13,0.22,0.51,4.59,37.31,66.6,3.25,2.64,1.73,3.81,9.23,1.17,0.35,1.0,0.91,0.82,,,,,,,,,,,,,,,,,,,,
Alexis Saelemaekers,DF-FW-MF,"(AM,",Right,180cm,72kg,"June 27, 1999",Belgium,Bologna,"24,615",2026,0.18,0.15,1.67,0.14,0.21,0.36,4.02,46.6,77.3,3.7,3.47,2.3,2.53,8.84,1.44,0.77,0.63,0.54,0.41,,,,,,,,,,,,,,,,,,,,
Dan Ndoye,FW-MF,(AM),Right,184cm,76kg,"October 25, 2000",Switzerland,Bologna,"19,808",2027,0.0,0.23,2.14,0.06,0.1,0.33,3.3,31.69,76.1,1.9,5.14,1.96,3.98,8.75,1.65,0.49,0.98,0.73,0.37,,,,,,,,,,,,,,,,,,,,
,,,,,,,,,,,0.5,0.39,2.51,0.2,0.17,0.56,2.2,24.76,78.1,1.6,1.0,0.8,4.41,3.81,1.4,0.7,0.4,1.0,1.3,,,,,,,,,,,,,,,,,,,,
Nikola Moro,MF,(CM),Right,183cm,77kg,"March 12, 1998",Croatia,Bologna,"23,846",2027,0.09,0.09,1.56,0.17,0.11,0.2,3.12,60.35,82.3,6.24,1.82,0.61,1.13,3.64,2.17,0.61,1.3,1.3,0.43,,,,,,,,,,,,,,,,,,,,
Sam Beukema,DF,CB,Right,,,"November 17, 1998",Netherlands,Bologna,"17,308",2027,0.04,0.06,0.42,0.04,0.03,0.09,0.61,70.62,89.2,2.61,0.53,0.15,0.49,0.19,1.02,0.57,1.21,3.56,1.59,,,,,,,,,,,,,,,,,,,,
Kacper Urbanski,MF,,Right,178cm,73kg,"September 7, 2004",Poland,Bologna,"5,385",2025,0.0,0.11,1.79,0.0,0.07,0.18,3.46,36.64,82.1,2.75,2.98,2.15,2.51,8.83,1.67,0.36,1.43,1.67,2.03,,,,,,,,,,,,,,,,,,,,
Lorenzo De Silvestri,DF-MF,"(DM-FB,",Right,186cm,83kg,"May 23, 1988",Italy,Bologna,"32,115",2024,0.37,0.05,0.62,0.0,0.01,0.06,0.87,63.32,86.0,4.36,1.87,0.0,0.37,1.37,1.0,0.87,1.12,3.24,1.5,,,,,,,,,,,,,,,,,,,,
Federico Ravaglia,GK,,Right,190cm,79kg,"November 11, 1999",Italy,Bologna,"3,269",2026,,,,,,,,,,,,,,,,,,,,,,,,,,,,,,,,,,,,,,,
Jesper Karlsson,FW-MF,"(AM,",Right,171cm,69kg,"July 25, 1998",Sweden,Bologna,"19,808",2028,,,,,,,,,,,,,,,,,,,,,,,,,,,,,,,,,,,,,,,
Jens Odgaard,FW-MF,,Left,188cm,82kg,"March 31, 1999",Denmark,Bologna,"5,385",2024,0.13,0.41,2.69,0.26,0.17,0.56,3.08,33.33,71.5,3.46,2.44,1.41,5.26,8.85,2.44,0.13,1.41,0.64,2.05,,,,,,,,,,,,,,,,,,,,
,,,,,,,,,,,,,,,,,,,,,,,,,,,,,,,,,,,,,,,,,,,,,,,,,
Kevin Bonifazi,DF,(CB),Right,187cm,79kg,"May 19, 1996",Italy,Frosinone,"35,577",2024,0.0,0.0,0.0,0.0,0.0,0.0,0.95,76.33,89.6,2.97,0.12,0.59,0.0,0.24,1.66,0.83,0.71,3.92,1.07,,,,,,,,,,,,,,,,,,,,
,,,,,,,,,,,,,,,,,,,,,,,,,,,,,,,,,,,,,,,,,,,,,,,,,
Nicola Bagnolini,GK,,,193cm,83kg,"March 14, 2004",Italy,Bologna,,,,,,,,,,,,,,,,,,,,,,,,,,,,,,,,,,,,,,,,,
,,,,,,,,,,,,,,,,,,,,,,,,,,,,,,,,,,,,,,,,,,,,,,,,,
Bryan Cristante,DF-MF,(CM-DM),Right,186cm,78kg,"March 3, 1995",Italy,Roma,"99,808",2027,0.06,0.14,1.28,0.08,0.06,0.2,1.74,54.66,82.3,5.21,0.95,0.36,2.11,1.72,1.84,0.81,0.99,1.72,2.33,,,,,,,,,,,,,,,,,,,,
Gianluca Mancini,DF,"(CB,",Right,190cm,84kg,"April 17, 1996",Italy,Roma,"124,615",2027,0.15,0.09,0.64,0.04,0.05,0.14,0.98,57.65,86.2,4.24,1.11,0.13,0.92,0.62,1.07,1.07,1.03,2.38,1.48,,,,,,,,,,,,,,,,,,,,
Leandro Paredes,MF,(AM-CM-DM),Right,182cm,74kg,"June 29, 1994",Argentina,Roma,"110,962",2025,0.03,0.04,0.96,0.18,0.12,0.16,2.85,70.95,87.8,6.99,0.96,0.4,0.25,0.56,1.84,1.31,1.01,1.84,0.45,,,,,,,,,,,,,,,,,,,,
Romelu Lukaku,FW,,Left,192cm,91kg,"May 13, 1993",Belgium,Roma,"172,500",2024,0.52,0.35,2.27,0.19,0.11,0.46,2.74,21.37,71.6,1.45,1.5,0.61,4.69,7.64,0.21,0.02,0.33,0.77,1.73,,,,,,,,,,,,,,,,,,,,
Diego Llorente,DF,(CB),Right,185cm,73kg,"August 16, 1993",Spain,Roma,"66,538",2024,0.03,0.01,0.29,0.06,0.03,0.04,0.79,64.22,90.6,3.07,0.7,0.1,0.41,0.16,1.43,1.11,1.55,3.33,2.03,,,,,,,,,,,,,,,,,,,,
Rui Patrício,GK,,Left,189cm,86kg,"February 15, 1988",Portugal,Roma,"74,038",2024,,,,,,,,,,,,,,,,,,,,-0.06,1.13,66.7,0.28,0.0,26.7,27.43,36.2,6.53,40.7,5.7,0.37,11.5,,,,,,,
Paulo Dybala,FW-MF,(AM-WM),Left,175cm,73kg,"November 15, 1993",Argentina,Roma,"135,385",2025,0.34,0.25,2.46,0.34,0.15,0.4,4.09,44.75,79.6,5.79,3.86,1.4,3.79,7.65,0.83,0.19,0.61,0.27,0.27,,,,,,,,,,,,,,,,,,,,
Stephan El Shaarawy,DF-FW-MF,"(AM-WM,",Right,178cm,72kg,"October 27, 1992",Italy,Roma,"89,038",2025,0.2,0.2,2.33,0.3,0.17,0.37,3.41,37.78,80.2,2.6,2.83,1.28,3.78,7.29,1.08,0.61,0.64,0.84,0.51,,,,,,,,,,,,,,,,,,,,
Rasmus Kristensen,DF-MF,"(FB,",Right,176cm,69kg,"July 11, 1997",Denmark,Roma,"49,231",2024,0.09,0.03,0.37,0.05,0.04,0.07,1.63,50.61,77.5,2.89,0.75,0.33,1.4,4.8,1.77,0.61,1.54,2.47,1.68,,,,,,,,,,,,,,,,,,,,
Edoardo Bove,MF,,Right,171cm,60kg,"May 16, 2002",Italy,Roma,"35,577",2028,0.06,0.08,0.76,0.06,0.05,0.13,1.81,40.62,80.9,3.9,0.79,0.44,1.78,2.38,3.08,0.76,1.49,0.7,1.84,,,,,,,,,,,,,,,,,,,,
Leonardo Spinazzola,DF-MF,"(DM-FB-WM,",Right,186cm,74kg,"March 25, 1993",Italy,Roma,"106,923",2024,0.04,0.02,0.52,0.12,0.2,0.22,2.69,53.71,76.2,2.89,5.94,1.16,2.09,4.3,1.08,0.16,0.76,0.96,0.32,,,,,,,,,,,,,,,,,,,,
Rick Karsdorp,DF-MF,"(AM-FB,",Right,184cm,79kg,"February 11, 1995",Netherlands,Roma,"78,269",2025,0.0,0.03,0.57,0.11,0.13,0.16,1.75,52.52,81.8,2.77,0.68,0.11,1.53,4.92,1.64,0.85,0.85,1.3,0.34,,,,,,,,,,,,,,,,,,,,
Mile Svilar,GK,,Right,189cm,77kg,"August 27, 1999",Serbia,Roma,"24,615",2027,,,,,,,,,,,,,,,,,,,,0.03,0.92,77.6,0.22,100.0,41.7,36.37,25.3,6.29,42.6,8.2,0.54,11.5,,,,,,,
Angeliño,DF-MF,"(DM-FB,",Left,175cm,68kg,"January 4, 1997",Spain,Roma,"38,462",2024,0.0,0.01,0.3,0.12,0.12,0.13,2.09,54.56,71.5,3.65,0.84,0.54,0.48,3.05,1.43,1.26,0.9,2.63,1.08,,,,,,,,,,,,,,,,,,,,
Nicola Zalewski,DF-MF,,Right,164cm,63kg,"January 23, 2002",Poland,Roma,"10,769",2025,0.05,0.08,1.22,0.1,0.12,0.2,2.75,43.85,74.3,3.11,4.33,1.32,2.24,4.99,2.09,1.17,0.76,1.88,0.51,,,,,,,,,,,,,,,,,,,,
Houssem Aouar,FW-MF,"(AM-CM-WM,",Right,175cm,69kg,"June 30, 1998",Algeria,Roma,"69,038",2028,0.25,0.21,1.25,0.0,0.11,0.32,2.66,39.76,84.3,3.83,2.0,1.16,2.58,5.99,2.0,0.5,0.92,0.42,1.08,,,,,,,,,,,,,,,,,,,,
Andrea Belotti,FW,,Right,181cm,72kg,"December 20, 1993",Italy,Fiorentina,"49,808",2025,0.28,0.31,2.42,0.08,0.1,0.41,2.5,19.54,69.5,1.19,1.51,0.6,4.49,6.12,1.03,0.2,0.75,0.6,3.1,,,,,,,,,,,,,,,,,,,,
Zeki Çelik,DF-MF,"(FB,",Right,180cm,73kg,"February 17, 1997",Turkey,Roma,"49,231",2026,0.0,0.02,0.43,0.14,0.09,0.11,1.67,44.14,78.2,2.77,1.53,0.43,1.1,3.63,2.63,1.1,1.48,2.72,0.67,,,,,,,,,,,,,,,,,,,,
Chris Smalling,DF,(CB),Right,194cm,89kg,"November 22, 1989",England,Roma,"86,346",2025,0.0,0.02,0.39,0.0,0.04,0.06,0.59,46.28,88.7,2.66,0.2,0.0,1.28,0.2,0.79,1.09,1.88,3.36,3.06,,,,,,,,,,,,,,,,,,,,
Sardar Azmoun,FW-MF,(WM),Right,183cm,78kg,"January 1, 1995",Iran,Roma,"41,923",2024,0.3,0.39,2.73,0.0,0.12,0.51,2.53,22.96,66.5,1.92,0.61,0.71,3.64,4.45,0.91,0.51,0.2,1.01,2.02,,,,,,,,,,,,,,,,,,,,
Tommaso Baldanzi,MF,,Left,180cm,64kg,"March 23, 2003",Italy,Roma,"38,462",2028,0.13,0.18,1.9,0.0,0.14,0.32,3.61,29.6,79.1,3.1,2.59,1.26,2.97,5.69,1.01,0.19,0.7,0.38,0.06,,,,,,,,,,,,,,,,,,,,
Renato Sanches,MF,(CM),Right,176cm,74kg,"August 18, 1997",Portugal,Roma,"88,846",2024,,,,,,,,,,,,,,,,,,,,,,,,,,,,,,,,,,,,,,,
Tammy Abraham,FW,,Right,190cm,82kg,"October 2, 1997",England,Roma,"110,962",2026,0.13,0.24,1.47,0.13,0.09,0.33,1.74,21.77,52.1,1.47,1.6,0.93,4.27,6.81,1.34,0.0,0.53,1.47,4.81,,,,,,,,,,,,,,,,,,,,
Pietro Boer,GK,,Right,193cm,83kg,"May 12, 2002",Italy,Roma,"7,115",2024,,,,,,,,,,,,,,,,,,,,,,,,,,,,,,,,,,,,,,,
Berat Djimsiti,DF-MF,(CB),Right,190cm,83kg,"February 19, 1993",Albania,Atalanta,"28,462",2026,0.02,0.02,0.34,0.05,0.04,0.06,0.68,52.44,87.7,2.35,0.16,0.09,0.91,0.3,1.28,1.94,1.44,3.28,3.03,,,,,,,,,,,,,,,,,,,,
Éderson,MF,(CM-DM),Right,185cm,87kg,"July 7, 1999",Brazil,Atalanta,"49,231",2026,0.17,0.11,1.25,0.02,0.07,0.17,2.26,48.31,82.6,6.25,1.11,0.84,1.48,1.82,2.46,1.38,1.55,1.28,1.03,,,,,,,,,,,,,,,,,,,,
Marten de Roon,DF-MF,"(CM-DM,",Right,185cm,76kg,"March 29, 1991",Netherlands,Atalanta,"35,577",2024,0.02,0.02,0.48,0.12,0.04,0.05,1.57,57.93,83.5,5.77,0.69,0.17,0.19,0.74,2.69,1.22,1.29,1.57,1.29,,,,,,,,,,,,,,,,,,,,
Teun Koopmeiners,DF-MF,(CM-DM),Left,186cm,79kg,"February 28, 1998",Netherlands,Atalanta,"36,923",2027,0.3,0.18,1.84,0.15,0.21,0.39,4.16,48.46,75.1,5.57,2.75,0.76,2.85,6.22,1.59,0.33,1.18,1.06,0.98,,,,,,,,,,,,,,,,,,,,
Giorgio Scalvini,DF,(CB),Right,194cm,76kg,"December 11, 2003",Italy,Atalanta,"10,769",2028,0.03,0.08,0.66,0.15,0.04,0.12,1.32,57.09,81.2,4.4,1.05,0.51,1.66,1.02,2.17,2.14,1.51,2.29,2.59,,,,,,,,,,,,,,,,,,,,
Matteo Ruggeri,DF-MF,,Left,179cm,69kg,"July 11, 2002",Italy,Atalanta,"17,885",2028,0.03,0.05,0.42,0.16,0.08,0.13,2.43,58.05,79.6,5.64,2.24,0.81,1.1,5.42,1.14,0.88,1.82,1.62,1.59,,,,,,,,,,,,,,,,,,,,
Marco Carnesecchi,GK,,Right,192cm,87kg,"July 1, 2000",Italy,Atalanta,"3,654",2026,,,,,,,,,,,,,,,,,,,,0.0,1.22,75.6,0.24,40.0,29.6,37.6,36.4,7.88,54.4,6.4,1.33,13.9,,,,,,,
Charles De Ketelaere,FW-MF,,Left,192cm,78kg,"March 10, 2001",Belgium,Atalanta,"61,731",2024,0.32,0.26,2.05,0.28,0.26,0.52,4.14,33.86,73.0,5.8,3.43,1.58,6.15,9.26,1.38,0.35,1.38,0.47,2.01,,,,,,,,,,,,,,,,,,,,
Davide Zappacosta,DF-MF,"(DM-FB-WM,",Right,182cm,69kg,"June 11, 1992",Italy,Atalanta,"32,115",2025,0.17,0.1,1.8,0.17,0.08,0.18,2.49,51.2,82.6,3.53,3.36,0.87,2.53,6.44,1.35,0.31,1.28,1.04,0.45,,,,,,,,,,,,,,,,,,,,
Ademola Lookman,FW-MF,(AM),Right,174cm,69kg,"October 20, 1997",Nigeria,Atalanta,"44,423",2026,0.37,0.39,3.03,0.33,0.23,0.62,4.4,38.98,75.1,4.78,3.32,1.7,5.73,11.14,0.91,0.42,0.87,0.04,0.83,,,,,,,,,,,,,,,,,,,,
Gianluca Scamacca,FW,,Right,195cm,86kg,"January 1, 1999",Italy,Atalanta,"114,038",2027,0.77,0.43,3.55,0.22,0.11,0.54,2.62,26.08,64.6,2.02,1.53,1.15,5.63,9.84,1.15,0.16,0.66,0.71,1.7,,,,,,,,,,,,,,,,,,,,
Juan Musso,GK,,Right,191cm,92kg,"May 6, 1994",Argentina,Atalanta,"56,923",2025,,,,,,,,,,,,,,,,,,,,0.02,1.05,73.8,0.25,0.0,40.0,35.2,30.2,5.95,50.8,9.4,1.75,17.5,,,,,,,
Hans Hateboer,DF-MF,"(DM-FB,",Right,185cm,72kg,"January 9, 1994",Netherlands,Atalanta,"28,462",2024,0.0,0.03,0.68,0.09,0.15,0.19,2.3,48.11,80.9,3.33,1.88,0.43,1.62,5.72,1.11,0.51,1.54,1.88,1.19,,,,,,,,,,,,,,,,,,,,
Isak Hien,DF,(CB),Right,191cm,87kg,"January 13, 1999",Sweden,Atalanta,"32,115",2028,0.0,0.03,0.24,0.0,0.0,0.03,0.36,37.36,82.5,2.25,0.52,0.36,0.4,0.04,1.97,0.97,1.41,3.38,3.26,,,,,,,,,,,,,,,,,,,,
Mitchel Bakker,DF-MF,"(FB,",Left,185cm,79kg,"June 20, 2000",Netherlands,Atalanta,"54,231",2027,0.09,0.04,0.7,0.0,0.04,0.08,1.92,51.03,77.2,2.88,2.18,1.14,1.57,4.72,0.87,0.87,1.31,0.87,0.52,,,,,,,,,,,,,,,,,,,,
Duván Zapata,FW,,Right,186cm,79kg,"April 1, 1991",Colombia,Torino,"89,038",2024,0.4,0.36,3.17,0.12,0.1,0.46,2.71,23.95,65.6,1.71,2.24,1.03,6.75,8.12,0.59,0.22,0.59,0.62,3.79,,,,,,,,,,,,,,,,,,,,
El Bilal Touré,FW,,Right,185cm,78kg,"October 3, 2001",Mali,Atalanta,"36,923",2027,,,,,,,,,,,,,,,,,,,,,,,,,,,,,,,,,,,,,,,
Nadir Zortea,DF-MF,(FB),Right,175cm,69kg,"June 19, 1999",Italy,Frosinone,"6,346",2025,0.07,0.02,0.43,0.43,0.22,0.25,2.9,46.81,72.8,3.77,2.68,1.45,1.67,6.01,1.81,0.51,0.87,1.96,0.87,,,,,,,,,,,,,,,,,,,,
José Luis Palomino,DF,(CB),Left,188cm,87kg,"January 5, 1990",Argentina,Atalanta,"28,462",2024,,,,,,,,,,,,,,,,,,,,,,,,,,,,,,,,,,,,,,,
,,,,,,,,,,,,,,,,,,,,,,,,,,,,,,,,,,,,,,,,,,,,,,,,,
Caleb Okoli,DF,(CB),Right,191cm,91kg,"July 13, 2001",Italy,Frosinone,"20,000",2024,0.0,0.02,0.35,0.03,0.03,0.04,0.59,56.71,81.6,3.84,0.69,0.07,0.66,0.38,1.56,1.0,1.45,4.57,2.42,,,,,,,,,,,,,,,,,,,,
Francesco Rossi,GK,,Right,193cm,83kg,"April 27, 1991",Italy,Atalanta,"3,654",2024,,,,,,,,,,,,,,,,,,,,,,,,,,,,,,,,,,,,,,,
Luis Alberto,FW-MF,"(AM-CM-WM,",Right,182cm,73kg,"September 28, 1992",Spain,Lazio,"142,500",2027,0.16,0.15,1.92,0.26,0.26,0.41,4.92,66.9,79.1,8.94,2.87,0.89,1.84,4.52,1.37,0.42,1.37,0.45,0.26,,,,,,,,,,,,,,,,,,,,
Mattéo Guendouzi,MF,(CM-DM-WM),Right,185cm,68kg,"April 14, 1999",France,Lazio,"61,731",2024,0.06,0.09,0.95,0.16,0.1,0.19,2.39,43.12,82.4,5.03,1.97,0.48,2.01,3.37,1.27,0.76,0.89,0.95,0.48,,,,,,,,,,,,,,,,,,,,
Alessio Romagnoli,DF,"(CB-FB,",Left,188cm,78kg,"January 12, 1995",Italy,Lazio,"106,923",2027,0.03,0.06,0.58,0.03,0.01,0.08,0.49,65.32,91.0,3.3,0.2,0.0,0.72,0.09,0.84,0.98,1.07,3.82,2.43,,,,,,,,,,,,,,,,,,,,
Danilo Cataldi,MF,(CM),Right,180cm,69kg,"August 6, 1994",Italy,Lazio,"64,038",2027,0.06,0.02,0.76,0.0,0.05,0.07,1.63,61.05,86.2,4.24,0.52,0.52,0.0,0.58,1.57,1.05,0.93,1.16,0.35,,,,,,,,,,,,,,,,,,,,
Patric,DF,"(CB-FB,",Right,184cm,72kg,"April 17, 1993",Spain,Lazio,"42,692",2027,0.05,0.03,0.3,0.0,0.01,0.04,0.7,72.78,88.2,3.9,0.3,0.05,0.4,0.3,0.8,0.55,0.65,2.85,0.6,,,,,,,,,,,,,,,,,,,,
Nicolò Casale,DF,(CB),Right,191cm,83kg,"February 14, 1998",Italy,Lazio,"35,577",2027,0.0,0.04,0.3,0.0,0.0,0.04,0.52,63.92,92.7,2.71,0.9,0.13,0.34,0.17,0.9,0.56,1.21,3.49,1.12,,,,,,,,,,,,,,,,,,,,
Nicolò Rovella,MF,(CM),Right,179cm,68kg,"December 4, 2001",Italy,Lazio,"71,154",2025,0.0,0.04,0.52,0.16,0.08,0.11,1.61,65.83,87.7,3.96,1.61,0.47,0.21,0.89,2.76,1.51,1.56,1.46,0.78,,,,,,,,,,,,,,,,,,,,
Gustav Isaksen,FW-MF,,Both,178cm,68kg,"April 19, 2001",Denmark,Lazio,"36,923",2028,0.21,0.16,2.07,0.14,0.24,0.4,3.86,28.14,68.0,2.0,3.21,1.57,4.36,8.57,0.29,0.43,0.86,0.29,0.36,,,,,,,,,,,,,,,,,,,,
Elseid Hysaj,DF,(FB),Right,182cm,74kg,"February 20, 1994",Albania,Lazio,"71,154",2025,0.05,0.01,0.1,0.0,0.04,0.04,1.62,64.47,84.4,4.81,1.67,0.16,0.52,2.46,1.99,0.94,1.47,1.99,0.89,,,,,,,,,,,,,,,,,,,,
Matías Vecino,FW-MF,(AM-CM-DM),Right,187cm,81kg,"August 24, 1991",Uruguay,Lazio,"67,692",2025,0.26,0.2,2.1,0.05,0.04,0.24,1.84,53.52,85.3,5.37,0.87,0.56,2.46,2.2,2.2,0.97,1.48,1.94,2.05,,,,,,,,,,,,,,,,,,,,
Luca Pellegrini,DF-MF,"(FB,",Left,184cm,72kg,"March 7, 1999",Italy,Lazio,"23,077",2025,0.09,0.03,1.02,0.0,0.02,0.05,2.59,64.59,76.5,5.54,2.4,1.57,0.55,3.6,1.76,1.48,1.29,2.4,1.39,,,,,,,,,,,,,,,,,,,,
Pedro,FW-MF,"(AM-WM,",Right,167cm,62kg,"July 28, 1987",Spain,Lazio,"54,231",2024,0.15,0.12,1.53,0.07,0.21,0.34,2.77,47.15,83.6,3.21,3.14,1.53,2.99,8.1,2.04,0.22,1.46,0.15,0.22,,,,,,,,,,,,,,,,,,,,
Christos Mandas,GK,,Right,189cm,74kg,"September 17, 2001",Greece,Lazio,"7,308",2028,,,,,,,,,,,,,,,,,,,,-0.06,0.8,77.8,0.21,,40.0,34.32,42.3,2.99,37.9,7.8,0.6,16.9,,,,,,,
Toma Bašić,MF,,Left,189cm,79kg,"November 25, 1996",Croatia,Salernitana,"34,423",2024,0.1,0.17,1.14,0.0,0.05,0.22,2.7,39.91,82.3,3.95,1.04,0.94,0.94,2.18,1.35,0.83,1.46,1.87,1.04,,,,,,,,,,,,,,,,,,,,
,,,,,,,,,,,,,,,,,,,,,,,,,,,,,,,,,,,,,,,,,,,,,,,,,
,,,,,,,,,,,,,,,,,,,,,,,,,,,,,,,,,,,,,,,,,,,,,,,,,
Luigi Sepe,GK,,Left,185cm,76kg,"May 8, 1991",Italy,Lazio,"17,885",2024,,,,,,,,,,,,,,,,,,,,,,,,,,,,,,,,,,,,,,,
Stanislav Lobotka,MF,(CM-DM),Right,170cm,72kg,"November 25, 1994",Slovakia,Napoli,"69,038",2027,0.0,0.01,0.29,0.02,0.03,0.04,1.96,61.86,91.8,4.81,1.04,0.44,0.24,1.01,1.7,0.9,0.79,0.77,0.26,,,,,,,,,,,,,,,,,,,,
Khvicha Kvaratskhelia,FW-MF,"(AM,",Right,183cm,73kg,"February 12, 2001",Georgia,Napoli,"29,615",2027,0.25,0.29,3.58,0.18,0.21,0.5,5.07,42.24,80.3,3.46,6.13,3.33,6.08,9.13,1.24,0.43,0.63,0.28,0.35,,,,,,,,,,,,,,,,,,,,
Alex Meret,GK,,Left,185cm,77kg,"March 22, 1997",Italy,Napoli,"53,462",2024,,,,,,,,,,,,,,,,,,,,-0.07,1.3,66.0,0.31,50.0,18.9,31.53,16.2,4.97,30.1,1.8,1.16,16.1,,,,,,,
Amir Rrahmani,DF,"(CB,",Right,190cm,74kg,"February 24, 1994",Kosovo,Napoli,"61,731",2027,0.08,0.07,0.78,0.0,0.04,0.1,1.19,78.82,90.4,4.56,0.84,0.27,1.32,0.19,1.03,0.81,0.78,3.4,2.89,,,,,,,,,,,,,,,,,,,,
Matteo Politano,FW-MF,"(AM,",Left,170cm,64kg,"August 3, 1993",Italy,Napoli,"114,038",2027,0.24,0.17,2.56,0.21,0.23,0.4,5.19,49.61,75.4,6.32,4.37,1.26,3.25,8.58,0.75,0.41,0.27,0.41,0.21,,,,,,,,,,,,,,,,,,,,
Piotr Zieliński,MF,(AM-CM-WM),Right,180cm,74kg,"May 20, 1994",Poland,Napoli,"124,615",2024,0.06,0.12,1.42,0.09,0.17,0.29,4.49,61.31,83.3,6.39,2.09,0.73,1.99,4.11,0.89,0.41,0.57,0.57,0.22,,,,,,,,,,,,,,,,,,,,
Juan Jesus,DF,"(CB-FB,",Left,185cm,83kg,"June 10, 1991",Brazil,Napoli,"35,577",2025,0.04,0.05,0.26,0.0,0.01,0.06,0.41,68.16,89.2,2.85,0.3,0.04,0.49,0.15,1.99,0.86,1.12,3.07,2.17,,,,,,,,,,,,,,,,,,,,
Victor Osimhen,FW,,Right,185cm,76kg,"December 29, 1998",Nigeria,Napoli,"246,538",2026,0.53,0.48,3.66,0.1,0.13,0.61,2.63,14.28,68.8,1.03,1.56,0.73,7.06,6.96,0.4,0.23,0.2,1.1,1.96,,,,,,,,,,,,,,,,,,,,
Giacomo Raspadori,FW-MF,,Right,172cm,66kg,"February 18, 2000",Italy,Napoli,"89,038",2028,0.28,0.24,3.46,0.23,0.23,0.47,4.3,39.56,75.7,3.74,1.73,0.84,5.0,7.71,1.12,0.19,0.89,0.47,0.42,,,,,,,,,,,,,,,,,,,,
Mário Rui,DF-MF,"(FB,",Left,170cm,67kg,"May 27, 1991",Portugal,Napoli,"64,038",2026,0.0,0.01,0.42,0.12,0.12,0.13,3.08,81.43,81.2,7.0,2.23,0.18,0.72,5.07,1.99,1.03,1.21,1.45,0.66,,,,,,,,,,,,,,,,,,,,
Natan,DF,"(CB,",Left,188cm,77kg,"February 6, 2001",Brazil,Napoli,"27,115",2028,0.0,0.04,0.51,0.06,0.05,0.09,1.03,64.92,86.6,3.53,1.67,0.26,0.77,0.83,1.54,0.83,1.67,3.34,2.69,,,,,,,,,,,,,,,,,,,,
Pierluigi Gollini,GK,,Right,188cm,79kg,"March 18, 1995",Italy,Napoli,"28,462",2024,,,,,,,,,,,,,,,,,,,,-0.1,1.2,67.6,0.3,,20.0,40.7,20.7,7.9,36.0,4.8,1.3,17.3,,,,,,,
Giovanni Simeone,FW,,Right,181cm,81kg,"July 5, 1995",Argentina,Napoli,"64,038",2026,0.32,0.54,4.76,0.11,0.11,0.65,3.81,21.89,72.9,1.37,1.16,0.85,6.77,8.67,1.37,0.21,0.95,0.74,2.54,,,,,,,,,,,,,,,,,,,,
Jens Cajuste,MF,,Right,188cm,77kg,"August 10, 1999",Sweden,Napoli,"29,615",2028,0.0,0.09,1.06,0.08,0.08,0.17,2.5,42.27,86.2,4.55,2.05,1.82,1.97,3.64,2.58,0.61,1.52,1.44,1.21,,,,,,,,,,,,,,,,,,,,
Hamed Junior Traorè,FW-MF,(AM),Right,177cm,68kg,"February 16, 2000",Côte,Napoli,"35,577",2024,0.0,0.15,2.24,0.0,0.17,0.34,4.29,45.37,80.7,6.16,2.43,1.87,2.8,4.85,0.37,0.75,1.68,0.19,0.75,,,,,,,,,,,,,,,,,,,,
Pasquale Mazzocchi,DF-MF,"(FB,",Right,183cm,78kg,"July 27, 1995",Italy,Napoli,"35,577",2027,0.0,0.03,0.68,0.13,0.06,0.09,1.75,48.07,74.8,2.86,2.73,1.83,1.07,4.26,1.58,0.3,0.81,2.17,0.85,,,,,,,,,,,,,,,,,,,,
Jesper Lindstrøm,FW-MF,(AM),Right,180cm,63kg,"February 29, 2000",Denmark,Napoli,"56,731",2028,0.0,0.14,2.39,0.0,0.13,0.28,3.65,42.26,78.1,2.95,3.79,1.83,4.21,8.14,2.25,0.56,1.12,0.56,0.14,,,,,,,,,,,,,,,,,,,,
Cyril Ngonge,FW-MF,,Left,179cm,73kg,"May 26, 2000",Belgium,Napoli,"29,615",2028,0.36,0.22,2.94,0.09,0.09,0.3,3.66,23.54,64.5,2.35,3.07,1.67,3.43,7.05,0.86,0.36,0.54,0.63,1.54,,,,,,,,,,,,,,,,,,,,
Gianluca Gaetano,MF,,Right,181cm,71kg,"May 5, 2000",Italy,Cagliari,"3,654",2025,0.59,0.21,2.82,0.0,0.11,0.32,4.35,34.12,77.2,3.76,2.47,1.06,2.71,5.06,1.41,0.59,0.82,0.94,0.59,,,,,,,,,,,,,,,,,,,,
Alessio Zerbin,FW,,Right,182cm,79kg,"March 3, 1999",Italy,AC Monza Brianza 1912,"6,346",2027,0.0,0.08,1.36,0.14,0.19,0.26,3.68,38.86,78.2,2.32,3.41,1.91,3.14,7.91,2.45,0.68,1.91,0.41,0.27,,,,,,,,,,,,,,,,,,,,
Diego Demme,DF-MF,(CM-DM),Right,170cm,66kg,"November 21, 1991",Germany,Napoli,"61,731",2024,,,,,,,,,,,,,,,,,,,,,,,,,,,,,,,,,,,,,,,
Alessandro Zanoli,DF,,Right,188cm,76kg,"October 3, 2000",Italy,Salernitana,"14,231",2026,0.07,0.09,0.48,0.21,0.12,0.21,1.73,42.16,77.0,2.63,2.7,0.9,1.32,4.43,1.94,0.55,1.04,1.87,0.42,,,,,,,,,,,,,,,,,,,,
Leander Dendoncker,DF-MF,(CB-CM-DM),Right,178cm,83kg,"April 15, 1995",Belgium,Napoli,"106,923",2024,,,,,,,,,,,,,,,,,,,,,,,,,,,,,,,,,,,,,,,
Hubert Idasiak,GK,,Right,185cm,73kg,"February 3, 2002",Poland,Napoli,,,,,,,,,,,,,,,,,,,,,,,,,,,,,,,,,,,,,,,,,
Pietro Terracciano,GK,,Right,193cm,78kg,"March 8, 1990",Italy,Fiorentina,"28,462",2025,,,,,,,,,,,,,,,,,,,,0.18,1.06,78.5,0.25,20.0,25.0,40.31,30.1,5.06,39.3,2.2,0.78,15.3,,,,,,,
Giacomo Bonaventura,MF,(AM-CM-WM),Right,180cm,74kg,"August 22, 1989",Italy,Fiorentina,"53,462",2024,0.32,0.19,1.93,0.16,0.18,0.37,3.42,45.81,82.2,5.64,2.7,1.29,2.86,4.19,1.13,0.6,0.64,0.44,0.52,,,,,,,,,,,,,,,,,,,,
Nikola Milenković,DF,"(CB,",Right,195cm,92kg,"October 12, 1997",Serbia,Fiorentina,"106,923",2027,0.0,0.02,0.51,0.0,0.03,0.05,0.69,56.64,85.0,2.78,0.29,0.07,1.19,0.36,1.63,0.94,0.8,3.47,3.9,,,,,,,,,,,,,,,,,,,,
Lucas Martínez Quarta,DF-MF,(CB),Right,181cm,74kg,"May 10, 1996",Argentina,Fiorentina,"24,615",2025,0.16,0.09,0.84,0.0,0.02,0.12,1.49,65.38,81.5,6.47,0.56,0.52,1.41,0.52,2.77,1.41,1.69,2.57,2.09,,,,,,,,,,,,,,,,,,,,
Alfred Duncan,MF,(CM-WM),Left,178cm,78kg,"March 10, 1993",Ghana,Fiorentina,"46,346",2024,0.13,0.06,1.11,0.21,0.1,0.16,3.15,47.07,78.0,6.1,1.15,0.94,0.81,2.09,1.49,0.55,1.11,0.51,1.07,,,,,,,,,,,,,,,,,,,,
Arthur Melo,MF,(CM-DM),Right,172cm,68kg,"August 12, 1996",Brazil,Fiorentina,"61,731",2026,0.0,0.01,0.37,0.05,0.08,0.09,3.06,67.17,91.1,5.69,0.9,0.37,0.32,1.21,2.06,0.79,1.42,0.32,0.32,,,,,,,,,,,,,,,,,,,,
,,,,,,,,,,,0.05,0.03,0.3,0.05,0.05,0.08,1.6,58.04,80.9,3.6,2.1,1.0,0.95,3.95,2.25,0.8,1.2,1.9,0.75,,,,,,,,,,,,,,,,,,,,
Luca Ranieri,DF,"(CB,",Left,187cm,73kg,"April 23, 1999",Italy,Fiorentina,"32,115",2026,0.09,0.04,0.47,0.05,0.02,0.07,1.03,60.74,84.6,4.18,0.8,0.09,0.75,0.23,0.52,1.5,1.17,2.72,1.6,,,,,,,,,,,,,,,,,,,,
,,,,,,,,,,,0.56,0.3,2.29,0.14,0.16,0.46,3.97,26.9,72.9,2.66,1.45,0.89,5.18,7.38,1.26,0.33,0.89,0.23,1.17,,,,,,,,,,,,,,,,,,,,
Nicolás González,FW-MF,(AM),Left,180cm,72kg,"April 6, 1998",Argentina,Fiorentina,"74,038",2028,0.38,0.32,3.99,0.1,0.08,0.39,3.28,36.78,70.2,4.56,2.57,1.62,6.08,9.03,1.47,0.52,1.14,0.38,3.23,,,,,,,,,,,,,,,,,,,,
Rolando Mandragora,MF,(CM-DM),Left,183cm,76kg,"June 29, 1997",Italy,Fiorentina,"56,923",2026,0.16,0.15,1.65,0.21,0.14,0.29,2.29,42.34,80.2,5.53,0.37,0.32,1.22,1.49,1.54,0.59,0.9,0.8,1.7,,,,,,,,,,,,,,,,,,,,
Fabiano Parisi,DF,"(FB,",Left,178cm,72kg,"November 9, 2000",Italy,Fiorentina,"53,462",2028,0.0,0.06,0.83,0.06,0.12,0.18,2.05,58.26,81.9,4.26,2.99,1.55,1.66,3.49,1.99,1.33,1.44,2.22,1.66,,,,,,,,,,,,,,,,,,,,
M'Bala Nzola,FW-MF,,Left,185cm,79kg,"August 18, 1996",Angola,Fiorentina,"53,462",2027,0.05,0.23,1.83,0.1,0.08,0.31,2.52,21.02,82.8,1.52,1.52,0.89,5.4,8.39,0.47,0.05,0.52,1.05,2.88,,,,,,,,,,,,,,,,,,,,
Riccardo Sottil,FW-MF,,Right,180cm,73kg,"June 3, 1999",Italy,Fiorentina,"21,346",2026,0.07,0.17,2.51,0.07,0.08,0.25,3.15,30.96,78.2,2.08,5.52,1.5,5.16,10.89,0.93,0.14,0.93,0.14,0.5,,,,,,,,,,,,,,,,,,,,
Christian Kouamé,FW-MF,,Right,185cm,78kg,"December 6, 1997",Côte,Fiorentina,"42,692",2024,0.24,0.21,2.13,0.16,0.18,0.39,3.39,36.16,71.4,3.63,0.95,0.95,3.79,8.21,0.95,0.0,1.11,1.03,4.82,,,,,,,,,,,,,,,,,,,,
Dodô,DF,"(FB,",Right,166cm,68kg,"November 17, 1998",Brazil,Fiorentina,"36,923",2027,0.14,0.03,0.27,0.14,0.18,0.2,2.03,55.98,81.6,6.37,3.93,1.36,0.54,2.98,1.49,0.81,0.95,1.22,0.54,,,,,,,,,,,,,,,,,,,,
Antonín Barák,MF,(AM-CM),Left,190cm,86kg,"December 3, 1994",Czech,Fiorentina,"53,462",2026,0.12,0.12,1.52,0.0,0.04,0.15,2.45,36.94,82.9,3.04,1.99,0.94,3.51,6.66,0.58,0.23,0.94,0.58,1.17,,,,,,,,,,,,,,,,,,,,
Davide Faraoni,DF-MF,"(CB-DM-FB,",Right,180cm,71kg,"October 25, 1991",Italy,Fiorentina,"17,885",2024,0.07,0.08,1.05,0.14,0.06,0.15,2.31,44.69,74.6,3.57,1.61,0.56,1.4,3.5,2.17,1.05,1.19,2.87,0.91,,,,,,,,,,,,,,,,,,,,
Oliver Christensen,GK,,Right,190cm,82kg,"March 22, 1999",Denmark,Fiorentina,"12,308",2028,,,,,,,,,,,,,,,,,,,,0.07,1.0,66.7,0.36,,16.7,35.83,36.9,5.83,39.4,6.9,1.67,15.4,,,,,,,
Gaetano Castrovilli,MF,(CM-WM),Right,187cm,78kg,"February 17, 1997",Italy,Fiorentina,"49,808",2024,,,,,,,,,,,,,,,,,,,,,,,,,,,,,,,,,,,,,,,
Gino Infantino,MF,,,Born:,May,National Team: Argentina,Fiorentina,"€ 8,654 Weekly Expires June 2028. Via Capology.",,,,,,,,,,,,,,,,,,,,,,,,,,,,,,,,,,,,,,,,,
Yerry Mina,DF,(CB),Right,195cm,74kg,"September 23, 1994",Colombia,Cagliari,"36,923",2024,0.07,0.09,0.5,0.0,0.01,0.1,0.78,42.86,82.7,1.64,0.14,0.14,1.21,0.21,1.43,0.5,1.78,5.35,2.64,,,,,,,,,,,,,,,,,,,,
,,,,,,,,,,,,,,,,,,,,,,,,,,,,,,,,,,,,,,,,,,,,,,,,,
Tommaso Martinelli,GK,,,195cm,84kg,"January 6, 2006",Italy,Fiorentina,,,,,,,,,,,,,,,,,,,,,,,,,,,,,,,,,,,,,,,,,
,,,,,,,,,,,0.0,0.02,0.32,0.0,0.0,0.02,0.81,35.77,74.2,1.62,0.49,0.16,0.81,2.91,1.94,1.78,2.59,3.56,1.3,,,,,,,,,,,,,,,,,,,,
,,,,,,,,,,,,,,,,,,,,,,,,,,,,,,,,,,,,,,,,,,,,,,,,,
Vanja Milinković-Savić,GK,,Right,202cm,92kg,"February 20, 1997",Serbia,Torino,"25,000",2026,,,,,,,,,,,,,,,,,,,,0.05,0.82,80.3,0.21,0.0,51.3,45.9,44.6,6.59,67.6,10.2,1.1,13.9,,,,,,,
Raoul Bellanova,DF-MF,,Right,185cm,83kg,"May 17, 2000",Italy,Torino,"42,692",2027,0.03,0.06,0.96,0.19,0.15,0.21,2.69,46.18,77.9,2.82,4.09,1.27,1.89,5.94,1.11,0.46,0.62,1.02,0.93,,,,,,,,,,,,,,,,,,,,
Nikola Vlašić,FW-MF,(AM),Right,178cm,76kg,"October 4, 1997",Croatia,Torino,"49,231",2027,0.12,0.08,1.55,0.15,0.12,0.2,3.45,33.78,79.8,4.96,2.56,0.98,3.0,6.27,0.92,0.39,0.95,0.59,0.86,,,,,,,,,,,,,,,,,,,,
Alessandro Buongiorno,DF,(CB),Left,192cm,84kg,"June 6, 1999",Italy,Torino,"28,462",2028,0.13,0.07,0.51,0.03,0.01,0.08,0.8,45.26,85.0,2.21,0.48,0.06,0.83,0.35,2.21,2.37,0.83,4.39,3.14,,,,,,,,,,,,,,,,,,,,
Samuele Ricci,MF,(CM-DM),Right,186cm,58kg,"August 21, 2001",Italy,Torino,"35,577",2026,0.07,0.08,1.3,0.07,0.08,0.16,2.06,50.91,85.3,4.7,1.95,0.36,1.19,2.64,1.26,0.76,0.72,1.01,0.65,,,,,,,,,,,,,,,,,,,,
Antonio Sanabria,FW,,Right,180cm,76kg,"March 4, 1996",Paraguay,Torino,"56,923",2026,0.22,0.34,2.38,0.07,0.07,0.4,1.72,26.55,78.1,2.27,0.95,0.73,3.95,5.19,0.69,0.22,0.29,0.44,2.85,,,,,,,,,,,,,,,,,,,,
Valentino Lazaro,DF-FW-MF,(AM-WM),Right,180cm,73kg,"March 24, 1996",Austria,Torino,"36,923",2027,0.0,0.07,0.69,0.09,0.1,0.17,2.55,51.08,76.4,4.42,2.47,0.82,1.43,4.76,0.65,0.39,0.56,1.47,0.74,,,,,,,,,,,,,,,,,,,,
Ivan Ilić,MF,"(CM-DM,",Left,182cm,77kg,"March 17, 2001",Serbia,Torino,"29,615",2027,0.12,0.04,0.8,0.12,0.22,0.26,3.52,60.35,83.0,6.08,2.44,0.72,0.96,2.24,1.16,0.68,0.72,1.08,0.72,,,,,,,,,,,,,,,,,,,,
Mërgim Vojvoda,DF-MF,(DM-FB),Right,187cm,71kg,"February 1, 1995",Kosovo,Torino,"17,308",2025,0.0,0.04,0.88,0.24,0.16,0.2,2.94,62.14,78.9,6.64,2.23,0.47,1.23,4.82,0.94,0.59,0.94,1.88,0.29,,,,,,,,,,,,,,,,,,,,
Adam Masina,DF,"(FB,",Left,189cm,78kg,"January 2, 1994",Morocco,Torino,"22,115",2024,0.09,0.03,0.54,0.0,0.02,0.04,1.08,56.56,81.0,3.68,0.27,0.36,0.63,0.81,1.88,0.72,1.52,2.78,2.87,,,,,,,,,,,,,,,,,,,,
Demba Seck,FW,,Left,190cm,76kg,"February 10, 2001",Senegal,Frosinone,"14,231",2024,0.0,0.18,1.92,0.0,0.09,0.27,2.77,26.2,77.6,2.77,4.79,1.49,3.83,5.86,1.28,0.21,0.43,0.11,1.07,,,,,,,,,,,,,,,,,,,,
Matteo Lovato,DF,(CB),Right,188cm,78kg,"February 14, 2000",Italy,Torino,"17,885",2027,0.0,0.01,0.11,0.0,0.01,0.01,0.63,38.38,83.0,1.88,0.06,0.0,0.34,0.06,2.46,1.94,1.14,3.48,1.77,,,,,,,,,,,,,,,,,,,,
David Okereke,FW,,Right,182cm,78kg,"August 29, 1997",Nigeria,Torino,"14,808",2024,0.27,0.24,2.44,0.0,0.03,0.27,1.49,22.77,75.6,1.76,2.44,1.49,3.8,5.96,0.54,0.68,0.54,0.14,2.3,,,,,,,,,,,,,,,,,,,,
Luca Gemello,GK,,,185cm,79kg,"July 3, 2000",Italy,Torino,"3,269",2024,,,,,,,,,,,,,,,,,,,,,,,,,,,,,,,,,,,,,,,
Pietro Passador,GK,,,Born:,February,Italy it,Torino,"€ 3,269 Weekly Expires June 2024. Via Capology.",,,,,,,,,,,,,,,,,,,,,,,,,,,,,,,,,,,,,,,,,
Mihai Popa,GK,,Right,190cm,82kg,"October 12, 2000",Romania,Torino,,,,,,,,,,,,,,,,,,,,,,,,,,,,,,,,,,,,,,,,,
Andrea Colpani,MF,,Left,186cm,74kg,"May 11, 1999",Italy,AC Monza Brianza 1912,"17,885",2028,0.32,0.17,2.12,0.18,0.17,0.33,3.88,33.71,76.0,4.06,3.2,0.93,2.8,6.57,0.75,0.47,0.39,0.54,0.32,,,,,,,,,,,,,,,,,,,,
Michele Di Gregorio,GK,,Right,187cm,81kg,"July 27, 1997",Italy,AC Monza Brianza 1912,"25,000",2027,,,,,,,,,,,,,,,,,,,,0.25,1.09,80.7,0.23,28.6,40.0,45.72,27.6,7.32,43.3,3.5,0.72,12.3,,,,,,,
Roberto Gagliardini,MF,(CM-DM),Right,188cm,77kg,"April 7, 1994",Italy,AC Monza Brianza 1912,"53,462",2024,0.04,0.11,1.34,0.07,0.06,0.17,1.96,54.04,90.2,4.29,1.42,0.29,1.6,1.2,2.11,1.23,1.42,1.6,1.56,,,,,,,,,,,,,,,,,,,,
Pablo Marí,DF,(CB),Left,191cm,77kg,"August 31, 1993",Spain,AC Monza Brianza 1912,"39,423",2026,0.0,0.01,0.2,0.0,0.02,0.03,0.65,57.83,90.4,2.12,0.07,0.14,0.55,0.07,1.57,1.33,1.26,4.06,1.71,,,,,,,,,,,,,,,,,,,,
Luca Caldirola,DF,"(CB,",Left,189cm,74kg,"February 1, 1991",Italy,AC Monza Brianza 1912,"24,231",2024,0.07,0.02,0.35,0.04,0.02,0.04,0.56,57.3,90.4,2.31,0.39,0.07,0.56,0.35,0.98,1.23,1.26,2.38,1.16,,,,,,,,,,,,,,,,,,,,
Samuele Birindelli,DF-MF,"(FB,",Right,176cm,68kg,"July 19, 1999",Italy,AC Monza Brianza 1912,"15,962",2026,0.0,0.05,1.09,0.09,0.15,0.2,2.08,49.46,81.2,2.93,2.79,0.61,2.03,6.0,1.65,0.9,1.56,1.98,0.38,,,,,,,,,,,,,,,,,,,,
Andrea Carboni,DF,"(CB,",Left,185cm,79kg,"February 4, 2001",Italy,AC Monza Brianza 1912,"17,885",2027,0.06,0.07,1.09,0.0,0.03,0.1,1.03,59.07,85.3,2.78,0.79,0.18,1.57,1.33,2.3,1.03,1.39,3.39,1.27,,,,,,,,,,,,,,,,,,,,
Danilo D'Ambrosio,DF,"(CB-FB,",Right,180cm,74kg,"September 9, 1988",Italy,AC Monza Brianza 1912,"35,577",2024,0.0,0.04,0.77,0.05,0.01,0.06,1.03,66.09,89.5,3.56,0.67,0.31,1.24,1.39,3.1,0.62,1.19,1.91,1.29,,,,,,,,,,,,,,,,,,,,
Armando Izzo,DF,"(CB,",Right,183cm,76kg,"March 2, 1992",Italy,AC Monza Brianza 1912,"60,577",2026,0.0,0.05,0.34,0.0,0.03,0.08,1.03,62.92,91.1,3.08,0.54,0.29,1.03,0.49,1.81,1.47,1.17,2.93,0.88,,,,,,,,,,,,,,,,,,,,
Warren Bondo,MF,,Right,177cm,63kg,"September 15, 2003",France,AC Monza Brianza 1912,"7,308",2027,0.08,0.05,0.8,0.08,0.01,0.06,1.85,36.96,89.1,2.65,1.93,0.64,0.56,0.72,2.01,0.48,0.8,0.96,0.64,,,,,,,,,,,,,,,,,,,,
Pedro Pereira,DF-MF,"(WM,",Right,174cm,69kg,"January 22, 1998",Portugal,AC Monza Brianza 1912,"7,308",2025,0.0,0.02,0.37,0.25,0.07,0.1,2.47,54.32,78.4,4.32,2.1,0.49,1.48,7.78,1.48,0.49,1.85,1.98,0.49,,,,,,,,,,,,,,,,,,,,
Alessandro Sorrentino,GK,,,181cm,78kg,"April 3, 2002",Italy,AC Monza Brianza 1912,"3,269",2027,,,,,,,,,,,,,,,,,,,,,,,,,,,,,,,,,,,,,,,
Samuele Vignato,MF,,,172cm,58kg,"February 24, 2004",Italy,AC Monza Brianza 1912,"3,269",2025,,,,,,,,,,,,,,,,,,,,,,,,,,,,,,,,,,,,,,,
Daniel Maldini,MF,,Right,186cm,77kg,"October 11, 2001",Italy,AC Monza Brianza 1912,"10,769",2024,0.63,0.25,3.3,0.16,0.17,0.42,3.93,28.9,77.2,2.98,3.14,2.36,2.98,4.71,1.1,0.63,1.1,0.47,1.26,,,,,,,,,,,,,,,,,,,,
Giulio Donati,DF,"(FB,",Right,179cm,78kg,"February 5, 1990",Italy,AC Monza Brianza 1912,"6,346",2024,,,,,,,,,,,,,,,,,,,,,,,,,,,,,,,,,,,,,,,
,,,,,,,,,,,,,,,,,,,,,,,,,,,,,,,,,,,,,,,,,,,,,,,,,
Davide Bettella,DF,(CB),,180cm,(5-11),"April 7, 2000",Italy,AC Monza Brianza 1912,"6,731",2025,,,,,,,,,,,,,,,,,,,,,,,,,,,,,,,,,,,,,,,
Stefano Gori,GK,,Right,185cm,73kg,"March 9, 1996",Italy,AC Monza Brianza 1912,"8,846",2024,,,,,,,,,,,,,,,,,,,,,,,,,,,,,,,,,,,,,,,
Morten Frendrup,MF,(CM),Right,178cm,71kg,"April 7, 2001",Denmark,Genoa,"19,808",2028,0.03,0.05,0.77,0.13,0.03,0.08,1.64,34.92,79.0,3.14,1.03,0.47,1.14,1.87,4.07,1.4,1.7,1.17,1.0,,,,,,,,,,,,,,,,,,,,
Johan Vásquez,DF,(CB),Left,182cm,72kg,"October 22, 1998",Mexico,Genoa,"19,808",2027,0.06,0.06,1.03,0.0,0.02,0.08,1.18,42.43,77.2,2.24,0.82,0.39,1.85,1.51,1.7,1.64,1.61,3.54,2.24,,,,,,,,,,,,,,,,,,,,
Stefano Sabelli,DF-MF,"(FB,",Right,180cm,73kg,"January 13, 1993",Italy,Genoa,"9,615",2025,0.0,0.03,0.32,0.0,0.07,0.1,2.15,35.94,61.9,3.27,2.67,0.28,0.64,3.71,1.87,0.92,1.04,1.24,0.56,,,,,,,,,,,,,,,,,,,,
Koni De Winter,DF,,Right,188cm,73kg,"June 12, 2002",Belgium,Genoa,"14,231",2024,0.0,0.03,0.4,0.04,0.04,0.08,0.8,45.49,87.8,2.5,0.94,0.22,0.89,0.67,1.74,0.89,1.2,3.03,2.09,,,,,,,,,,,,,,,,,,,,
Mateo Retegui,FW,,,Born:,April,Team: Italy it,Genoa,"€ 44,423 Weekly Expires June 2028. Via Capology.",,,0.29,0.23,2.66,0.1,0.03,0.27,1.26,17.48,64.5,0.73,0.77,0.48,4.16,4.84,0.68,0.0,0.68,1.11,2.57,,,,,,,,,,,,,,,,,,,,
Kevin Strootman,MF,(CM-DM),Left,186cm,78kg,"February 13, 1990",Netherlands,Genoa,"49,231",2024,0.0,0.01,0.08,0.17,0.11,0.12,2.92,50.83,81.6,4.58,1.0,0.25,0.58,1.5,2.75,0.33,1.58,1.67,0.5,,,,,,,,,,,,,,,,,,,,
Aarón Martín,DF-MF,"(FB,",Left,180cm,72kg,"April 22, 1997",Spain,Genoa,"24,615",2026,0.07,0.01,0.43,0.0,0.11,0.12,1.92,40.8,66.5,1.85,1.28,0.43,0.64,4.13,1.64,0.57,1.07,1.0,0.28,,,,,,,,,,,,,,,,,,,,
Alessandro Vogliacco,DF,(CB),,Born:,September,National Team: Italy,Genoa,"€ 3,654 Weekly Expires June 2026. Via Capology.",,,0.0,0.05,0.46,0.0,0.02,0.07,1.62,47.95,76.6,3.7,0.69,0.35,0.92,1.16,1.96,2.66,1.5,2.54,2.31,,,,,,,,,,,,,,,,,,,,
Caleb Ekuban,FW-MF,(AM),Right,182cm,79kg,"March 23, 1994",Ghana,Genoa,"24,615",2024,0.29,0.26,2.45,0.1,0.13,0.4,3.03,16.92,67.6,1.08,1.17,0.88,4.4,7.53,0.68,0.1,1.08,0.59,2.74,,,,,,,,,,,,,,,,,,,,
Ridgeciano Haps,DF-MF,"(FB,",Left,175cm,66kg,"June 12, 1993",Suriname,Genoa,"61,731",2024,0.0,0.01,0.37,0.12,0.09,0.1,0.74,24.69,73.0,1.6,1.6,0.37,1.85,4.81,0.74,0.74,0.37,1.36,1.11,,,,,,,,,,,,,,,,,,,,
Djed Spence,DF-MF,"(FB,",Right,183cm,77kg,"August 9, 2000",England,Genoa,"47,000",2024,0.0,0.03,0.31,0.0,0.03,0.05,1.4,32.33,78.8,2.64,1.87,1.09,1.71,2.49,1.4,0.93,2.33,2.64,1.09,,,,,,,,,,,,,,,,,,,,
Morten Thorsby,MF,(CM),Right,186cm,72kg,"May 5, 1996",Norway,Genoa,"20,000",2024,0.1,0.16,0.73,0.1,0.08,0.24,0.94,26.3,57.8,2.51,0.31,0.42,1.05,2.93,1.68,0.52,1.78,1.68,5.03,,,,,,,,,,,,,,,,,,,,
Nicola Leali,GK,,Right,192cm,87kg,"February 17, 1993",Italy,Genoa,"8,846",2026,,,,,,,,,,,,,,,,,,,,,,,,,,,,,,,,,,,,,,,
Emil Bohinen,MF,(CM),Left,185cm,73kg,"March 12, 1999",Norway,Genoa,"19,231",2026,0.0,0.02,0.66,0.0,0.05,0.07,2.41,54.48,79.9,3.95,1.32,1.1,0.66,1.97,1.53,2.19,2.08,1.53,2.08,,,,,,,,,,,,,,,,,,,,
,,,,,,,,,,,,,,,,,,,,,,,,,,,,,,,,,,,,,,,,,,,,,,,,,
Daniele Sommariva,GK,,Right,186cm,76kg,"July 18, 1997",Italy,Genoa,"5,000",2025,,,,,,,,,,,,,,,,,,,,,,,,,,,,,,,,,,,,,,,
Wladimiro Falcone,GK,,Right,195cm,84kg,"April 12, 1995",Italy,Lecce,"21,346",2028,,,,,,,,,,,,,,,,,,,,-0.03,1.4,70.5,0.28,33.3,22.5,32.48,45.8,6.93,40.3,3.4,0.68,12.4,,,,,,,
Federico Baschirotto,DF,(CB),Right,184cm,77kg,"September 20, 1996",Italy,Lecce,"21,346",2026,0.0,0.04,0.52,0.03,0.02,0.06,0.7,45.52,82.0,2.62,0.67,0.05,0.75,0.16,0.62,0.62,1.17,4.2,2.49,,,,,,,,,,,,,,,,,,,,
Valentin Gendrey,DF,"(FB,",Right,179cm,74kg,"June 21, 2000",France,Lecce,"12,308",2026,0.06,0.04,0.48,0.11,0.05,0.09,1.71,39.73,74.7,3.3,1.96,0.4,1.11,2.42,1.79,1.02,0.99,3.15,1.56,,,,,,,,,,,,,,,,,,,,
Ylber Ramadani,MF,(CM-DM),Right,183cm,67kg,"April 12, 1996",Albania,Lecce,"11,154",2026,0.03,0.03,1.06,0.0,0.02,0.05,1.71,36.93,78.8,3.75,1.06,0.68,0.17,0.41,2.08,1.43,1.77,1.43,0.82,,,,,,,,,,,,,,,,,,,,
Antonino Gallo,DF,"(FB,",Left,183cm,68kg,"January 5, 2000",Italy,Lecce,"18,462",2026,0.0,0.01,0.45,0.1,0.15,0.17,2.65,47.82,70.4,4.56,2.23,0.49,0.59,3.1,1.53,0.8,1.29,2.79,0.7,,,,,,,,,,,,,,,,,,,,
Pontus Almqvist,FW-MF,,Left,178cm,67kg,"July 10, 1999",Sweden,Lecce,"14,808",2024,0.09,0.11,1.86,0.0,0.08,0.19,2.69,20.38,73.8,1.35,3.2,1.62,3.34,5.8,1.72,0.6,0.97,0.46,0.56,,,,,,,,,,,,,,,,,,,,
Hamza Rafia,MF,,Right,178cm,73kg,"April 2, 1999",Tunisia,Lecce,"7,885",2026,0.09,0.06,1.2,0.0,0.05,0.11,2.15,36.15,70.5,3.01,1.12,0.69,0.94,2.75,2.66,0.77,1.63,0.69,0.69,,,,,,,,,,,,,,,,,,,,
,,,,,,,,,,,0.15,0.12,1.03,0.0,0.11,0.24,2.64,46.58,79.7,3.16,2.42,1.1,1.91,5.14,2.57,0.66,1.03,2.79,1.54,,,,,,,,,,,,,,,,,,,,
Roberto Piccoli,FW,,Right,190cm,83kg,"January 27, 2001",Italy,Lecce,"10,769",2024,0.4,0.36,3.44,0.0,0.07,0.42,2.25,16.08,59.3,1.32,1.59,0.93,4.43,4.17,0.73,0.2,1.06,0.99,3.51,,,,,,,,,,,,,,,,,,,,
Nicola Sansone,FW-MF,,Right,175cm,73kg,"September 10, 1991",Italy,Lecce,"19,231",2025,0.35,0.34,2.7,0.35,0.18,0.52,5.4,31.56,74.3,3.52,1.76,1.06,3.05,8.1,1.29,0.47,0.82,0.7,0.82,,,,,,,,,,,,,,,,,,,,
Lorenzo Venuti,DF-MF,"(FB,",Right,176cm,66kg,"April 12, 1995",Italy,Lecce,"14,231",2025,0.0,0.03,0.75,0.0,0.06,0.07,1.94,50.53,78.4,2.24,1.35,0.6,0.75,4.34,1.2,0.9,1.2,2.09,0.45,,,,,,,,,,,,,,,,,,,,
Ahmed Touba,DF,"(CB,",Right,184cm,78kg,"March 12, 1998",Algeria,Lecce,"5,385",2024,,,,,,,,,,,,,,,,,,,,,,,,,,,,,,,,,,,,,,,
Santiago Pierotti,FW-MF,,,Born:,April,Argentina ar,Lecce,"€ 10,769 Weekly Expires June 2027. Via Capology.",,,0.0,0.07,1.16,0.0,0.05,0.12,1.96,22.52,64.0,1.6,3.56,2.67,3.65,6.5,1.96,0.18,1.87,0.71,2.14,,,,,,,,,,,,,,,,,,,,
Medon Berisha,FW,,,186cm,81kg,"October 21, 2003",Albania,Lecce,,,,,,,,,,,,,,,,,,,,,,,,,,,,,,,,,,,,,,,,,
Alexandru Borbei,GK,,,183cm,(6-0),"June 27, 2003",Romania,Lecce,"2,308",2025,,,,,,,,,,,,,,,,,,,,,,,,,,,,,,,,,,,,,,,
Federico Brancolini,GK,,Right,192cm,86kg,"July 14, 2001",Italy,Lecce,"3,269",2027,,,,,,,,,,,,,,,,,,,,,,,,,,,,,,,,,,,,,,,
Youssef Maleh,MF,"(CM-DM-WM,",Left,177cm,69kg,"August 22, 1998",Morocco,Empoli,"25,000",2024,0.0,0.05,0.61,0.08,0.08,0.14,2.35,36.27,78.0,4.2,0.64,0.27,1.02,2.31,2.61,0.8,2.2,1.02,0.57,,,,,,,,,,,,,,,,,,,,
Daniel Samek,DF,,,184cm,79kg,"February 19, 2004",Czech,Lecce,,,,,,,,,,,,,,,,,,,,,,,,,,,,,,,,,,,,,,,,,
Jasper Samooja,GK,,,Born:,July,Finland fi,Lecce,"€ 2,308 Weekly Expires June 2026. Via Capology.",,,,,,,,,,,,,,,,,,,,,,,,,,,,,,,,,,,,,,,,,
Antoine Makoumbou,MF,(CM),Right,185cm,74kg,"July 18, 1998",Congo,Cagliari,"18,077",2026,0.03,0.02,0.24,0.0,0.03,0.05,1.72,40.9,87.9,4.62,1.27,0.69,0.34,1.76,1.31,0.52,0.79,0.86,0.38,,,,,,,,,,,,,,,,,,,,
Alberto Dossena,DF,(CB),,Born:,October,Italy it,Cagliari,"€ 14,231 Weekly Expires June 2027. Via Capology.",,,0.07,0.07,0.76,0.1,0.07,0.14,0.83,40.37,80.3,2.68,0.26,0.13,1.06,0.07,1.79,1.32,1.62,5.16,3.34,,,,,,,,,,,,,,,,,,,,
Simone Scuffet,GK,,Right,187cm,74kg,"May 31, 1996",Italy,Cagliari,"7,308",2026,,,,,,,,,,,,,,,,,,,,-0.22,1.69,61.7,0.32,0.0,7.7,33.08,42.5,8.0,46.3,4.0,0.73,12.5,,,,,,,
Nahitan Nández,DF-MF,"(AM-CM-DM-WM,",Right,172cm,69kg,"December 28, 1995",Uruguay,Cagliari,"39,423",2024,0.0,0.11,0.97,0.09,0.1,0.21,2.9,36.74,60.5,3.22,2.21,1.1,1.7,3.5,2.26,0.74,1.01,1.2,1.1,,,,,,,,,,,,,,,,,,,,
Tommaso Augello,DF-MF,"(FB,",Left,180cm,72kg,"August 30, 1994",Italy,Cagliari,"17,885",2025,0.03,0.03,0.36,0.03,0.09,0.12,2.32,49.53,69.7,3.58,2.32,0.7,0.43,3.78,0.93,0.7,0.7,3.22,1.13,,,,,,,,,,,,,,,,,,,,
Gabriele Zappa,DF-MF,"(FB,",Right,187cm,77kg,"December 22, 1999",Italy,Cagliari,"10,769",2025,0.04,0.05,0.65,0.08,0.1,0.16,2.17,49.4,72.9,3.56,1.35,0.29,1.19,3.15,1.84,0.78,1.06,2.66,0.61,,,,,,,,,,,,,,,,,,,,
,,,,,,,,,,,0.0,0.09,1.66,0.0,0.02,0.11,2.15,34.65,74.9,3.22,0.43,0.16,0.97,0.7,2.04,0.64,1.18,1.13,0.38,,,,,,,,,,,,,,,,,,,,
Alessandro Deiola,MF,(CM),Right,189cm,84kg,"August 1, 1995",Italy,Cagliari,"14,231",2025,0.0,0.1,1.26,0.0,0.04,0.13,1.41,28.79,70.3,3.72,0.45,0.22,1.19,1.12,1.93,0.52,0.89,1.93,2.08,,,,,,,,,,,,,,,,,,,,
Ibrahim Sulemana,MF,,Right,179cm,74kg,"May 22, 2003",Ghana,Cagliari,"10,000",2027,0.13,0.04,0.78,0.0,0.01,0.05,1.23,28.96,78.9,1.88,0.78,0.45,0.45,0.78,2.47,0.78,1.82,1.75,0.78,,,,,,,,,,,,,,,,,,,,
Jakub Jankto,MF,"(WM,",Left,184cm,72kg,"January 19, 1996",Czech,Cagliari,"35,577",2025,0.1,0.15,1.24,0.21,0.05,0.2,2.37,26.11,63.6,2.68,1.24,0.1,2.17,4.95,1.24,0.52,0.52,2.06,0.31,,,,,,,,,,,,,,,,,,,,
Pantelis Hatzidiakos,DF-MF,(CB),Right,181cm,69kg,"January 18, 1997",Greece,Cagliari,"18,462",2027,0.0,0.04,0.44,0.0,0.0,0.04,0.55,42.28,82.2,3.44,0.22,0.11,0.89,0.78,2.44,1.33,1.55,3.11,0.55,,,,,,,,,,,,,,,,,,,,
Gianluca Lapadula,FW,,Left,179cm,68kg,"February 7, 1990",Peru,Cagliari,"39,231",2025,0.2,0.32,2.54,0.1,0.07,0.38,2.25,13.01,70.7,0.29,0.49,0.29,4.79,4.89,0.1,0.2,0.2,0.49,1.27,,,,,,,,,,,,,,,,,,,,
Nicolas Viola,MF,(CM),Left,180cm,77kg,"October 12, 1989",Italy,Cagliari,"26,731",2024,0.41,0.19,2.72,0.16,0.25,0.44,4.86,43.56,63.7,4.28,1.73,1.24,2.31,5.35,1.07,0.16,0.66,0.41,1.32,,,,,,,,,,,,,,,,,,,,
Gaetano Oristanio,FW-MF,,,Born:,September,National Team: Italy,Cagliari,"€ 5,385 Weekly Expires June 2024. Via Capology.",,,0.17,0.13,1.72,0.09,0.09,0.22,3.02,19.66,68.4,2.16,2.07,2.59,3.02,5.86,1.64,0.78,0.78,0.69,1.38,,,,,,,,,,,,,,,,,,,,
Paulo Azzi,DF-FW,,Both,188cm,75kg,"July 15, 1994",Brazil,Cagliari,"17,885",2025,0.0,0.11,1.9,0.0,0.04,0.15,2.2,46.9,65.7,3.49,4.39,1.2,1.8,4.09,1.9,1.6,1.0,2.2,1.3,,,,,,,,,,,,,,,,,,,,
Mateusz Wieteska,DF,(CB),Right,187cm,77kg,"February 11, 1997",Poland,Cagliari,"12,308",2027,0.07,0.05,0.6,0.07,0.04,0.09,0.8,45.47,80.6,2.93,1.0,0.47,0.87,0.2,1.47,1.47,1.33,3.73,2.27,,,,,,,,,,,,,,,,,,,,
Eldor Shomurodov,FW,,Right,182cm,71kg,"June 29, 1995",Uzbekistan,Cagliari,"36,923",2026,0.26,0.3,1.8,0.34,0.22,0.52,2.66,22.91,66.3,1.63,1.2,1.03,4.46,5.23,0.94,0.43,0.43,0.26,1.8,,,,,,,,,,,,,,,,,,,,
Adam Obert,DF,,Left,186cm,76kg,"August 23, 2002",Slovakia,Cagliari,"14,231",2027,0.0,0.01,0.27,0.0,0.12,0.14,1.62,50.08,79.2,3.52,1.35,0.14,0.27,0.54,1.62,1.89,1.35,4.2,1.62,,,,,,,,,,,,,,,,,,,,
Boris Radunović,GK,,Right,194cm,84kg,"May 26, 1996",Serbia,Cagliari,"16,731",2025,,,,,,,,,,,,,,,,,,,,-0.13,1.71,55.6,0.38,,28.6,34.0,35.9,9.43,43.8,6.1,0.57,11.2,,,,,,,
Alessandro Di Pardo,DF,,Right,182cm,73kg,"July 18, 1999",Italy,Cagliari,"5,385",2026,,,,,,,,,,,,,,,,,,,,,,,,,,,,,,,,,,,,,,,
Simone Aresti,GK,,Right,190cm,72kg,"March 15, 1986",Italy,Cagliari,"5,385",2024,,,,,,,,,,,,,,,,,,,,,,,,,,,,,,,,,,,,,,,
Lorenzo Montipò,GK,,Right,191cm,83kg,"February 20, 1996",Italy,Verona,"9,615",2025,,,,,,,,,,,,,,,,,,,,-0.2,1.48,68.5,0.26,0.0,22.5,37.5,54.7,8.35,56.6,4.1,1.15,15.0,,,,,,,
Michael Folorunsho,FW-MF,,Right,Born:,February,Italy it,Verona,"€ 14,231 Weekly Expires June 2024. Via Capology.",,,0.14,0.11,1.49,0.04,0.05,0.16,1.46,26.28,62.0,1.64,1.88,0.71,1.6,3.63,1.71,0.6,1.56,1.53,2.35,,,,,,,,,,,,,,,,,,,,
Ondrej Duda,FW-MF,(AM-CM),Right,181cm,73kg,"December 5, 1994",Slovakia,Verona,"21,154",2026,0.04,0.06,0.91,0.16,0.12,0.18,3.39,44.35,76.0,4.02,1.38,0.83,0.71,1.85,2.17,0.83,1.06,0.79,0.24,,,,,,,,,,,,,,,,,,,,
Giangiacomo Magnani,DF,(CB),Right,191cm,84kg,"October 4, 1995",Italy,Verona,"21,346",2025,0.0,0.02,0.45,0.03,0.01,0.03,0.79,36.19,79.1,2.91,0.62,0.27,0.51,0.41,1.2,1.51,1.61,4.39,1.68,,,,,,,,,,,,,,,,,,,,
,,,,,,,,,,,0.0,0.0,0.0,0.13,0.08,0.08,1.88,42.19,75.7,3.0,1.63,0.31,0.44,3.63,2.13,1.06,1.0,2.69,0.63,,,,,,,,,,,,,,,,,,,,
Suat Serdar,MF,(AM-CM-DM),Right,183cm,74kg,"April 11, 1997",Germany,Verona,"39,423",2024,0.0,0.04,0.97,0.06,0.04,0.08,1.49,33.46,75.4,3.57,0.97,1.17,0.78,1.75,2.85,1.17,1.23,1.49,1.17,,,,,,,,,,,,,,,,,,,,
Diego Coppola,DF,,Right,192cm,82kg,"December 28, 2003",Italy,Verona,"8,846",2027,0.14,0.08,0.69,0.0,0.0,0.08,0.35,41.23,78.4,2.21,0.07,0.0,0.9,0.0,2.35,1.45,1.38,5.05,4.43,,,,,,,,,,,,,,,,,,,,
Tijjani Noslin,FW-MF,,,Born:,July,Netherlands nl,Verona,"€ 14,231 Weekly Expires June 2024. Via Capology.",,,0.3,0.15,2.13,0.2,0.1,0.25,3.54,21.36,67.3,1.42,1.82,0.61,3.04,6.18,0.91,0.1,1.11,1.11,3.34,,,,,,,,,,,,,,,,,,,,
Josh Doig,DF-MF,,Left,188cm,71kg,"May 18, 2002",Scotland,Sassuolo,"22,115",2024,0.0,0.02,0.61,0.0,0.06,0.08,1.41,39.7,71.5,2.17,2.17,0.61,0.96,2.37,1.77,0.76,1.87,2.12,1.01,,,,,,,,,,,,,,,,,,,,
Federico Bonazzoli,FW,,Left,182cm,78kg,"May 21, 1997",Italy,Verona,"42,692",2024,0.3,0.22,2.51,0.1,0.11,0.34,2.61,29.5,77.9,2.41,1.3,0.6,3.71,7.02,0.3,0.3,0.8,0.3,0.6,,,,,,,,,,,,,,,,,,,,
Fabien Centonze,DF-MF,"(FB,",Right,190cm,82kg,"January 16, 1996",France,Verona,"18,077",2027,0.0,0.02,0.3,0.1,0.13,0.14,1.82,45.61,69.0,2.62,2.52,1.41,1.01,4.14,2.22,1.61,1.51,2.83,1.41,,,,,,,,,,,,,,,,,,,,
Karol Świderski,FW-MF,,Left,184cm,73kg,"January 23, 1997",Poland,Verona,"46,346",2024,0.28,0.33,2.51,0.09,0.14,0.47,1.91,27.41,68.9,2.37,1.26,0.51,4.37,6.1,0.51,0.23,0.7,0.65,0.98,,,,,,,,,,,,,,,,,,,,
Thomas Henry,FW,,Right,192cm,86kg,"September 20, 1994",France,Verona,"19,808",2026,,,,,,,,,,,,,,,,,,,,,,,,,,,,,,,,,,,,,,,
,,,,,,,,,,,0.0,0.04,1.35,0.0,0.0,0.04,1.92,26.15,73.5,3.85,3.08,1.54,1.35,4.81,0.96,0.19,1.92,0.96,0.58,,,,,,,,,,,,,,,,,,,,
Rúben Vinagre,DF-MF,,Left,173cm,69kg,"April 9, 1999",Portugal,Verona,"28,462",2024,0.0,0.02,0.37,0.0,0.09,0.11,2.75,54.81,78.3,2.75,3.3,1.83,1.65,5.32,2.2,0.37,0.73,2.93,0.92,,,,,,,,,,,,,,,,,,,,
Elayis Tavsan,FW-MF,,Left,Born:,April,National Team: Netherlands,Verona,"€ 8,846 Weekly Expires June 2024. Via Capology.",,,0.28,0.2,2.4,0.0,0.04,0.24,2.82,26.94,79.1,2.4,4.8,1.83,5.36,10.86,1.27,0.42,1.13,0.85,0.28,,,,,,,,,,,,,,,,,,,,
Reda Belahyane,MF,,,164cm,49kg,"June 1, 2004",France,Verona,,,,,,,,,,,,,,,,,,,,,,,,,,,,,,,,,,,,,,,,,
,,,,,,,,,,,,,,,,,,,,,,,,,,,,,,,,,,,,,,,,,,,,,,,,,
Alessandro Berardi,GK,,Right,185cm,81kg,"January 16, 1991",Italy,Verona,"8,846",2025,,,,,,,,,,,,,,,,,,,,,,,,,,,,,,,,,,,,,,,
Mattia Chiesa,GK,,,190cm,76kg,"July 16, 2000",Italy,Verona,"5,385",2026,,,,,,,,,,,,,,,,,,,,,,,,,,,,,,,,,,,,,,,
,,,,,,,,,,,,,,,,,,,,,,,,,,,,,,,,,,,,,,,,,,,,,,,,,
Simone Perilli,GK,,,195cm,87kg,"January 7, 1995",Italy,Verona,"8,846",2024,,,,,,,,,,,,,,,,,,,,,,,,,,,,,,,,,,,,,,,
Nicolò Cambiaghi,FW-MF,,Both,173cm,64kg,"December 28, 2000",Italy,Empoli,"21,346",2024,0.12,0.14,2.48,0.03,0.1,0.24,3.26,25.24,70.4,2.2,4.59,1.18,3.85,6.92,1.8,0.53,1.05,0.31,0.25,,,,,,,,,,,,,,,,,,,,
Sebastian Walukiewicz,DF,(CB),Right,188cm,82kg,"April 5, 2000",Poland,Empoli,"7,308",2024,0.0,0.0,0.15,0.0,0.0,0.01,0.61,47.97,84.0,1.92,0.54,0.42,0.23,0.12,1.61,0.81,1.96,5.1,1.5,,,,,,,,,,,,,,,,,,,,
Ardian Ismajli,DF,"(CB,",Right,185cm,83kg,"September 30, 1996",Albania,Empoli,"32,115",2025,0.0,0.01,0.14,0.0,0.0,0.01,0.61,49.3,82.9,2.39,0.47,0.0,0.75,0.14,1.22,0.94,1.22,5.57,2.62,,,,,,,,,,,,,,,,,,,,
Elia Caprile,GK,,Right,191cm,74kg,"August 25, 2001",Italy,Empoli,"12,308",2024,,,,,,,,,,,,,,,,,,,,0.06,1.17,77.9,0.23,33.3,22.2,37.94,36.9,6.72,44.5,5.6,0.94,13.6,,,,,,,
Liberato Cacace,DF-MF,"(DM-FB,",Left,184cm,77kg,"September 27, 2000",New,Empoli,"5,577",2025,0.0,0.03,0.66,0.05,0.08,0.11,2.02,54.04,76.1,3.91,1.37,1.04,0.75,2.64,1.98,0.71,1.04,2.59,0.85,,,,,,,,,,,,,,,,,,,,
Răzvan Marin,MF,(CM-DM),Right,177cm,69kg,"May 23, 1996",Romania,Empoli,"24,615",2024,0.0,0.04,1.36,0.24,0.2,0.24,3.35,48.11,75.0,3.64,0.87,0.87,0.68,1.21,1.7,0.34,0.73,1.36,0.73,,,,,,,,,,,,,,,,,,,,
Bartosz Bereszyński,DF-FW,"(FB,",Right,182cm,78kg,"July 12, 1992",Poland,Empoli,"15,962",2024,0.0,0.0,0.12,0.12,0.03,0.03,1.17,47.52,79.3,3.99,1.23,0.7,0.18,1.41,1.82,1.11,1.23,2.7,1.11,,,,,,,,,,,,,,,,,,,,
Emmanuel Gyasi,DF-FW-MF,,Right,181cm,73kg,"January 11, 1994",Ghana,Empoli,"25,000",2025,0.09,0.19,0.97,0.04,0.05,0.24,1.72,26.32,78.2,2.21,0.97,0.09,1.94,3.67,1.46,0.22,1.15,1.1,0.62,,,,,,,,,,,,,,,,,,,,
Matteo Cancellieri,FW,,Left,173cm,62kg,"February 12, 2002",Italy,Empoli,"35,577",2024,0.18,0.2,1.98,0.12,0.13,0.33,2.88,20.03,57.5,1.32,2.7,1.92,4.02,6.9,1.86,0.36,1.02,1.08,1.62,,,,,,,,,,,,,,,,,,,,
Etrit Berisha,GK,,Left,194cm,92kg,"March 10, 1989",Albania,Empoli,"26,731",2024,,,,,,,,,,,,,,,,,,,,-0.24,1.79,68.9,0.24,33.3,28.6,38.0,34.8,6.43,40.8,4.7,0.71,12.4,,,,,,,
Francesco Caputo,FW,,Right,181cm,73kg,"August 6, 1987",Italy,Empoli,"28,462",2025,0.23,0.29,1.86,0.0,0.09,0.37,1.81,15.09,73.7,1.34,0.52,0.23,4.02,4.72,0.12,0.12,0.35,0.29,0.99,,,,,,,,,,,,,,,,,,,,
Jacopo Fazzini,MF,,Right,178cm,69kg,"March 16, 2003",Italy,Empoli,"3,269",2027,0.07,0.11,1.93,0.07,0.15,0.26,3.36,36.41,69.9,3.22,1.79,1.5,2.43,3.79,3.65,0.72,1.5,1.22,1.22,,,,,,,,,,,,,,,,,,,,
Szymon Żurkowski,MF,(CM-WM),Right,185cm,77kg,"September 25, 1997",Poland,Empoli,"32,115",2024,0.35,0.12,1.65,0.0,0.01,0.13,1.65,23.74,78.0,1.91,1.57,0.26,1.3,3.39,1.57,0.52,0.7,0.96,0.78,,,,,,,,,,,,,,,,,,,,
Giuseppe Pezzella,DF-MF,"(FB,",Left,185cm,81kg,"November 29, 1997",Italy,Empoli,"15,962",2026,0.0,0.02,0.42,0.0,0.04,0.06,2.0,51.49,75.8,4.54,4.33,0.84,0.84,4.22,2.11,0.21,1.48,2.64,1.06,,,,,,,,,,,,,,,,,,,,
Simone Bastoni,DF-MF,,Left,181cm,73kg,"November 5, 1996",Italy,Empoli,"3,654",2024,0.13,0.03,0.64,0.13,0.12,0.14,2.3,47.11,68.2,3.46,2.05,0.64,1.15,3.97,3.07,1.28,1.28,2.43,1.15,,,,,,,,,,,,,,,,,,,,
Viktor Kovalenko,MF,(AM),Right,182cm,74kg,"February 14, 1996",Ukraine,Empoli,"49,231",2024,0.14,0.25,1.79,0.14,0.14,0.4,2.47,37.65,73.4,3.3,0.96,0.27,2.2,4.12,0.69,0.27,1.51,0.96,1.37,,,,,,,,,,,,,,,,,,,,
M'Baye Niang,FW-MF,(WM),Right,184cm,74kg,"December 19, 1994",Senegal,Empoli,"23,077",2024,0.27,0.51,2.81,0.13,0.16,0.67,2.95,16.07,69.2,1.88,1.34,0.67,5.22,5.22,0.54,0.13,1.07,1.21,2.14,,,,,,,,,,,,,,,,,,,,
Mattia Destro,FW,,Right,181cm,72kg,"March 20, 1991",Italy,Empoli,"35,577",2024,,,,,,,,,,,,,,,,,,,,,,,,,,,,,,,,,,,,,,,
Samuele Perisan,GK,,Right,189cm,83kg,"August 21, 1997",Italy,Empoli,"7,115",2025,,,,,,,,,,,,,,,,,,,,,,,,,,,,,,,,,,,,,,,
,,,,,,,,,,,,,,,,,,,,,,,,,,,,,,,,,,,,,,,,,,,,,,,,,
Nehuén Pérez,DF,(CB),Right,184cm,78kg,"June 24, 2000",Argentina,Udinese,"15,962",2027,0.0,0.03,0.54,0.0,0.01,0.04,1.0,47.85,80.8,3.06,0.65,0.27,0.76,0.65,2.06,1.16,1.49,4.17,2.11,,,,,,,,,,,,,,,,,,,,
Walace,MF,(CM-DM),Right,188cm,74kg,"April 4, 1995",Brazil,Udinese,"19,808",2026,0.06,0.02,0.77,0.0,0.03,0.05,1.51,41.65,81.4,3.46,0.91,0.44,0.33,0.63,1.81,1.24,1.1,1.81,0.77,,,,,,,,,,,,,,,,,,,,
Lorenzo Lucca,FW,,Right,201cm,79kg,"September 10, 2000",Italy,Udinese,"8,846",2024,0.29,0.3,2.23,0.13,0.05,0.36,1.73,16.22,59.7,0.59,0.29,0.34,3.5,3.96,0.67,0.13,0.67,1.18,3.5,,,,,,,,,,,,,,,,,,,,
Hassane Kamara,DF-MF,"(DM-FB,",Left,166cm,62kg,"March 5, 1994",Côte,Udinese,"22,115",2026,0.05,0.1,1.2,0.05,0.15,0.25,2.3,33.34,74.5,3.34,2.72,1.15,1.41,3.92,1.72,1.2,1.31,2.82,0.73,,,,,,,,,,,,,,,,,,,,
Festy Ebosele,DF-MF,,Right,176cm,79kg,"August 2, 2002",Republic,Udinese,"4,423",2027,0.0,0.04,0.81,0.05,0.12,0.16,2.82,22.53,65.1,1.66,3.58,2.57,2.52,4.99,1.86,0.4,1.66,1.41,0.86,,,,,,,,,,,,,,,,,,,,
João Ferreira,DF,,Right,185cm,79kg,"March 22, 2001",Portugal,Udinese,"4,423",2024,0.0,0.01,0.16,0.05,0.05,0.05,1.75,42.53,76.3,3.01,1.04,0.93,0.55,2.3,2.69,1.53,1.26,4.55,0.99,,,,,,,,,,,,,,,,,,,,
,,,,,,,,,,,0.0,0.02,0.4,0.0,0.01,0.03,0.64,37.94,79.3,2.08,0.87,0.46,0.87,0.12,1.56,1.33,1.04,5.09,2.55,,,,,,,,,,,,,,,,,,,,
Jaka Bijol,DF-MF,(CB),Right,190cm,84kg,"February 5, 1999",Slovenia,Udinese,"19,808",2027,0.0,0.05,0.61,0.0,0.03,0.08,0.3,42.73,81.1,2.42,0.22,0.04,1.39,0.04,1.82,0.87,1.17,5.76,3.77,,,,,,,,,,,,,,,,,,,,
Marco Silvestri,GK,,Right,191cm,79kg,"March 2, 1991",Italy,Udinese,"35,577",2025,,,,,,,,,,,,,,,,,,,,0.0,1.54,68.8,0.31,0.0,20.8,31.63,31.3,7.08,37.1,1.8,0.5,12.9,,,,,,,
Martín Payero,MF,,Right,Born:,September,National Team: Argentina,Udinese,"€ 17,308 Weekly Expires June 2027. Via Capology.",,,0.07,0.09,2.13,0.07,0.05,0.14,2.93,27.13,75.2,3.8,2.53,1.4,1.33,3.53,2.0,0.93,1.13,0.93,1.07,,,,,,,,,,,,,,,,,,,,
Maduka Okoye,GK,,Right,197cm,92kg,"August 28, 1999",Nigeria,Udinese,"12,308",2027,,,,,,,,,,,,,,,,,,,,0.04,1.33,73.5,0.27,0.0,20.0,23.6,52.9,7.87,50.2,2.2,0.13,8.5,,,,,,,
Jordan Zemura,DF,"(FB,",Left,173cm,68kg,"November 14, 1999",Zimbabwe,Udinese,"9,808",2027,0.09,0.07,0.45,0.0,0.03,0.1,1.52,29.82,69.7,2.51,2.06,1.16,2.15,4.57,2.15,1.16,0.45,1.88,0.81,,,,,,,,,,,,,,,,,,,,
Christian Kabasele,DF,(CB),Right,187cm,82kg,"February 24, 1991",Belgium,Udinese,"32,115",2025,0.1,0.13,0.73,0.1,0.05,0.17,0.52,32.9,81.8,2.31,0.73,0.0,0.94,0.1,1.05,1.26,1.47,5.87,2.72,,,,,,,,,,,,,,,,,,,,
Isaac Success,FW-MF,,Right,182cm,86kg,"January 7, 1996",Nigeria,Udinese,"20,962",2025,0.0,0.19,1.75,0.12,0.12,0.32,2.92,20.1,61.0,1.52,1.64,1.75,2.81,5.38,0.7,0.12,0.7,1.17,3.04,,,,,,,,,,,,,,,,,,,,
Kingsley Ehizibue,DF-MF,"(FB,",Right,189cm,82kg,"May 25, 1995",Netherlands,Udinese,"17,308",2026,0.0,0.18,2.05,0.12,0.04,0.22,1.81,24.61,70.1,1.21,1.69,1.33,2.9,3.98,1.57,0.6,2.05,3.38,1.21,,,,,,,,,,,,,,,,,,,,
Oier Zarraga,MF,,Right,175cm,74kg,"January 4, 1999",Spain,Udinese,"8,654",2027,,,,,,,,,,,,,,,,,,,,,,,,,,,,,,,,,,,,,,,
Brenner,FW,,Right,190cm,69kg,"January 16, 2000",Brazil,Udinese,"18,462",2028,,,,,,,,,,,,,,,,,,,,,,,,,,,,,,,,,,,,,,,
Keinan Davis,FW,,Both,179cm,68kg,"February 13, 1998",England,Udinese,"17,308",2027,,,,,,,,,,,,,,,,,,,,,,,,,,,,,,,,,,,,,,,
Antonio Tikvić,DF,,Left,195cm,(6-5),"April 21, 2004",Croatia,Udinese,,,,,,,,,,,,,,,,,,,,,,,,,,,,,,,,,,,,,,,,,
Daniele Padelli,GK,,Right,191cm,92kg,"October 25, 1985",Italy,Udinese,"7,115",2025,,,,,,,,,,,,,,,,,,,,,,,,,,,,,,,,,,,,,,,
James Abankwah,DF,,,182cm,78kg,"January 16, 2004",Republic,Udinese,,,,,,,,,,,,,,,,,,,,,,,,,,,,,,,,,,,,,,,,,
,,,,,,,,,,,,,,,,,,,,,,,,,,,,,,,,,,,,,,,,,,,,,,,,,
Stefano Turati,GK,,Right,188cm,81kg,"September 5, 2001",Italy,Frosinone,"16,346",2024,,,,,,,,,,,,,,,,,,,,-0.32,1.93,64.7,0.29,16.7,13.3,37.43,27.2,4.7,38.6,4.4,0.63,13.8,,,,,,,
Enzo Barrenechea,MF,,Right,186cm,81kg,"May 22, 2001",Argentina,Frosinone,"5,000",2024,0.0,0.02,0.59,0.04,0.05,0.07,1.43,62.3,85.3,4.8,0.33,0.29,0.4,0.84,2.24,0.92,1.5,2.02,1.58,,,,,,,,,,,,,,,,,,,,
Simone Romagnoli,DF,(CB),Right,193cm,84kg,"February 9, 1990",Italy,Frosinone,"17,885",2025,0.04,0.04,0.4,0.04,0.01,0.05,0.25,48.56,87.2,1.65,0.07,0.0,0.76,0.07,1.22,0.9,1.62,5.07,3.06,,,,,,,,,,,,,,,,,,,,
Marco Brescianini,MF,,,Born:,January,National Team: Italy,Frosinone,"€ 8,846 Weekly Expires June 2027. Via Capology.",,,0.14,0.07,1.15,0.05,0.04,0.11,1.53,32.51,78.6,2.73,1.77,0.91,1.72,3.49,1.2,0.43,1.01,1.63,0.86,,,,,,,,,,,,,,,,,,,,
Walid Cheddira,FW,,Right,186cm,78kg,"January 22, 1998",Morocco,Frosinone,"5,385",2024,0.26,0.33,2.2,0.05,0.07,0.4,1.47,16.16,67.5,0.89,1.05,0.42,3.57,4.93,0.52,0.21,0.21,0.47,1.57,,,,,,,,,,,,,,,,,,,,
,,,,,,,,,,,0.0,0.04,0.49,0.0,0.15,0.18,2.87,42.2,81.2,3.35,2.32,0.73,1.4,5.12,1.1,0.67,1.16,1.52,0.79,,,,,,,,,,,,,,,,,,,,
Ilario Monterisi,DF,,,Born:,December,Italy it,Frosinone,"€ 6,346 Weekly Expires June 2027. Via Capology.",,,0.12,0.07,0.31,0.12,0.02,0.09,0.87,61.81,80.5,2.93,0.25,0.31,0.75,1.12,1.43,0.5,1.37,3.73,2.55,,,,,,,,,,,,,,,,,,,,
Pol Lirola,DF-MF,"(FB,",Right,183cm,78kg,"August 13, 1997",Spain,Frosinone,"19,231",2024,0.16,0.09,0.55,0.08,0.08,0.17,1.88,46.37,75.3,4.15,1.57,0.39,0.86,3.99,1.8,1.25,0.78,2.66,0.86,,,,,,,,,,,,,,,,,,,,
Reinier,MF,,Right,185cm,74kg,"January 19, 2002",Brazil,Frosinone,"11,538",2024,0.23,0.1,1.13,0.23,0.15,0.25,2.85,33.51,80.5,3.23,1.28,0.98,2.78,3.91,1.95,0.9,1.65,0.53,0.83,,,,,,,,,,,,,,,,,,,,
Abdou Harroui,MF,"(CM-WM,",Right,182cm,78kg,"January 13, 1998",Netherlands,Frosinone,"14,808",2026,0.17,0.11,2.06,0.17,0.05,0.16,2.75,35.52,80.7,3.35,3.43,1.97,2.32,4.63,1.63,0.34,1.37,0.6,0.86,,,,,,,,,,,,,,,,,,,,
Emanuele Valeri,DF-MF,"(FB,",Left,180cm,78kg,"December 7, 1998",Italy,Frosinone,"7,115",2024,0.0,0.05,1.24,0.07,0.13,0.18,3.06,43.07,65.8,2.19,3.57,1.02,1.53,5.1,1.75,1.02,0.8,1.31,0.51,,,,,,,,,,,,,,,,,,,,
Kaio Jorge,FW,,Right,180cm,63kg,"January 24, 2002",Brazil,Frosinone,"29,615",2026,0.23,0.43,2.73,0.0,0.03,0.47,2.27,17.5,72.1,1.25,0.68,0.57,4.89,5.11,0.68,0.11,0.68,0.0,0.91,,,,,,,,,,,,,,,,,,,,
Jaime Báez,FW-MF,,Right,180cm,73kg,"April 25, 1995",Uruguay,Frosinone,"14,615",2024,0.18,0.09,1.62,0.0,0.09,0.18,2.89,36.07,70.0,5.23,2.16,0.9,2.53,7.03,0.72,0.72,0.9,0.18,0.72,,,,,,,,,,,,,,,,,,,,
Marvin Cuni,FW,,Right,188cm,79kg,"July 10, 2001",Albania,Frosinone,"5,000",2026,0.18,0.24,1.65,0.0,0.04,0.27,2.56,19.76,71.3,1.83,0.91,0.55,4.21,7.5,1.1,0.18,1.65,0.0,2.74,,,,,,,,,,,,,,,,,,,,
Luca Garritano,FW-MF,(AM-WM),Right,172cm,67kg,"February 11, 1994",Italy,Frosinone,"12,885",2024,0.0,0.13,2.23,0.0,0.06,0.19,2.78,40.82,66.8,4.27,1.11,0.0,2.23,4.27,1.86,0.74,2.41,1.48,0.56,,,,,,,,,,,,,,,,,,,,
Michele Cerofolini,GK,,Right,188cm,79kg,"January 4, 1999",Italy,Frosinone,"11,346",2026,,,,,,,,,,,,,,,,,,,,-0.15,1.0,73.1,0.19,0.0,25.0,38.38,37.3,6.13,40.1,4.6,0.38,12.8,,,,,,,
,,,,,,,,,,,,,,,,,,,,,,,,,,,,,,,,,,,,,,,,,,,,,,,,,
Giuseppe Caso,FW,,Right,172cm,64kg,"December 9, 1998",Italy,Frosinone,"3,846",2025,,,,,,,,,,,,,,,,,,,,,,,,,,,,,,,,,,,,,,,
Giorgi Kvernadze,FW,,,183cm,67kg,"February 7, 2003",Georgia,Frosinone,,,,,,,,,,,,,,,,,,,,,,,,,,,,,,,,,,,,,,,,,
Pierluigi Frattali,GK,,,185cm,74kg,"December 1, 1985",Italy,Frosinone,"5,385",2025,,,,,,,,,,,,,,,,,,,,,,,,,,,,,,,,,,,,,,,
Soufiane Bidaoui,FW-MF,,Right,176cm,64kg,"April 20, 1990",Morocco,Frosinone,"13,654",2024,,,,,,,,,,,,,,,,,,,,,,,,,,,,,,,,,,,,,,,
,,,,,,,,,,,,,,,,,,,,,,,,,,,,,,,,,,,,,,,,,,,,,,,,,
Andrea Pinamonti,FW,,Right,185cm,79kg,"May 19, 1999",Italy,Sassuolo,"85,385",2027,0.27,0.22,2.44,0.03,0.06,0.27,1.75,18.74,67.1,1.36,0.51,0.36,4.28,4.92,0.33,0.03,0.54,0.97,2.05,,,,,,,,,,,,,,,,,,,,
Andrea Consigli,GK,,Right,189cm,78kg,"January 27, 1987",Italy,Sassuolo,"35,577",2024,,,,,,,,,,,,,,,,,,,,-0.38,1.92,60.6,0.28,14.3,5.4,38.76,37.6,6.92,37.6,4.7,0.62,12.5,,,,,,,
Kristian Thorstvedt,MF,(AM-CM),Left,171cm,78kg,"March 13, 1999",Norway,Sassuolo,"14,808",2027,0.21,0.16,1.64,0.04,0.06,0.21,2.9,37.03,73.6,5.05,1.26,0.55,2.9,3.32,1.47,0.93,0.93,1.35,1.85,,,,,,,,,,,,,,,,,,,,
Matheus Henrique,MF,(DM),Right,175cm,71kg,"December 19, 1997",Brazil,Sassuolo,"10,962",2026,0.13,0.12,0.9,0.1,0.06,0.19,2.96,36.94,82.7,3.82,1.73,0.96,1.06,1.99,1.59,0.8,0.56,1.0,0.47,,,,,,,,,,,,,,,,,,,,
Daniel Boloca,MF,(CM),,Born:,December,Team: Romania ro,Sassuolo,"€ 21,346 Weekly Expires June 2024. Via Capology.",,,0.05,0.02,0.57,0.0,0.02,0.04,2.44,48.58,90.4,4.92,1.05,1.15,0.38,0.62,2.1,0.67,0.96,1.34,0.96,,,,,,,,,,,,,,,,,,,,
Nedim Bajrami,FW-MF,(AM),Right,179cm,68kg,"February 28, 1999",Albania,Sassuolo,"29,615",2024,0.12,0.16,2.26,0.12,0.16,0.32,3.94,33.03,73.3,3.82,3.42,1.45,2.96,6.55,1.04,0.29,0.46,0.52,0.12,,,,,,,,,,,,,,,,,,,,
Mattia Viti,DF,,Left,193cm,78kg,"January 24, 2002",Italy,Sassuolo,"11,346",2024,0.0,0.03,0.32,0.0,0.0,0.04,0.75,45.21,84.2,3.41,0.21,0.21,0.64,1.17,2.03,0.75,2.03,4.59,1.28,,,,,,,,,,,,,,,,,,,,
Uroš Račić,MF,(CM),Right,192cm,79kg,"March 17, 1998",Serbia,Sassuolo,"12,308",2026,0.12,0.1,1.96,0.12,0.04,0.13,1.83,43.65,82.4,4.4,0.61,0.73,0.49,1.1,0.98,0.86,1.96,2.57,1.1,,,,,,,,,,,,,,,,,,,,
Grégoire Defrel,FW-MF,,Left,179cm,77kg,"June 17, 1991",Martinique,Sassuolo,"30,192",2024,0.09,0.17,1.29,0.26,0.1,0.28,1.98,24.31,86.9,1.64,0.86,0.43,2.5,5.52,1.21,0.34,1.12,0.78,0.78,,,,,,,,,,,,,,,,,,,,
Cristian Volpato,MF,,Left,187cm,74kg,"November 15, 2003",Italy,Sassuolo,"25,000",2024,0.17,0.07,1.54,0.0,0.22,0.29,5.14,44.06,66.5,7.37,4.97,3.43,3.43,7.37,2.23,0.17,1.2,0.51,0.69,,,,,,,,,,,,,,,,,,,,
,,,,,,,,,,,,,,,,,,,,,,,,,,,,,,,,,,,,,,,,,,,,,,,,,
Alessio Cragno,GK,,Right,184cm,78kg,"June 28, 1994",Italy,Sassuolo,"35,577",2024,,,,,,,,,,,,,,,,,,,,,,,,,,,,,,,,,,,,,,,
Pedro Obiang,MF,(CM-DM),Right,185cm,74kg,"March 27, 1992",Equatorial,Sassuolo,"20,962",2025,,,,,,,,,,,,,,,,,,,,,,,,,,,,,,,,,,,,,,,
Samuele Mulattieri,FW,,,Born:,October,National Team: Italy,Sassuolo,"€ 15,962 Weekly Expires June 2028. Via Capology.",,,,,,,,,,,,,,,,,,,,,,,,,,,,,,,,,,,,,,,,,
Filippo Missori,DF,,Right,182cm,77kg,"March 24, 2004",Italy,Sassuolo,,,,,,,,,,,,,,,,,,,,,,,,,,,,,,,,,,,,,,,,,
Marash Kumbulla,DF,(CB),Right,191cm,86kg,"February 8, 2000",Albania,Sassuolo,"64,038",2024,,,,,,,,,,,,,,,,,,,,,,,,,,,,,,,,,,,,,,,
Gianluca Pegolo,GK,,Left,183cm,76kg,"March 25, 1981",Italy,Sassuolo,"17,885",2024,,,,,,,,,,,,,,,,,,,,,,,,,,,,,,,,,,,,,,,
Domagoj Bradarić,DF-MF,"(FB,",Left,178cm,73kg,"December 10, 1999",Croatia,Salernitana,"24,615",2026,0.0,0.02,0.52,0.12,0.05,0.07,1.87,50.91,76.9,2.48,1.84,0.74,0.7,3.61,1.07,0.95,0.77,1.96,0.77,,,,,,,,,,,,,,,,,,,,
Guillermo Ochoa,GK,,Right,183cm,78kg,"July 13, 1985",Mexico,Salernitana,"28,462",2025,,,,,,,,,,,,,,,,,,,,-0.27,2.0,67.6,0.27,0.0,7.4,36.63,48.0,8.78,43.7,3.2,0.52,12.8,,,,,,,
Lassana Coulibaly,FW-MF,(CM-DM),Right,183cm,77kg,"April 10, 1996",Mali,Salernitana,"9,808",2026,0.0,0.02,0.52,0.08,0.03,0.05,1.35,38.67,85.3,3.89,1.55,1.07,0.75,1.59,2.22,0.87,1.07,1.39,0.95,,,,,,,,,,,,,,,,,,,,
Loum Tchaouna,FW-MF,,Left,Born:,September,National Team: France,Salernitana,"€ 7,308 Weekly Expires June 2026. Via Capology.",,,0.16,0.11,1.64,0.16,0.06,0.17,2.29,33.98,64.2,2.4,3.22,0.6,3.05,6.38,0.82,0.22,0.98,0.76,0.93,,,,,,,,,,,,,,,,,,,,
Grigoris Kastanos,MF,(CM),Left,176cm,71kg,"January 30, 1998",Cyprus,Salernitana,"3,654",2026,0.21,0.18,2.06,0.21,0.14,0.32,3.55,43.69,72.2,4.94,1.75,1.03,1.85,4.43,1.75,0.46,0.93,0.41,1.44,,,,,,,,,,,,,,,,,,,,
Boulaye Dia,FW,,Right,180cm,74kg,"November 16, 1996",Senegal,Salernitana,"49,231",2026,0.4,0.25,1.98,0.0,0.04,0.29,1.92,19.66,81.9,1.53,1.53,1.19,2.6,4.35,0.34,0.28,0.62,0.57,0.51,,,,,,,,,,,,,,,,,,,,
Benoît Costil,GK,,Right,186cm,78kg,"July 3, 1987",France,Salernitana,"15,962",2024.0,,,,,,,,,,,,,,,,,,,,-0.3,2.17,61.3,0.32,0.0,8.3,35.83,46.8,8.0,51.8,0.5,1.58,19.1,,,,,,,
,,,,,,,,,,,0.11,0.23,2.04,0.11,0.05,0.28,1.39,13.18,68.3,0.75,0.96,1.29,4.39,5.79,0.21,0.11,0.11,0.86,2.14,,,,,,,,,,,,,,,,,,,,
Agustín Martegani,MF,,Left,Born:,May,Argentina ar,Salernitana,"€ 6,731 Weekly Expires June 2024. Via Capology.",,,0.12,0.07,1.85,0.0,0.06,0.14,2.34,36.57,83.5,3.45,1.72,1.48,1.11,2.71,1.6,0.49,0.49,0.86,0.74,,,,,,,,,,,,,,,,,,,,
Junior Sambia,DF-MF,,Right,181cm,68kg,"September 7, 1996",France,Salernitana,"36,923",2026.0,0.0,0.05,0.85,0.12,0.15,0.19,2.43,48.1,77.5,3.77,2.06,0.36,1.94,3.4,1.21,1.21,0.73,2.19,2.67,,,,,,,,,,,,,,,,,,,,
Shon Weissman,FW,,Right,174cm,73kg,"February 14, 1996",Israel,Salernitana,"5,385",2024.0,0.19,0.17,1.15,0.0,0.02,0.19,0.77,11.87,75.8,0.77,0.19,0.19,2.11,3.45,0.96,0.57,0.77,0.96,0.77,,,,,,,,,,,,,,,,,,,,
Iron Gomis,MF,(AM-CM),Right,182cm,78kg,"November 8, 1999",France,Salernitana,"5,385",2024.0,,,,,,,,,,,,,,,,,,,,,,,,,,,,,,,,,,,,,,,
Emanuel Vignato,FW-MF,,Right,175cm,68kg,"August 24, 2000",Italy,Salernitana,"14,231",2024.0,0.0,0.13,2.16,0.0,0.09,0.22,4.31,39.88,77.5,2.52,2.69,0.9,3.05,5.93,0.72,0.18,1.26,0.9,0.0,,,,,,,,,,,,,,,,,,,,
Vincenzo Fiorillo,GK,,Left,190cm,74kg,"January 13, 1990",Italy,Salernitana,"9,615",2025.0,,,,,,,,,,,,,,,,,,,,,,,,,,,,,,,,,,,,,,,
,,,,,,,,,,,,,,,,,,,,,,,,,,,,,,,,,,,,,,,,,,,,,,,,,
,,,,,,,,,,,,,,,,,,,,,,,,,,,,,,,,,,,,,,,,,,,,,,,,,
